stratum,source_listing_id,title,description,price_raw,area_raw,parsed_price,parsed_area,parsed_neighborhood,parsed_type,correct_price,correct_area,correct_neighborhood,correct_type,correct_building,verified_by,notes
random,banesa-55486,Banese me qira ne lagjen Rruga B 2+1,"Banesë me qira në lagjen rruga B,ne rrugen Brahim Ademi mbrapa Viva Freshit,te banesat e Standardit.Banesa eshte e mobiluar ne teresi.Leshohet per 12 muaj kontrat.Lift funksional.
Kati:
Sipërfaqe:90 m2
Çmimi i qirasë:350 plus depoziti
Renditja:
♦Sallon me kuzhinë
♦2Dhomë gjumi
♦Banjo
♦Ballkon
♦Korridor

Për më shumë informata mund të na beni like faqen tone ne facebook Smart Real Estate,
bit.ly/2htS4cY
,  ose mund të na kontaktoni në këtë numër telefoni
044 393 777
WhatsApp & Viber
+38344 393 77",350 EUR,90,350.00,90.0,,rent,,,,,,,
random,banesa-54877,Shtepi ne shitje ne lagjen Hajvalia,"
Shtepia ne shitje në lagjen Hajvalia dhe eshte ne gjendje perfekte.
Shtepia eshte me Flete Poseduese dhe perkthimi eshte i menjehershem.
Shitet e kompletuar me te gjitha mobiliet si ne foto
Shtepia se bashku me obor ka siperfaqe prej 5.20 ari.
Shtepia ka 220 metra katror te shfrytezueshme,- Parking garazh per 2 vetura bodrum per nxemjen me kalldaj dhe shfrytezim kuzhine per stinen e veres.
Kati:1
Sipërfaqe: 220  m2
Çmimi I shitjes:130.000 euro
Renditja:
♦Sallon me kuzhinë
♦2Dhomë gjumi
♦1Banjo
","130,000 EUR",220,130000.00,220.0,,sale,,,,,,,
random,banesa-31317,Super banese me qira ne lagjen e spitalit,"Leshohet banese me qira ne lagjen e spitalit afer restaurant "" Loriano. Gjendet ne katin e 5-te, me lift funksional, eshte komplet e mobiluar dhe moderne.

Siperfaqe: 115m2
Renditja:
Sallon me kuzhine * 3 dhoma gjumi * banjo * Wc * Ballkon * korridor
Çmimi: 390 €

Per me shume informata rreth kesaj banese mund te na shkruani linkun me id ose nje screenshot te shpalljes, apo nje kerkese tuajen per banesa tjera, ne kete numer telefoni:
045 190 019
WhatsApp & Viber
+383 45 190 019",390 EUR,115,390.00,115.0,Spitali,rent,,,,,,,
random,banesa-13155,Banese me qira ne Lagje te Muhaxhereve 2+1,"Leshoj banese me qira ne lagje te Muhaxhereve, banesa eshte e mobiluar ne teresi, 70m2
Banesa posedon:
- dy dhoma gjumi
- sallon dhe kuzhine
- banjo
- ballkon
- koridor
Qmimi 200 euro

Per me shume informata rreth kesaj banese dhe ofertave te tjera ju lutem na kontaktoni ne numrin
WhatsApp & Viber:
045 19 00 19",200 EUR,70,200.00,70.0,Muhaxhere,rent,,,,,,,
random,banesa-52660,Banese me qira te Rruga B,"

Leshohet gasonjerka me qira te Rruga B.
Banesa ka 35m2.


Çmimi 180 €.
bit.ly/3n3a6PU


Per me shume informata mund te na kontaktoni ne numrin
044 333 511
+383 44 333 511",180 EUR,35,180.00,35.0,Dardania,rent,,,,,,,
random,banesa-82014,Banesë me qira te rruga C,"Lëshohet me qira banesa te rruga C, rr.Shaqir Igrishta. Banesa është e re, e paperdorur dhe e gatshme për banim.
Mund të shfrytëzohet edhe për zyre. Ndodhet në katin e parë. Banesa ka hapësirë të mjatueshme parkimi.
Sipërfaqe:66m²
Çmimi: 400
Rënditja:
• Sallon dhe Kuzhinë
• 1 Dhomë gjumi
• Banjo
• Ballkon
• Koridor
Kodi: 3662
Për më shumë informata mund të na beni like faqen tone ne facebook
Smart Real Estate,
bit.ly/2htS4cY
, si dhe
www.instagram.com/realestatesmart/

apo per me shume oferta ap",400 EUR,66,400.00,66.0,Lakrishte,rent,,,,,,,
random,banesa-59643,Banese me qira ne lagjen Arberia,"Banesë me qira në lagjen Arberia, banesa eshte e mobiluar ne teresi moderne
Sipërfaqe:58
Çmimi i qirasë:290
Renditja:
♦Sallon me kuzhinë
♦Dhomë gjumi
♦Banjo
♦Ballkon
♦Korridor

Për më shumë informata mund të na beni like faqen tone ne facebook Smart Real Estate,
bit.ly/2htS4cY
, apo per me shume oferta apo banesa te lira:
www.merrmeqira.com/user/profile/smart

ose mund të na kontaktoni në këtë numër telefoni
044 393 777
WhatsApp & Viber
+38344 393 777
",290 EUR,58,290.00,58.0,Arbëria,rent,,,,,,,
random,banesa-61067,Banese me qira ne lagjen e Spitalit,"Leshohet banese me qira ne Lagje te spitalit ,Kati 1 afer shkolles pavarsia
Te Superviva 2
Banesa ka kete renditje:
- 2 dhoma gjumi
- Sallon
- Kuzhine
- Banjo
- Vc
- Ballkon
- Koridor
- Garazh
Qmimi 400€

bit.ly/3n3a6PU

Per me shume informata mund te na kontaktoni ne numrin
049 124 677
+383 49 124 677
044 333 511
+383 44 333 511",400 EUR,85,400.00,85.0,Spitali,rent,,,,,,,
random,banesa-47346,Banese me qira ne lagjen Bregu i Diellit,"Leshohet banese me qira ne Breg te Diellit,te Furra Qerimi 2,kati 6 pa lift
Banesa ka kete renditje:
- 2 dhoma gjumi
- sallon dhe kuzhine
- banjo
- ballkon
- koridor
Qmimi 180€
bit.ly/3n3a6PU


Per me shume informata mund te na kontaktoni ne numrin
044 333 511
+383 44 333 511





",180 EUR,75,180.00,75.0,Bregu i Diellit,rent,,,,,,,
random,banesa-63306,Banese me qira ne lagjen Ulpiana,"Banesë me qira në lagjen Ulpiana, banesa eshte e mobiluar ne teresi
Çmimi i qirasë:250
Renditja:
♦Sallon me kuzhinë
♦Dhomë gjumi
♦Banjo
♦Ballkon
♦Korridor

Për më shumë informata mund të na beni like faqen tone ne facebook Smart Real Estate,
bit.ly/2htS4cY
, apo per me shume oferta apo banesa te lira:
www.merrmeqira.com/user/profile/smart

ose mund të na kontaktoni në këtë numër telefoni
044 393 777
WhatsApp & Viber
+38344 393 777
",250 EUR,60,250.00,60.0,Ulpiana,rent,,,,,,,
random,banesa-78715,Banese me qira ne lagjen Mati 1,"Leshohet banese me qira ne lagjen Mati 1, kompleksi Evergreen, afer kopshtit Bardha. Banesa eshte komplet e mobiluar e re dhe e pershtatshme per banim.
Renditja:
Siperfaqe: 66m2
- Sallon
- Kuzhine
- Dhome gjumi
- Banjo
- Ballkon
- Koridor
Cmimi: 300 euro

bit.ly/3n3a6PU

Per me shume informata mund te na kontaktoni ne numrin
049 124 677 WhatsApp dhe Viber +383 49 124 677
044 333 511 WhatsApp dhe Viber +383 44 333 511
",300 EUR,66,300.00,66.0,Mati,rent,,,,,,,
random,banesa-45178,Shitet banesa ne lagjen Arberia_2+1,"Banesë ne shitje në lagjen Arberi, mrapa Mini Maxit, banesa perfundon ne vitin 2022,
Kati:4-te
Sipërfaqe:97.69m2
Çmimi I shitjes:75000€
Renditja:
♦Sallon me kuzhinë
♦2 Dhoma gjumi
♦2 Banjo
♦Ballkon
♦Korridor
♦WC

Për më shumë informata mund të na beni like faqen tone ne facebook Smart Real Estate,
bit.ly/2htS4cY
,  ose mund të na kontaktoni në këtë numër telefoni
044/393-777
WhatsApp & Viber
+383 44 393 777
",800 EUR,97,800.00,97.0,Arbëria,sale,,,,,,,
random,banesa-59997,Banese me qira ne Lagjen e  Spitalit 2+1,"Leshoj banes me qira ne lagjen e Spitalit ,ndertim i Ariani Company rruga afer Spitalit,afer restaurant castle rruga qe shkon kah pallati i drejtesiseshume prane qendres me kushte te mira banimi
Banesa posedon:

-Sallon Kuzhin
-2dhoma Gjumi njera e pamobiluar mobilohet sipas deshires se klientit
-Banjo
-Koridor dhe Ballkon
-Kati i 2 lift funksional

-Cmimi 300 plus depozita
Banesa leshohet me qera afat gjate

Për më shumë informata mund të na beni like faqen tone ne facebook Smart Real Estate,
b",300 EUR,75,300.00,75.0,Spitali,rent,,,,,,,
random,banesa-53716,Super oferte Banes ne shitje ne lagjen Mati 1 2+1,"Super Oferte Banesë ne shitje në lagjen Mati 1, ne lagjen prishtina e re afer restaurant CASTLE.Banesa eshte nderim iri dhe eshte e gateshme per banim.
Kati:3
Sipërfaqe:81 m2
Çmimi I shitjes:800 i diskutushem
Renditja:
♦Sallon me kuzhinë ndamas
♦2Dhomë gjumi
♦Banjo
♦Ballkon
♦Korridor
♦Depo
Për më shumë informata mund të na beni like faqen tone ne facebook Smart Real Estate,
bit.ly/2htS4cY
,  ose mund të na kontaktoni në këtë numër telefoni
044 393 777
WhatsApp & Viber
+38344 393 777
",800 EUR,81,800.00,81.0,Mati,sale,,,,,,,
random,banesa-52035,Leshohet banesa me qira ne Dardani,"Leshohet banesa me qira ne Dardani ngjite me posten e madhe.
Banesa ka kete renditje:
- 2 dhoma gjumi
- sallon dhe kuzhine
- banjo
- 2 ballkona
- depo
sistemin e nexemjes me tremokos.
kati 11, lifti punon 24 h.
Qmimi 250€
bit.ly/3n3a6PU


Per me shume informata mund te na kontaktoni ne numrin
044 333 511
+383 44 333 511",220 EUR,70,220.00,70.0,Dardania,rent,,,,,,,
random,banesa-59548,Banese me qira ne lagjen Ulpiana,"Leshohet banese ,garsonjer, me qira ne Ulpian,Kati 2
Banesa ka kete renditje:
-  dhoma gjumi
-  kuzhine
- banjo
- koridor
Qmimi 200€

bit.ly/3n3a6PU

Per me shume informata mund te na kontaktoni ne numrin
044 333 511
+383 44 333 511
049 124 677
+383 49 124 677",200 EUR,40,200.00,40.0,Ulpiana,rent,,,,,,,
random,banesa-73853,Banesë me qira në Ulpianë,"Lëshohet me qira banesa gasoniere në Ulpianë.Banesa është e mobiluar dhe e përshtatshme per banim.

Ndodhet ndodhet afër Menzës së Studentëve.

Sipërfaqja: 40m²
Çmimi: 220

Renditja:
•	Sallon
•	Kuzhinë
•	Banjo

Kodi: 2998

Për më shumë informata mund të na beni like faqen tone ne facebook
Smart Real Estate,
bit.ly/2htS4cY
, si dhe
www.instagram.com/realestatesmart/

apo per me shume oferta apo banesa te lira:
www.merrmeqira.com/user/profile/smart

gjirafa.com/…

esa&amp;llshp=Qira
ose mund të na",220 EUR,40,220.00,40.0,Ulpiana,rent,,,,,,,
random,banesa-76343,Banese me qira ne lagjen Bregu i diellit,"Leshohet banese me qira ne lagjen Bregu i diellit, te banesat e bardha afer pompes Alp Petroll. Banesa eshte e mobiluar shume komode per banim.
Renditja:
- Sallon
- Kuzhine
- Dhome gjumi
- Banjo
- Ballkon
- Koridor
Cmimi: 250 euro

bit.ly/3n3a6PU

Per me shume informata mund te na kontaktoni ne numrin
049 124 677 WhatsApp dhe Viber +383 49 124 677
044 333 511 WhatsApp dhe Viber +383 44 333 511

",250 EUR,64,250.00,64.0,Bregu i Diellit,rent,,,,,,,
random,banesa-91768,Leshoj Banese me qira,Leshoj banese me qira ne prishtine ne bregun e diellit.Banesa ka 2 dhoma ka banjo korridor si dhe ka ballkon.Banesa eshte e mobiluar dhe e gatshme per banim.Qmimi eshte 250 euro dhe perfshihen te gjitha shpenzimet..,250 EUR,50,250.00,50.0,,rent,,,,,,,
random,banesa-81141,Banesë me qira te Lagjia e Muhaxherëve,"Lëshohet me qira banesa te Lagjia e Muhaxhereve, te Parku i Qytetit. Banesa është e mobiluar, e gatshme dhe e përshtatshme për banim.
Sipërfaqe: 90m²
Çmimi: 300
Rënditja
• Sallon dhe Kuzhinë
• 2 Dhoma gjumi
• Banjo
• Koridor
• Ballkon
Kodi: 3569
Për më shumë informata mund të na beni like faqen tone ne facebook
Smart Real Estate,
bit.ly/2htS4cY
, si dhe
www.instagram.com/realestatesmart/

apo per me shume oferta apo banesa te lira:
www.merrmeqira.com/user/profile/smart

gjirafa.com/…

esa&amp;ll",300 EUR,90,300.00,90.0,,rent,,,,,,,
random,banesa-78902,Banese me qira ne lagjen Bregu i diellit,"Leshohet banese me qira ne lagjen Bregu i diellit te banesat e bardha, afer Xhamise. Banesa eshte komplet e mobiluar gjendet ne katin e 3-te, me siperfaqe prej 60m2.
Banesa ka kete renditje:
- Sallon
- Kuzhine
- Dhome gjumi
- Banjo
- Ballkon
- Koridor
Cmimi: 250 euro

bit.ly/3n3a6PU

Per me shume informata mund te na kontaktoni ne numrin
049 124 677 WhatsApp dhe Viber +383 49 124 677
044 333 511 WhatsApp dhe Viber +383 44 333 511",250 EUR,60,250.00,60.0,Bregu i Diellit,rent,,,,,,,
random,banesa-68385,Banesë me qira te rruga B,"Lëshohet me qira banesa te rruga B, mbrapa Royal Mall: Banesa është e mobiluar dhe shumë e përshtatshme për banim.

Banesa ka të gjitha pajisjet e nevojshme dhe është e re.

Çmimi: 330

Rënditja
• Sallon dhe kuzhinë
• Dhomë gjumi
• Banjo
• Ballkon

Për më shumë informata mund të kontaktoni ne nurmin 04590019",330 EUR,65,330.00,65.0,Dardania,rent,,,,,,,
random,banesa-78272,Banese me qira ne Lagjen Mati 1,"Leshohet banese me qira ne lagjen Mati 1, rruga Ndue Perlleshi komplet e mobiluar, gjendet ne katin e 3-te me lift funksional.
Banesa ka kete renditje:
- Sallon
- Kuzhine
- 2 Dhoma gjumi
- Banjo
- Ballkon
- Koridor
Cmimi: 350 euro",350 EUR,80,350.00,80.0,Mati,rent,,,,,,,
random,banesa-69794,Banesë me qira te 4 Llullat,"Lëshohet me qira banesa te 4 Llullat, afër teatrit Dodona. Banesa është e mobiluar dhe e gatshme për banim.

Banesa ndodhet në katin e parë.

Sipërfaqja: 30m²
Çmimi: 200

Rënditja
• Sallon
• Kuzhinë
• Banjo
• Ballkon
Kodi: 2778

Për më shumë informata mund të na beni like faqen tone ne facebook
Smart Real Estate,
bit.ly/2htS4cY
, si dhe
www.instagram.com/realestatesmart/

apo per me shume oferta apo banesa te lira:
www.merrmeqira.com/user/profile/smart

gjirafa.com/…

esa&amp;llshp=Qira
ose mund",200 EUR,30,200.00,30.0,Llullat,rent,,,,,,,
random,banesa-60139,Banese me qira ne lagjen Arberia 1+1,"Banesë me qira në lagjen Arberia afer komunes se re,banesa eshte e mobiluar ne tersi.
Kati:3
Sipërfaqe:60 m2
Çmimi i qirasë:270
Renditja:
♦Sallon me kuzhinë
♦Dhomë gjumi
♦Banjo
♦Ballkon
♦Korridor

Për më shumë informata mund të na beni like faqen tone ne facebook Smart Real Estate,
bit.ly/2htS4cY
, ose mund të na kontaktoni në këtë numër telefoni
046 166 499
WhatsApp & Viber
+383 46 166 499",270 EUR,60,270.00,60.0,Arbëria,rent,,,,,,,
random,banesa-59878,SHITET SUPER BANESA AFER RRUGES B& C!,"SHITET  BANESA  AFER RRUGES B DHE C TE ALKO GROUP
Lagjia ""MATI 1""
87.8m2 kati 3
Banesa eshte komplet e mobiluar
Banesa eshte e leshuar me qira ne vlere 300euro
Banesa ka kete renditje:
- 2 dhoma gjumi
- sallon dhe kuzhine
- banjo
- WC
- ballkon
- koridor
- Depo
- Garazha
Qmimi 93000 euro!
bit.ly/3n3a6PU


Per me shume informata mund te na kontaktoni ne numrin
049 124 677
+383 49 124 677
","93,000 EUR",88,93000.00,88.0,,sale,,,,,,,
random,banesa-79336,Banesë me qira në Arbëri,"Lëshohet me qira banesa në Arbëri, te Kompleksi tregtia, përball Komunës. Banesa është e mobiluar në tërësi dhe është e përshtatshme për banim.
Ka të gjitha pajisjet e nevojshme. Sistemin e ngrohjes e ka me Termokos.
Çmimi: 350
Rënditja
•	Sallon dhe Kuzhinë
•	2 Dhoma gjumi
•	Banjo
•	Koridor
•	Ballkon

Kodi: 3303

Për më shumë informata mund të na beni like faqen tone ne facebook
Smart Real Estate,
bit.ly/2htS4cY
, si dhe
www.instagram.com/realestatesmart/

apo per me shume oferta apo banesa te l",350 EUR,1,350.00,,Arbëria,rent,,,,,,,
random,banesa-62955,Banese me qira te Parku i Qytetit,"Banesë me qira te Parku i Qytetit, banesa eshte e mobiluar ne teresi
Kati:6
Sipërfaqe:65
Çmimi i qirasë:250
Renditja:
♦Sallon me kuzhinë
♦Dhomë gjumi
♦Banjo
♦Ballkon
♦Korridor

Për më shumë informata mund të na beni like faqen tone ne facebook Smart Real Estate,
bit.ly/2htS4cY
, apo per me shume oferta apo banesa te lira:
www.merrmeqira.com/user/profile/smart

ose mund të na kontaktoni në këtë numër telefoni
044 393 777
WhatsApp & Viber
+38344 393 777
",250 EUR,65,250.00,65.0,Parku i Qytetit,rent,,,,,,,
random,banesa-8653,Banes ne shitje ne Lagje te Spitalit- te Royali,"Shitet banesa ne Lagje te Spitalit, objekti i Royalit, banesa eshte e mobiluar , gjendet ne katin e 7-te, lift funksional, ka nxemje qendrore, 55m2
Banesa posedon:
- dhome gjumi
- sallon dhe kuzhine
- banjo
- ballkon
- koridor
Qmimi 450 000 euro

Per me shume informata ju lutem na kontaktoni ne numrin
WhatsApp & Viber:
045 190 019","45,000 EUR",55,45000.00,55.0,,sale,,,,,,,
random,banesa-75103,Banesë me qira te Qafa,"Leshohet me qira banesa te Qafa. E mobiluar dhe e pershtatshme per banim.
Ndodhet ne katin e 4.
Çmimi: 280
Renditja:
•	Sallon dhe Kuzhinë
•	Dhomë gjumi
•	Banjo
•	Koridor

Kodi: 3024

Për më shumë informata mund të na beni like faqen tone ne facebook
Smart Real Estate,
bit.ly/2htS4cY
, si dhe
www.instagram.com/realestatesmart/

apo per me shume oferta apo banesa te lira:
www.merrmeqira.com/user/profile/smart

gjirafa.com/…

esa&amp;llshp=Qira
ose mund të na kontaktoni në këtë numër telefoni
044 3",280 EUR,0,280.00,,Qafa,rent,,,,,,,
random,banesa-47114,Banese me qira ne lagjen Ulpiana,"Leshohet banese me qira ne Ulpian më saktësisht afër ish Ben-Afit të vjetër.
Banesa ështē komplet e mobiluar me të gjitha pajisjet funksionale dhe të shfrytëzueshme
Banesa ka kete renditje:
-  dhoma gjumi
- sallon dhe kuzhine
- banjo
- ballkon
- koridor
Qmimi 220€
bit.ly/3n3a6PU

Per me shume informata mund te na kontaktoni ne numrin
044 333 511
+383 44 333 511",220 EUR,45,220.00,45.0,Ulpiana,rent,,,,,,,
random,banesa-60508,Banese me qira ne lagjen Dardania 2+1,"Banesë me qira në lagjen  Dardania, banesa eshte e mobiluar ne teresi
Sipërfaqe:80
Çmimi i qirasë:450
Renditja:
♦Sallon me kuzhinë
♦2 Dhomë gjumi
♦Banjo
♦Ballkon
♦Korridor

Për më shumë informata mund të na beni like faqen tone ne facebook Smart Real Estate,
bit.ly/2htS4cY
, apo per me shume oferta apo banesa te lira:
www.merrmeqira.com/user/profile/smart

ose mund të na kontaktoni në këtë numër telefoni
044 393 777
WhatsApp & Viber
+38344 393 777
",450 EUR,80,450.00,80.0,Dardania,rent,,,,,,,
random,banesa-78710,Banese me qira ne lagjen Dardania,"Lëshohet banesa me qera ne Dardani te Posta e Madhe,në një vend shumë të përshtatshëm ku i ka afër të gjitha gjërat për një jetese sa më të mirë.
Banesa është me termokos,gjendet në katin e 6 me lift dhe ka këtë rënditje:
* Sallon
* Dhome gjumi
* Kuzhine
* Banjo
* Ballkon
Qmimi: 350 euro

bit.ly/3n3a6PU

Per me shume informata mund te na kontaktoni ne numrin
049 124 677 WhatsApp dhe Viber +383 49 124 677
044 333 511 WhatsApp dhe Viber +383 44 333 511
",350 EUR,60,350.00,60.0,Dardania,rent,,,,,,,
random,banesa-65504,Banesë me qira te parku i Qytetit,"Banesë me qira te Parku i Qytetit, banesa eshte e mobiluar ne teresi,
Kati:4
Çmimi i qirasë:270
Renditja:
♦Sallon me kuzhinë
♦2 Dhomë gjumi
♦Banjo
♦Ballkon
♦Korridor

Për më shumë informata mund të na beni like faqen tone ne facebook Smart Real Estate,
bit.ly/2htS4cY
, ose mund të na kontaktoni në këtë numër telefoni
044/393-777
WhatsApp & Viber
+383 44 393 777",270 EUR,75,270.00,75.0,Parku i Qytetit,rent,,,,,,,
random,banesa-31267,Banes me qira ne lagjen Arberia tek Vip Tregtia,"Leshohet banese me qira ne lagjen Arberia, tek Vip Tregtia. Eshte e mobiluar me te gjitha pajisjet, gjendet ne katin e 2-te, pamje nga qyteti.

Siperfaqe: 65m2
Renditja:
Sallon me kuzhine * dhome gjumi * banjo * ballkon * korridor
Çmimi: 300 €

Per me shume informata rreth kesaj banese mund te na shkruani linkun me id ose nje screenshot te shpalljes, apo nje kerkese tuajen per banesa tjera, ne kete numer telefoni:
044 393 777
WhatsApp & Viber
+383 44 393 777",300 EUR,65,300.00,65.0,,rent,,,,,,,
random,banesa-60862,Banese me qira ne lagje te Spitalit_2+1,"Banesë me qira në lagjen e Spitalit, banesa eshte e re e mbiluar ne teresi
Kati:10
Sipërfaqe: 96
Çmimi i qirasë:
Renditja:
♦Sallon me kuzhinë
♦2 Dhomë gjumi
♦Banjo
♦Ballkon
♦Korridor
♦ Depo
♦ Garazh

Për më shumë informata mund të na beni like faqen tone ne facebook Smart Real Estate,
bit.ly/2htS4cY
, apo per me shume oferta apo banesa te lira:
www.merrmeqira.com/user/profile/smart

ose mund të na kontaktoni në këtë numër telefoni
044 393 777
WhatsApp & Viber
+383 44 393 777

",400 EUR,96,400.00,96.0,Spitali,rent,,,,,,,
random,banesa-44196,Banese me qira ne lagjen Arberia_2+1,"Banesë me qira në lagjen Arberia, rr.Vicianum, banesa eshte komplet e mobiluar
Sipërfaqe:70m2
Çmimi I qirasë:300€
Renditja:
♦Sallon me kuzhinë
♦2 Dhomë gjumi
♦Banjo
♦Ballkon
♦Korridor

Për më shumë informata mund të na beni like faqen tone ne facebook Smart Real Estate,
bit.ly/2htS4cY
,  ose mund të na kontaktoni në këtë numër telefoni
044/393-777
WhatsApp & Viber
+383 44 393 777
",300 EUR,70,300.00,70.0,Arbëria,rent,,,,,,,
random,banesa-91136,Banese me qira ne Qender,"Ofrohet për qira Banesë 65m² ne qender.
Banesa gjendet  mbrapa Hotel Sirius afer Parkut te qytetit
Banesa posedon:
• 1 🛋  Sallon Kuzhinë & Tryezari
• 1 🛏  Dhome të fjetjes
• 1 🛁   Banjo
•  Ballkon
•  Hapësirë e mjaftueshme për 🅿️
Kati i 4-të
Çmimi: 280€ muaji + Avansi
bit.ly/3n3a6PU

Per me shume informata mund te na kontaktoni ne numrin
049 124 677
+383 49 124 677",280 EUR,65,280.00,65.0,Qendra,rent,,,,,,,
random,banesa-84166,Banese me qira ne Lagje te Spitalit,"Leshohet banese me qira ne lagjen e Spitalit, e mobiluar në tërësi me te gjitha paisjet funksionale modern, banesa ka ngrohje qendrore me Termokos
Banesa ndodhet ne katin e 1-re
Sipërfaqe: 65m2
Rënditja
• Sallon dhe Kuzhinë
• Dhome gjumi
• Banjo
• Ballkon
• Koridor
Kodi: 3809
Për më shumë informata mund të na beni like faqen tone ne facebook
Smart Real Estate,
bit.ly/2htS4cY
, si dhe
www.instagram.com/realestatesmart/

apo per me shume oferta apo banesa te lira:
www.merrmeqira.com/user/profile/s",350 EUR,65,350.00,65.0,Spitali,rent,,,,,,,
random,banesa-81924,Banesë me qira në Tophane,"Lëshohet me qira banesa/gasoniere në Tophane, shumë afër Qendrës. Banesa është e mobiluar e gatshme dhe e përshtatshme për banim.
Banesa ka të gjitha pajisjet e nevojshme funksionale.
Sipërfaqe: 32m²
Çmimi: 180
Rënditja
• Sallon
• Kuzhinë
• Banjo
Kodi: 3656
Për më shumë informata mund të na beni like faqen tone ne facebook
Smart Real Estate,
bit.ly/2htS4cY
, si dhe
www.instagram.com/realestatesmart/

apo per me shume oferta apo banesa te lira:
www.merrmeqira.com/user/profile/smart

gjirafa.com/…",180 EUR,32,180.00,32.0,Tophane,rent,,,,,,,
random,banesa-74275,Banese me qira ne Lagjen e Muhaxherve,"Leshohet banese me qira ne Lagje te Muhaxherve perballe hotel Afa. Ka pamje nga qyteti, hapesire prej 110m2 e ben sume te pershtatshme per banim.
Banesa ka kete renditje:
- Sallon
- Kuzhine
- 3 Dhoma gjumi
- Banjo
- Ballkon
- Koridor
Cmimi: 500 euro

bit.ly/3n3a6PU

Per me shume informata mund te na kontaktoni ne numrin
049 124 677 WhatsApp dhe Viber +383 49 124 677
044 333 511 WhatsApp dhe Viber +383 44 333 511",500 EUR,100,500.00,100.0,Muhaxhere,rent,,,,,,,
random,banesa-77511,Banese me qira ne Lagje te Spitalit,"Leshohet banese me qira ne Lagje te Spitalit, rruga Vellezerit Asllani, Afer Qkuk. Banesa eshte e mobiluar komplet.
Renditja:
- Sallon
- Kuzhine
- Dhome gjumi
- Banjo
- Ballkon
- Koridor
- Garazhe
Cmimi: 300 euro me garazhe

bit.ly/3n3a6PU

Per me shume informata mund te na kontaktoni ne numrin
049 124 677 WhatsApp dhe Viber +383 49 124 677
044 333 511 WhatsApp dhe Viber +383 44 333 511",300 EUR,60,300.00,60.0,Spitali,rent,,,,,,,
random,banesa-79389,Banese me qira ne lagjen Bregu i diellit,"Leshohet banese me qira ne lagjen Bregu i diellit ne katin e 3-te, objekti 6, Pozicioni i banesës është afër Royall Mallit, ka afër shkollën ''ILIRIA''', transportin publik , hapësirë të mjaftueshme për fëmij (fushen e futbollit, basketit dhe kendin e lojerave).
Banesa ka kete renditje:
- Sallon
- Kuzhine
- Dhome gjumi
- Banjo
- Ballkon
- Koridor
Cmimi: 300 euro

bit.ly/3n3a6PU

Per me shume informata mund te na kontaktoni ne numrin
049 124 677 WhatsApp dhe Viber +383 49 124 677
044 333 511 What",300 EUR,64,300.00,64.0,Bregu i Diellit,rent,,,,,,,
random,banesa-8475,Banes me qira ne Ulpiane,"Leshoj banes me qira ne Ulpiane, banesa eshte mobiluar ne teresi, gjendet Mbrapa Hotel Bacit, kati i 3-t, 65m2
Banesa posedon:
- sallon dhe kuzhine
- dhome gjumi
- banjo
- ballkon
- koridor
Qmimi 250 euro

Per me shume informata ju lutem na kontaktoni ne numrin:
045 190 019
WhatsApp & Viber:
+383 45 190 019",250 EUR,65,250.00,65.0,Ulpiana,rent,,,,,,,
random,banesa-53048,Banese me qira ne lagjen e Spitalit,"Leshohet gasonjere me qira ne Lagjen e Spitalit, afer Frutaria dhe hamburger AB

Bbanesa ka kete renditje:
- dhom gjumi
- sallon dhe kuzhine
- banjo


Qmimi 220€ + uji + mbeturina

bit.ly/3n3a6PU

Per me shume informata mund te na kontaktoni ne numrin
044 333 511
+383 44 333 511
049 124 677
+383 49 124 677
",220 EUR,0,220.00,,Spitali,rent,,,,,,,
random,banesa-34349,Banese ne shitje ne lagjen Arberia,"Shitet banesa ne lagjen Arberia, afer komunes se re perballe Meridianit, kompleksi "" Tregtia. Banesa eshte e mobiluar, e gatshme per banim, gjendet ne katin e 2-te, ka siperfaqe prej 67.5m2

Renditja:
Sallon me kuzhine, dhome gjumi, banjo, ballkon, korridor
Qmimi: 75 000 €

Per me shume informata mund te na kontaktoni ne kete numer telefoni:
044 393 777
WhatsApp & Viber
+383 44 393 777","75,000 EUR",67,75000.00,67.0,Arbëria,sale,,,,,,,
random,banesa-75781,Banese ( Penthouse ) me qira ne Lagje te Spitalit,"Leshohet banese ( Penthouse )  me qira ne Lagje te Spitalit, rruga Muharrem Fejza, ne kompleksin Art Construction. Banesa eshte komplet e kombiluar e gatshme per banim.
Kati i 9-te, me ashensor funksional
Ngrohje me termokos,
Renditja:
- Sallon
- Kuzhine
- 2 Dhoma gjumi
- Banjo
- Ballkon
- Koridor
Cmimi: 350 euro

bit.ly/3n3a6PU

Per me shume informata mund te na kontaktoni ne numrin
049 124 677 WhatsApp dhe Viber +383 49 124 677
044 333 511 WhatsApp dhe Viber +383 44 333 511",350 EUR,90,350.00,90.0,Spitali,rent,,,,,,,
random,banesa-81318,Banesë me qira te rruga B,"Lëshohet me qira banesa te rruga B. Banesa është e mobiluar në tërësi, e gatshme dhe e përshtatshme për banim.
Banesa ka të gjitha pajisjet e nevojshme funksionale. Sistemin e ngrohjes e ka me Termokos. Ka hapësirë të mjaftueshme për parkim.
Banesa lirohet nga data 1 shkurt.
Sipërfaqe: 57m²
Çmimi: 300
Rënditja
• Sallon dhe Kuzhinë
• Dhomë gjumi
• Banjo
• Ballkon
• Koridor
Kodi: 3599
Për më shumë informata mund të na beni like faqen tone ne facebook
Smart Real Estate,
bit.ly/2htS4cY
, si dhe
www.",300 EUR,57,300.00,57.0,Dardania,rent,,,,,,,
random,banesa-49275,Banese me qira ne lagjen e Spitalit,"Leshohet banese me qira ne Lagje te Spitalit, gjendet ne katin e 3-te, eshte komplet e mobiluar, 75m2
Banesa posedon:
- dy dhoma gjumi
- sallon dhe kuzhine
- banjo
- ballkon
- koridor
Qmimi 300euro
Per me shume informata mund te na kontaktoni ne numrin
044 333 511
+383 44 333 511",300 EUR,85,300.00,85.0,Spitali,rent,,,,,,,
random,banesa-61207,Banese me qira ne lagjen e Spitalit,"Leshohet banese me qira ne Lagje te Spitalit ,Kati 3 afer Rruges B
Banesa eshte me Termokos,e mobiluar komplet dhe ne nje objekt me siguri te lart
Banesa ka kete renditje:
- Sallon
- Kuzhine
- 2 dhoma gjumi
- Banjo
- Vc
- Ballkon
- Koridor
Qmimi 360€

bit.ly/3n3a6PU

Per me shume informata mund te na kontaktoni ne numrin
049 124 677
+383 49 124 677
044 333 511
+383 44 333 511",360 EUR,85,360.00,85.0,Spitali,rent,,,,,,,
random,banesa-52117,Banese me qira ne lagjen Arberi 2+1,"Banesë me qira në lagjen Arberia.Banesa eshte e mobiluar ne tersi.Lift funksional.

Sipërfaqe:86 m2
Çmimi i qirasë:400 me garazh
Renditja:
♦Sallon me kuzhinë
♦2Dhomë gjumi
♦Banjo
♦Ballkon
♦Korridor

Për më shumë informata mund të na beni like faqen tone ne facebook Smart Real Estate,
bit.ly/2htS4cY
,  ose mund të na kontaktoni në këtë numër telefoni
044 393 777
WhatsApp & Viber
+38344 393 777

",400 EUR,86,400.00,86.0,Arbëria,rent,,,,,,,
random,banesa-80247,Banesë me qira te Bregu i Diellit,"Lëshohet me qira banesa te Bregu i Diellit, Banesa është e pamobiluar, e re dhe e gatshme për banim.
Banesa ndodhet në katin e parë.
Kuzhina mobilohet nga pronari.
Çmimi: 300
Rënditja
•	Sallon dhe Kuzhinë
•	Dhomë gjumi
•	Banjo
•	Koridor
•	Ballkon

Kodi: 3465

Për më shumë informata mund të na beni like faqen tone ne facebook
Smart Real Estate,
bit.ly/2htS4cY
, si dhe
www.instagram.com/realestatesmart/

apo per me shume oferta apo banesa te lira:
www.merrmeqira.com/user/profile/smart

gjirafa.com",300 EUR,1,300.00,,Bregu i Diellit,rent,,,,,,,
random,banesa-55487,Banese me qira ne lagjen Aktash1+1,"Banesë me qira në lagjen Aktash, perball salles 1 Tetori me pamje nga lindja - perendimi.Banesa eshte e mobiluar ne teresi.Banesa ka nxemje qendrore me rrymë,është me izolim të mirë, dhe e qetë për banim. Banesa ipet vetem per ciftë bashkëshortor.Eshte e lire prej 1 Korriku.
Kati:3
Sipërfaqe:62 m2
Çmimi i qirasë:270
Renditja:
♦Sallon me kuzhinë
♦Dhomë gjumi
♦Banjo
♦Ballkon
♦Korridor
Për më shumë informata mund të na beni like faqen tone ne facebook Smart Real Estate,
bit.ly/2htS4cY
,  ose mund t",270 EUR,62,270.00,62.0,Aktash,rent,,,,,,,
random,banesa-57136,Banese me qira ne lagjen Arberia 1+1,"Banesë me qira në lagjen Arberia,ne rrugen Vicianum,afer Meridianit dhe Viva Fresh Store
Banesa eshte e mobiluar ne teresi me te gjitha elementet
Kati:4 me lift funksional
Sipërfaqe:70m2
Çmimi i qirasë:350plus depozita e obliguar
Renditja:
♦Sallon me kuzhinë
♦Dhomë gjumi
♦Banjo dhe shpajz
♦Ballkon
♦Korridor
Për më shumë informata mund të na beni like faqen tone ne facebook Smart Real Estate,
bit.ly/2htS4cY
,  ose mund të na kontaktoni në këtë numër telefoni
044 393 777
WhatsApp & Viber
+38344 39",350 EUR,70,350.00,70.0,Arbëria,rent,,,,,,,
random,banesa-56777,Banese me qira ne lagjen Bregu i Diellit 2+1,"Banesë me qira në lagjen Bregu i Diellit, mbi Qerimi 2, afer permendores Rugoves.Banesa eshte e mobiluar ne teresi.
Kati:2
Sipërfaqe:70 m2
Çmimi i qirasë:300
Renditja:
♦Sallon me kuzhinë
♦2Dhomë gjumi
♦Banjo
♦Ballkon
♦Korridor

Për më shumë informata mund të na beni like faqen tone ne facebook Smart Real Estate,
bit.ly/2htS4cY
,  ose mund të na kontaktoni në këtë numër telefoni
044 393 777
WhatsApp & Viber
+38344 393 777
",300 EUR,70,300.00,70.0,Bregu i Diellit,rent,,,,,,,
random,banesa-81024,Banesë në SHITJE në Veternik,"SHITET banesa në Veternik, afër Hotel International Prishtina. Banesa është e re, e gatshme dhe e përshtatshme për banim.
Sipërfaqe: 76m²
Çmimi: 92000
Rënditja
•	Sallon dhe Kuzhinë
•	2 Dhoma gjumi
•	Banjo
•	Koridor
•	Ballkon

Kodi: 3555

Për më shumë informata mund të na beni like faqen tone ne facebook
Smart Real Estate,
bit.ly/2htS4cY
, si dhe
www.instagram.com/realestatesmart/

apo per me shume oferta apo banesa te lira:
www.merrmeqira.com/user/profile/smart

gjirafa.com/…

esa&amp;llshp=Qira","92,000 EUR",76,92000.00,76.0,,sale,,,,,,,
random,banesa-62013,Leshohet banesa me qira ne Dardani,"Leshohet banese me qira ne Dardani mbi kurriz banesat e gjelberta
Banesa eshte 55m2 kati 5
Banesa ka kete renditje:
- 1 dhoma gjumi
- Sallon
- Kuzhine
- Banjo
- Ballkon
- Koridor
Qmimi 200€ i negociushem
bit.ly/3n3a6PU

Per me shume informata mund te na kontaktoni ne numrin
049 124 677
+383 49 124 677
044 333 511
+383 44 333 511",200 EUR,55,200.00,55.0,Dardania,rent,,,,,,,
random,banesa-46936,Banese me Qira Ne Qender,"Leshohet banese me qira ne Qender,Te Rektoarati afer LC waikiki,Kati 4
Banesa ka kete renditje:
-  dhoma gjumi
- sallon dhe kuzhine
- banjo
- ballkon
- koridor
Qmimi 300€
bit.ly/3n3a6PU


Per me shume informata mund te na kontaktoni ne numrin
044 333 511
+383 44 333 511





",300 EUR,65,300.00,65.0,Qendra,rent,,,,,,,
random,banesa-79007,Banesë me qira në Arbëri,"Banesë me qira në lagjen Arberia,ne rrugen Vicianum,afer Meridianit dhe Viva Fresh Store kompleksi Tregtia
Banesa eshte e mobiluar ne teresi e pabanuar me pare me qeraxhi me te gjitha elementet
Kati:2
Sipërfaqe:58m2
Çmimi i qirasë:300 plus depozita e obliguar
Renditja:
♦Sallon me kuzhinë
♦1 Dhomë gjumi
♦Banjo dhe shpajz
♦Ballkon
♦Korridor

Kodi: 3265
Për më shumë informata mund të na beni like faqen tone ne facebook Smart Real Estate,
bit.ly/2htS4cY
, ose mund të na kontaktoni në këtë numër tele",300 EUR,58,300.00,58.0,Arbëria,rent,,,,,,,
random,banesa-61950,Banese me qira ne Lagjen e Spitalit,"Banesë me qira në lagjen e Spitalit, rr.Muharrem Fejza, banesa eshte e mobiluar ne teresi
Kati:5
Sipërfaqe:70
Çmimi i qirasë:350
Renditja:
♦Sallon me kuzhinë
♦Dhomë gjumi
♦Banjo
♦Ballkon
♦Korridor

Për më shumë informata mund të na beni like faqen tone ne facebook Smart Real Estate,
bit.ly/2htS4cY
, apo per me shume oferta apo banesa te lira:
www.merrmeqira.com/user/profile/smart

ose mund të na kontaktoni në këtë numër telefoni
044 393 777
WhatsApp & Viber
+38344 393 777
",350 EUR,70,350.00,70.0,Spitali,rent,,,,,,,
random,banesa-83582,Banese me qira ne Tophane,"Lëshohet me qira banesa ne Tophane, e mobiluar në tërësi, e gatshme dhe shumë e përshtatshme për banim. Banesa ka të gjitha pajisjet e nevojshme funksionale. Ka hapsire parkingu
Sipërfaqe: 62m2
Çmimi: 280
Rënditja
• Sallon dhe Kuzhinë
• 1 Dhome gjumi
• Banjo
• Ballkon
• Koridor
Kodi: 3767
Për më shumë informata mund të na beni like faqen tone ne facebook
Smart Real Estate,
bit.ly/2htS4cY
, si dhe
www.instagram.com/realestatesmart/

apo per me shume oferta apo banesa te lira:
www.merrmeqira.com/u",280 EUR,62,280.00,62.0,Tophane,rent,,,,,,,
random,banesa-80728,Banesë me qira te Mati 1,"Lëshohet me qira banesa te Muharrem Fejza, mbrapa marketit te Super Vives. Banesa është e re, e mobiluar në tërësi e gatshme dhe shumë e përshtatshme për banim.
Banesa ka të gjitha pajisjet e nevojshme funksionale. E pabanuar më parë.
Ndodhet në katin e 2.
Sipërfaqe: 63m²
Çmimi: 450
Rënditja
• Sallon dhe Kuzhinë
• Dhomë gjumi
• Banjo
• Ballkon
• Koridor
Kodi: 3510
Për më shumë informata mund të na beni like faqen tone ne facebook
Smart Real Estate,
bit.ly/2htS4cY
, si dhe
www.instagram.com/reale",450 EUR,63,450.00,63.0,Mati,rent,,,,,,,
random,banesa-61097,Banese me qira ne lagjen Emshir_1+1,"Banesë me qira në lagjen Emshir, kompleksi Nartel, banesa eshte e mobiluar ne teresi. Ndertesa ka dy ashensor funksional
Kati:7
Sipërfaqe:55
Çmimi i qirasë:350
Renditja:
♦Sallon me kuzhinë
♦Dhomë gjumi
♦Banjo
♦Ballkon
♦Korridor

Për më shumë informata mund të na beni like faqen tone ne facebook Smart Real Estate,
bit.ly/2htS4cY
, apo per me shume oferta apo banesa te lira:
www.merrmeqira.com/user/profile/smart

ose mund të na kontaktoni në këtë numër telefoni
044 393 777
WhatsApp & Viber
+383 44",350 EUR,55,350.00,55.0,Emshir,rent,,,,,,,
random,banesa-56660,Banese me qira ne lagjen Ulpiane 1+1,"Banesë me qira në lagjen Ulpiane,Banesa eshte e mobiluar ne teresi.
Kati:1
Sipërfaqe:20 m2
Çmimi i qirasë:150
Renditja:
♦Sallon me kuzhinë
♦Dhomë gjumi
♦Banjo
♦Ballkon
♦Korridor

Për më shumë informata mund të na beni like faqen tone ne facebook Smart Real Estate,
bit.ly/2htS4cY
,  ose mund të na kontaktoni në këtë numër telefoni
044 393 777
WhatsApp & Viber
+38344 393 777
",1 EUR,20,1.00,20.0,Ulpiana,rent,,,,,,,
random,banesa-54580,Banese me qira ne Dardani,"Leshohet banese me qira ne dardani , perball shkolles xhemajl mustafa
Banesa ka kete renditje:
- 1 dhoma gjumi
- sallon dhe kuzhine
- banjo
- 1 ballkona
- koridor
Qmimi 300€

bit.ly/3n3a6PU

Per me shume informata mund te na kontaktoni ne numrin
049 124 677
+383 49 124 677
044 333 511
+383 44 333 511",300 EUR,60,300.00,60.0,Dardania,rent,,,,,,,
random,banesa-8568,Banes komode ne shitje ne Breg te Diellit,"Shitet banesa ne Breg te Diellit, banesat e inxhinieringut Kati i II,  lift  funskional,e gatshme per banim e mobiluar ne tersi.64m2
Banesa posedon:
- dhome gjumi
- sallon dh kuzhine
- banjo
- ballkon
- koridor
Qmimi 51 000 euro

Per me shume informta ju lutem na kontaktoni ne numrin
WhatsApp & Viber:
045/190019","50,000 EUR",64,50000.00,64.0,Bregu i Diellit,sale,,,,,,,
random,banesa-61604,Banese me qira ne lagjen ne Lagjen e spitalit,"LËSHOHET ME QIRA BANESA NË PRISHTINË: 83m2, kati i 2-të, në lagjen ""Mati 1"" rruga Muharrem Fejza, ndërtuesi Art Construction.
Lagjja është e qetë dhe është shumë e përshtatshme për banim apo zyrë dhe ka qasje të shpejtë në rrugët C.
Objekti posedon ashensor funksional dhe sistemi i ngrohjes është me energji elektrike.
Banesa është e re dhe posedon:
· Qëndrimin ditor me kuzhinë
· 2 dhoma gjumi
· 1 Banjo
· 1 WC
· 1 ballkon
· 1 garazhë
· 1 Depo
Çmimi 370!

bit.ly/3n3a6PU

Per me shume informata mun",370 EUR,83,370.00,83.0,Spitali,rent,,,,,,,
random,banesa-54924,Banes ne shitje ne lagjen Lakrisht 2+1,"Banesë ne shitje në lagjen Lakrishte,ne kompleksin Tregtia.Banesa moderne dhe e mobiluar ne teresi.Banesa posedon ashensor dhe siguri permes vezhgimit 24 ore nga kamerat.Banesa eshte e rregulluar me shume shije dhe elegance. Banesa mund te bashkohet me nje banese tjeter 105m2.
Kati:4
Sipërfaqe:90 m
Çmimi I shitjes:150000
Renditja:
♦Sallon me kuzhinë
♦2Dhomë gjumi
♦2Banjo
♦Ballkon
♦Korridor

Për më shumë informata mund të na beni like faqen tone ne facebook Smart Real Estate,
bit.ly/2htS4cY
,  os","150,000 EUR",90,150000.00,90.0,Lakrishte,sale,,,,,,,
random,banesa-90500,Shitet banesa me fletë poseduese në lagjën Velania,"Shitet banesa me fletë poseduese në lagjën Velania. Banesa është në katin e përdhesë, që ka sipërfaqe prej 145.29m² me dokumentacion të regjistruar në kadaster, dhe përbëhet nga një sallon me kuzhinë dhe tryezari, tri dhoma gjumi (njëra dhomë e gjumit posedonë banjo private dhe garderobë), një banjo, dy ballkon, një shpajz, garazhë, lift,…Në banesë ka ngrohje qëndrore, uje dhe rrymë 24h!… Banesa është e mobiluar në tërësi dhe si e tillë edhe shitet! Për më shumë ju lutemi të na kontaktoni në kët","190,000 EUR",145,190000.00,145.0,,sale,,,,,,,
random,banesa-62738,Banese me qira ne lagjen Bregu i Diellit,"Leshohet banese me qira ne Breg Diellit afer Royal Mall Kati 4
me lift,kompleksi Miri
Banesa ka kete renditje:
- 2 dhoma gjumi
- Sallon
- Kuzhine
- Banjo
- Vc
- Ballkon
Qmimi 300€
bit.ly/3n3a6PU

Per me shume informata mund te na kontaktoni ne numrin
049 124 677
+383 49 124 677
044 333 511
+383 44 333 511",300 EUR,86,300.00,86.0,Bregu i Diellit,rent,,,,,,,
random,banesa-52037,Leshohet banesa me qira ne Emshir,"Leshohet banesa me qira ne Emshir afer UBT-se.
Bnesa ndodhet ne katin e 6t.
Banesa ka kete renditje:
- 2 dhoma gjumi
- sallon dhe kuzhine
- banjo
- 2 ballkona
- depo

Qmimi 3000€
bit.ly/3n3a6PU


Per me shume informata mund te na kontaktoni ne numrin
044 333 511
+383 44 333 511",300 EUR,90,300.00,90.0,Emshir,rent,,,,,,,
random,banesa-81366,Banesë me qira në Aktash,"Lëshohet me qira banesa në Lagjen Aktash, përball Hotelit Afa, në kompleksin TRIO Construcion. Banesa është e mobiluar në tërësi, e gatshme dhe e përshtatshme për banim.
Ka të gjitha pajisjet e nevojshme funksionale. Ndodhet në katin e dytë, ka ashensor.
Sipërfaqe: 66m²
Çmimi: 300
Banesa ka këtë renditje:
• Sallon dhe kuzhinë
• Dhomë gjumi
• Banjo
• Ballkon
• Koridor
Kodi: 3604
Për më shumë informata mund të na beni like faqen tone ne facebook
Smart Real Estate,
bit.ly/2htS4cY
, si dhe
www.insta",300 EUR,66,300.00,66.0,Aktash,rent,,,,,,,
random,banesa-43321,Shitet banesa ne lagjen Bregu i Diellit_1+1,"Banesë ne shitje në lagjen Bregu i  Diellit, te banesat e kuqe afer shkolles fillore Ismail Qemali, banesa ka flete poseduese, ka ngrohje qendrore me Termokos,  banesa eshte komplet e mobiluar,
Kati:5
Sipërfaqe:47m2
Çmimi I shitjes:52000€
Renditja:
♦Sallon me kuzhinë
♦Dhomë gjumi
♦Banjo
♦Ballkon
♦Korridor

Për më shumë informata mund të na beni like faqen tone ne facebook Smart Real Estate,
bit.ly/2htS4cY
,  ose mund të na kontaktoni në këtë numër telefoni
044/393-777
WhatsApp & Viber
+383 44 39","52,000 EUR",47,52000.00,47.0,Bregu i Diellit,sale,,,,,,,
random,banesa-47330,Banese me qira Te Qafa,"Leshohet Banese me qira Te Qafa,mbrapa qebaptore gjakova e vjeter,Kati 3
Banesa ka kete renditje:
- 2 dhoma gjumi
- sallon dhe kuzhine
- banjo
- ballkon
- koridor
Qmimi 300€
bit.ly/3n3a6PU


Per me shume informata mund te na kontaktoni ne numrin
044 333 511
+383 44 333 511





",300 EUR,88,300.00,88.0,Qafa,rent,,,,,,,
random,banesa-75890,Banese me qira ne lagjen Bregu i diellit,"Leshohet banese me qira ne lagjen Bregu i Diellit te banesat e kuqe te Ambullanta. Banesa eshte komplet e mobiluar , ka hapesire me gjberim perballe baneses gjithashtu dhe park per femije.
Banesa ka kete renditje:
- Sallon
- Kuzhine
- Dhome gjumi
- Banjo
- Ballkon
- Koridor
Cmimi: 250 euro

bit.ly/3n3a6PU

Per me shume informata mund te na kontaktoni ne numrin
049 124 677 WhatsApp dhe Viber +383 49 124 677
044 333 511 WhatsApp dhe Viber +383 44 333 511
",250 EUR,60,250.00,60.0,Bregu i Diellit,rent,,,,,,,
random,banesa-63458,Banese me qira ne lagjen e Spitalit_2+1,"Banesë me qira në lagjen e Spitalit, rr.Muharrem Fejza te Frutaria. banesa eshte e mobiluar ne teresi
Çmimi i qirasë:350
Renditja:
♦Sallon me kuzhinë
♦2 Dhomë gjumi
♦Banjo
♦Ballkon
♦Korridor

Për më shumë informata mund të na beni like faqen tone ne facebook Smart Real Estate,
bit.ly/2htS4cY
, apo per me shume oferta apo banesa te lira:
www.merrmeqira.com/user/profile/smart

ose mund të na kontaktoni në këtë numër telefoni
044 393 777
WhatsApp & Viber
+383 44 393 777
",350 EUR,75,350.00,75.0,Spitali,rent,,,,,,,
random,banesa-54894,Banes ne shitje ne lagjen Qafa 3+1,"Banesë ne shitje në lagjen Qafa,te BP Home 2.Banesa eshte e mobiluar ne teresi.Me fleteposeduese.Lift funksional.
Kati:10 (kati i fundit)
Sipërfaqe:92m2 +125 m2 ballkon
Çmimi I shitjes:161 000
Renditja:
♦Sallon me kuzhinë
♦3Dhomë gjumi
♦Banjo
♦Ballkon
♦Korridor
Për më shumë informata mund të na beni like faqen tone ne facebook Smart Real Estate,
bit.ly/2htS4cY
,  ose mund të na kontaktoni në këtë numër telefoni
044 393 777
WhatsApp & Viber
+383 393 777
","161,000 EUR",120,161000.00,120.0,Qafa,sale,,,,,,,
random,banesa-79561,Banese me qira te Sllovenia Sport,"Leshohet banese me qira ne te Sllovenia Sport, komplet e mobiluar gjendet me lokacion në qendër të Prishtinës në rrugën Tringë Smajli afër Swiss Diamond Hotel. Banesa është e pershtatshme për banim ose zyre per shkak të lokacionit të favorshëm gjendet ne katin e 5-te pa lift.
Banesa ka kete renditje:
- Sallon
- Kuzhine
- 2 Dhoma gjumi
- Banjo
- Ballkon
- Koridor
Cmimi: 400 euro

bit.ly/3n3a6PU

Per me shume informata mund te na kontaktoni ne numrin
049 124 677 WhatsApp dhe Viber +383 49 124 677
",400 EUR,75,400.00,75.0,Sllovenia Sport,rent,,,,,,,
random,banesa-80441,Banesë me qira te Bregu i Diellit,"Lëshohet me qira banesa te Bregu i Diellit, përball Royal Mall. Banesa është e re, e mobiluar në tërësi në mënyrë moderne dhe shumë e përshtatshme për banim.
Banesa ka të gjitha pajisjet e nevojshme funksionale. Sistemin e ngrohjes e ka me Termokos. Ndodhet në katin e parë.
Çmimi: 400
Rënditja
• Sallon dhe Kuzhinë
• 3 Dhoma gjumi
• Banjo & WC
• Koridor
• Depo
• 2 Ballkone
Kodi: 3488
Për më shumë informata mund të na beni like faqen tone ne facebook
Smart Real Estate,
bit.ly/2htS4cY
, si dhe
www.",400 EUR,1,400.00,,Bregu i Diellit,rent,,,,,,,
random,banesa-52637,Banese me qira ne Ulpiane,"Leshohet banese me qira ne Ulpiane, afer fontanes.

Banesa ka kete renditje:
- 2 dhoma gjumi
- sallon dhe kuzhine
- banjo

Banesa eshte ne katin e 5.
Lshohet vetem per familajre.

Qmimi 300€
bit.ly/3n3a6PU


Per me shume informata mund te na kontaktoni ne numrin
044 333 511
+383 44 333 511
",300 EUR,80,300.00,80.0,Ulpiana,rent,,,,,,,
random,banesa-61380,Banese me qira ne Rrugen C,"Leshohet banese me qira ne Rr C , Ndue Perlleshi
Banesa eshte 90m2 kati 8 me ashensor
Banesa ka kete renditje:
- 2 dhoma gjumi
- Sallon
- Kuzhine
- Banjo
- Vc
- Ballkon
- Koridor
Qmimi 350€

bit.ly/3n3a6PU

Per me shume informata mund te na kontaktoni ne numrin
049 124 677
+383 49 124 677
044 333 511
+383 44 333 511",350 EUR,90,350.00,90.0,Lakrishte,rent,,,,,,,
random,banesa-78568,Banese per zyre me qira ne lagjen Dardania,"Leshohet banese per zyre me qira ne lagjen Dardania afer rezonances gjendet ne katin perdhese.
Siperfaqe: 80 m2
4 njesi
Cmimi: 400 euro

bit.ly/3n3a6PU

Per me shume informata mund te na kontaktoni ne numrin
049 124 677 WhatsApp dhe Viber +383 49 124 677
044 333 511 WhatsApp dhe Viber +383 44 333 511",400 EUR,80,400.00,80.0,Dardania,rent,,,,,,,
random,banesa-55682,Banese(Garsoniere) me qira ne lagjen Sllovenia e Sportit,"Banesë me qira në lagjen Sllovenia e Sportit, ne rrugen Rrustem Statovci,afer fakultetit Fama dhe Albi Marketit.Banesa eshte e mobiluar ne teresi.
Kati:1
Sipërfaqe:30 m2
Çmimi i qirasë:220
Renditja:
♦Sallon me kuzhinë
♦Dhomë gjumi
♦Banjo
♦Ballkon
♦Korridor

Për më shumë informata mund të na beni like faqen tone ne facebook Smart Real Estate,
bit.ly/2htS4cY
,  ose mund të na kontaktoni në këtë numër telefoni
044 393 777
WhatsApp & Viber
+38344 393 777
",220 EUR,30,220.00,30.0,Sllovenia Sport,rent,,,,,,,
random,banesa-79045,Banese me qira ne lagjen Mati 1,"Lëshohet banesa me qëra te Mati 1 në rrugen Ukshin Kovaçica afer Shkolles Pavarsia.
Banesa ka 100m², ndodhet në katin e tretë dhe posedon:
1 Sallon me kuzhinë të kompletuar,
3 Dhoma gjumi
2 Tualete
1 Banjo
1 Depo mbrenda banesës dhe
1 Ballkon

Çmimi: 520€

bit.ly/3n3a6PU

Per me shume informata mund te na kontaktoni ne numrin
049 124 677 WhatsApp dhe Viber +383 49 124 677
044 333 511 WhatsApp dhe Viber +383 44 333 511
",520 EUR,100,520.00,100.0,Mati,rent,,,,,,,
random,banesa-51222,Banese me qira ne lagjen e Spitalit,"Leshohet banese me qira ne Lagje te Spitalit, te Superviva2,banesa eshte komplet e mobilur, 100m2
Banesa ka kete renditje:
- 3 dhoma gjumi
- sallon dhe kuzhine
- banjo
- ballkon
- koridor
Qmimi 480€
bit.ly/3n3a6PU


Per me shume informata mund te na kontaktoni ne numrin
049 124 677
+383 49 124 677

",480 EUR,100,480.00,100.0,Spitali,rent,,,,,,,
random,banesa-55566,Banese me qira ne lagjen Arberia 1+1,"Banesë me qira në lagjen Arberia,ne rrugen Ferid Curri,kompleksi Butrinti,me pamje nga Lindja.Banesa eshte e pershtateshme per zyre apo cfardo veprimtarie.
Kati:1
Sipërfaqe:57 m2
Çmimi i qirasë:250
Renditja:
♦Sallon me kuzhinë
♦Dhomë gjumi
♦Banjo
♦Ballkon
♦Korridor
Për më shumë informata mund të na beni like faqen tone ne facebook Smart Real Estate,
bit.ly/2htS4cY
,  ose mund të na kontaktoni në këtë numër telefoni
044 393 777
WhatsApp & Viber
+38344 393 777
",250 EUR,57,250.00,57.0,Arbëria,rent,,,,,,,
random,banesa-58199,Banese me qira ne lagjen Bregu i Diellit,"Banesë me qira në lagjen Bregu i Diellit, te banesat e bardha, banesa eshte e mobiluar ne teresi
Sipërfaqe:65
Çmimi i qirasë:250
Renditja:
♦Sallon me kuzhinë
♦Dhomë gjumi
♦Banjo
♦Ballkon
♦Korridor

Për më shumë informata mund të na beni like faqen tone ne facebook Smart Real Estate,
bit.ly/2htS4cY
,  ose mund të na kontaktoni në këtë numër telefoni
044 393 777
WhatsApp & Viber
+38344 393 777
",250 EUR,65,250.00,65.0,Bregu i Diellit,rent,,,,,,,
random,banesa-26091,Leshohet banese me qira ne Qender,"Leshohet banese me qira ne Qender, te Hoel Siriusi, eshte komplet e mobiluar, 40m2.

Banesa ka kete renditje:
* Sallon me kuzhine
* Dhome gjumi
* Banjo
* Ballkon
* Korridor
Qmimi: 200 €

Per me shume informata rreth kesaj banese mund te na shkruani linkun me id ose nje screenshot te shpalljes, apo nje kerkese tuajen per banesa tjera, ne kete numer telefoni:
046 166 499
WhatsApp & Viber
+383 46 166 499",200 EUR,40,200.00,40.0,Qendra,rent,,,,,,,
random,banesa-9604,Banes komode me qira ne Breg te Diellit,"Leshoj banes e qira ne Breg te Diellit, banesa eshte komode e mobiluar ne teresi, gjendet ne katin e pare, 60m2
Banesa posedon:
- dhome gjmi
- sallon dh kuzhine
- banjo
- Wc
- ballkon
- koridor
Qmimi 200 euro

Per me shume informata ju lutem na kontaktoni ne numrin
WhatsApp & Viber:
045 190019",200 EUR,60,200.00,60.0,Bregu i Diellit,rent,,,,,,,
random,banesa-78475,Banesë me qira në Dardani,"Lëshohet me qira banesa te Santea, rruga Xhemail Mustafa. Banesa është e mobiluar në tërësi dhe shumë e përshtatshme për banim.
Banesa ka të gjitha pajisjet e nevojshme. Ndodhet në katin e 8, posedon ashensor.
Sipërfaqe: 60m²
Çmimi: 400
Rënditja:
•	Sallon dhe Kuzhinë
•	3 Dhoma
•	Banjo
•	Ballkon
•	Koridor

Kodi: 3219

Për më shumë informata mund të na beni like faqen tone ne facebook
Smart Real Estate,
bit.ly/2htS4cY
, si dhe
www.instagram.com/realestatesmart/

apo per me shume oferta apo banesa ",400 EUR,60,400.00,60.0,Dardania,rent,,,,,,,
random,banesa-13159,Shtepi me qira ne Pejton _900m2,"Leshohet shtepia me qira ne Pejton, afr Hotel Prishtina, shtepia ka qene me pare e leshuar per Doganat, Osce, Oda e Avokateve etj.

Shtepia ka 900m2
E pershtatshme per institucione te huaja, biznese afariste etj.

Qmimi 4000 euro


Per me shume informata mund te na kontaktoni ne numrin
WhatsApp & Viber:
045 19 00 19
","4,000 EUR",900,4000.00,900.0,,rent,,,,,,,
random,banesa-81372,Banesë me qira në Emshir,"Lëshohet me qira banesa në Lagjen Emshir, në kompleksin Trio Constraction. Banesa është e pamobiluar dhe e gatshme për banim.
Ndodhet në katin e 2. Sistemin e ngrohjes e ka me rrymë.
Sipërfaqe:105m²
Çmimi: 430
Banesa ka këtë renditje:
• Sallon dhe kuzhinë
• 3 Dhoma gjumi
• 2 Banjo
• Depo
• Ballkon
• Koridor
Kodi: 3606
Për më shumë informata mund të na beni like faqen tone ne facebook
Smart Real Estate,
bit.ly/2htS4cY
, si dhe
www.instagram.com/realestatesmart/

apo per me shume oferta apo banesa",430 EUR,105,430.00,105.0,Emshir,rent,,,,,,,
random,banesa-76532,Banese me qira te Sllovenia Sporti,"Leshohet banese me qira te Sllovenia Sporti, komplet e mobiluar shume e pershtatshme per banim, kati i 7-te me lift funksional.
Banesa ka kete renditje:
- Sallon
- Kuzhine
- Dhome gjumi
- Banjo
- Ballkon
- Koridor
Cmimi: 200 euro

bit.ly/3n3a6PU

Per me shume informata mund te na kontaktoni ne numrin
049 124 677 WhatsApp dhe Viber +383 49 124 677
044 333 511 WhatsApp dhe Viber +383 44 333 511
",200 EUR,60,200.00,60.0,Sllovenia Sport,rent,,,,,,,
random,banesa-41551,Banese me qira ne lagjen Bregu i Diellit,"Leshohet banese me qira ne Breg te Diellit
Banesa ka kete renditje:
-  dhoma gjumi
- sallon dhe kuzhine
- banjo
- ballkon
- koridor
-Depo
Qmimi 200€

Per me shume informata mund te na kontaktoni ne numrin
049 124 677
+383 49 124 677
",200 EUR,60,200.00,60.0,Bregu i Diellit,rent,,,,,,,
random,banesa-78521,Banese me qira ne lagjen Tophane,"Leshohet banese me qira ne lagjen Tophane, komplet e mobiluar.
Banesa ka kete renditje:
- Sallon
- Kuzhine
- Dhome gjumi
- Banjo
- Ballkon
- Koridor
Cmimi: 320 euro

bit.ly/3n3a6PU

Per me shume informata mund te na kontaktoni ne numrin
049 124 677 WhatsApp dhe Viber +383 49 124 677
044 333 511 WhatsApp dhe Viber +383 44 333 511",320 EUR,60,320.00,60.0,Tophane,rent,,,,,,,
random,banesa-91716,Banes me qera Te Qafa,"Banes me qera Te Qafa
Banesa ndodhet ne Rr. Pjeter Bogdani
Banesa -32m²/kati 4
Dhome gjumi | Kuzhina | Banjo
Çmimi: 175 €
Nr. Tel: 044 577 677
www.geo-rks.com
1509
",175 EUR,32,175.00,32.0,,rent,,,,,,,
random,banesa-72934,Banesë me qira në Arbëri,"Lëshohet me qira banesa në Arbëri afer komunes se re dhe Ambasades amerikane dhe Viva Fresh. Banesa është e mobiluar dhe e gatshme për banim e pabanuar me pare
Çmimi: 400 plus depozita
Renditja:
• Sallon dhe kuzhinë
• 2Dhomë gjumi
• Banjo
• Ballkon
Kodi: 2899
Për më shumë informata mund të na beni like faqen tone ne facebook
Smart Real Estate,
bit.ly/2htS4cY
, si dhe
www.instagram.com/realestatesmart/

apo per me shume oferta apo banesa te lira:
www.merrmeqira.com/user/profile/smart

gjirafa.com",400 EUR,0,400.00,,Arbëria,rent,,,,,,,
random,banesa-55964,Banese me qira ne lagjen Ulpiane 2+1,"Banesë me qira në lagjen Ulpiane.Banesa eshte e mobiluar ne teresi. Nxemja eshte me Termokos, si dhe ora e ujit eshte e ndare veqmas ne banese.

Sipërfaqe:72 m2
Çmimi i qirasë:300
Renditja:
♦Sallon me kuzhinë
♦2Dhomë gjumi
♦Banjo
♦Ballkon
♦Korridor

Për më shumë informata mund të na beni like faqen tone ne facebook Smart Real Estate,
bit.ly/2htS4cY
,  ose mund të na kontaktoni në këtë numër telefoni
044 393 777
WhatsApp & Viber
+38344 393 777
",300 EUR,72,300.00,72.0,Ulpiana,rent,,,,,,,
random,banesa-75476,leshoj banese me qira,"Leshoj banese me qira ne Bregun e Diellit,afer Universitetit ``ILIRIA``.Banesa eshte nje-dhomshe posedon kuzhinen banjon si dhe ka ballkon, eshte e mobiluar dhe e gatshme per banim. Qmimi eshte 170,ne te perfshihen te gjitha shpenzimet.Ju faleminderit ..",170 EUR,40,170.00,40.0,,rent,,,,,,,
random,banesa-60646,Banese me qira ne lagjen Arberia,"Banesë me qira në lagjen Arberia, banesa eshte e mobiluar ne teresi
Sipërfaqe:67
Çmimi i qirasë:320
Renditja:
♦Sallon me kuzhinë
♦Dhomë gjumi
♦Banjo
♦Ballkon
♦Korridor

Për më shumë informata mund të na beni like faqen tone ne facebook Smart Real Estate,
bit.ly/2htS4cY
, apo per me shume oferta apo banesa te lira:
www.merrmeqira.com/user/profile/smart

ose mund të na kontaktoni në këtë numër telefoni
044 393 777
WhatsApp & Viber
+38344 393 777
",320 EUR,67,320.00,67.0,Arbëria,rent,,,,,,,
random,banesa-13152,Banese ne shitje ne Emshir 2+1,"Shitet banesa ne Emshir- Kullat e Arabve, banesa eshte e mobiluar ne teresi, gjendet ne katin e 9-te, lift funksional, 85m2
Banesa posedon:
- dy dhoma gjumi
- sallon dhe kuzhine
- ballkon
- dy terasa
- banjo
Qmimi 48 000 euro

Per me shume informata rreth kesaj banese dhe ofertave te tjera ju lutem na kontaktoni ne numrin
WhatsApp & Viber:
045 19 00 19

","48,000 EUR",85,48000.00,85.0,Emshir,sale,,,,,,,
random,banesa-52540,Banese me qira ne Velani,"Leshohen banesa me qira ne Lagjen Velania, afer semaforit te vjeter.

Banesat kanë kete renditje:
- dhom gjumi
- sallon dhe kuzhine
- banjo
- koridor

Qmimi 250€
bit.ly/3n3a6PU


Per me shume informata mund te na kontaktoni ne numrin
044 333 511
+383 44 333 511
",250 EUR,0,250.00,,Velania,rent,,,,,,,
random,banesa-83589,Banese me qira ne lagjen Arberia,"Lëshohet me qira banesa eksluzive në lagjen Arbëria/Dragodan , rruga Vicianum kompleksi Tregtia shume afer me Marketin Meridian dhe Komunen e re. Banesa është e mobiluar në tërësi me te gjitha pajisjet e domosdoshme dhe te përshtatshme për banim.
Banesa ka sistemin e ngrohjes me Termokos.
Banesa leshohet per familjar/qift
Çmimi:
, plus depoziti i obliguar
Renditja:
• Sallon dhe kuzhinë
• Dhomë gjumi
• Banjo
• Ballkon
Kodi:3772
Për më shumë informata mund të na beni like faqen tone ne facebook
Sm",280 EUR,60,280.00,60.0,Arbëria,rent,,,,,,,
random,banesa-34090,Super banese me qira ne lagjen Emshir,"Super banese me qira ne lagjen Emshir, afer Prishtina Star. Banesa eshte e mobiluar, mobile te reja dhe moderne, ka nje siperfaqe prej 75m2.

Renditja:
Sallon me kuzhine / 2 dhoma gjumi / banjo / ballkon / korridor
Çmimi: 400 €

Per me shume informata mund te na kontaktoni ne kete numer telefoni:
046 166 499
WhatsApp & Viber
+383 46 166 499",400 EUR,75,400.00,75.0,Emshir,rent,,,,,,,
random,banesa-75055,Banese me qira te Sllovenia Sporti,"Leshohet banese me qira te Sllovenia Sport , mrapa hotel Sirius, komplet e mobiluar gjendet ne katin e 4-te pa lift, lokacion shume i pershtatshem per banim
Banesa ka kete renditje:
- Sallon
- Kuzhine
- Dhome gjumi
- Banjo
- Ballkon
- Koridor
Cmimi: 260 euro

bit.ly/3n3a6PU

Per me shume informata mund te na kontaktoni ne numrin
049 124 677 WhatsApp dhe Viber +383 49 124 677
044 333 511 WhatsApp dhe Viber +383 44 333 511",260 EUR,60,260.00,60.0,Sllovenia Sport,rent,,,,,,,
random,banesa-81717,Banesë me qira te rruga A,"Lëshohet me qira banesa në rrugën A, rr. ‘Prekazi’. Banesa është e mobiluar në tërësi, e gatshme dhe shumë e përshtatshme për banim.
Banesa ka të gjitha pajisjet e nevojshme funksionale. Sistemin e ngrohjes e ka me Termokos ose rrymë.
Sipërfaqe: 93m²
Çmimi: 425
Renditja:
•	Sallon dhe Kuzhinë
•	2 Dhoma gjumi
•	2 Banjo
•	Depo
•	Ballkon
•	Koridor

Kodi: 3634

Për më shumë informata mund të na beni like faqen tone ne facebook
Smart Real Estate,
bit.ly/2htS4cY
, si dhe
www.instagram.com/realestatesma",425 EUR,90,425.00,90.0,Lakrishte,rent,,,,,,,
random,banesa-78649,Shitet banesa në lagjen Bregu i Diellit,"Shitet banesa në lagjen Bregu i Diellit afër shkollës fillore Ismail Qemali, që ka 82m² (Neto). Banesa është në katin e pestë dhe ka: një sallon, një kuzhinë ndaras, tri dhoma gjumi, një banjo, një wc, një ballkon, një shpajz, ngrohje qëndrore (me Termokos), ujë dhe rrymë 24h. Banesa është e mobiluar dhe si e tillë edhe shitet! Për më shumë ju lutemi të na kontaktoni në këtë Nr, tel ose na vizitoni në web faqën tonë.....


045 / 774 - 477
www.prishtinaestate.com","210,000 EUR",82,210000.00,82.0,Bregu i Diellit,sale,,,,,,,
random,banesa-73132,Banesë me qira në Ulpianë,"Lëshohet me qira banesa në Ulpianë. Banesa është e mobiluar dhe e gatshme për banim.

Banesa ka sistemin e ngrohjes me Termokos.

Çmimi: 240
Renditja:
•	Sallon dhe Kuzhinë
•	Dhomë gjumi
•	Banjo
•	Ballkon

Kodi: 2906

Për më shumë informata mund të na beni like faqen tone ne facebook
Smart Real Estate,
bit.ly/2htS4cY
, si dhe
www.instagram.com/realestatesmart/

apo per me shume oferta apo banesa te lira:
www.merrmeqira.com/user/profile/smart

gjirafa.com/…

esa&amp;llshp=Qira
ose mund të na konta",240 EUR,0,240.00,,Ulpiana,rent,,,,,,,
random,banesa-89815,Banese (zyre) me qira te Parku i Qytetit,"Jepet me qira banesa (zyre) ne Prishtine te Parku i qytetit, gjysem e  mobiluar.
Banesa posedon garazhe
Gjendet ne katin e pare
Banesa ka kete renditje:
-Sallon me kuzhine
-tri dhoma gjumi
-nje banje me WC
-ballon
Qmimi 400 euro
Për më shumë informata mund të na beni like faqen tone ne facebook
Smart Real Estate,
bit.ly/2htS4cY
, si dhe
www.instagram.com/realestatesmart/

apo per me shume oferta apo banesa te lira:
www.merrmeqira.com/user/profile/smart

gjirafa.com/…

esa&amp;llshp=Qira
ose mund",400 EUR,75,400.00,75.0,Parku i Qytetit,rent,,,,,,,
random,banesa-77144,Banesë me qira te Muharrem Fejza,"Lëshohet me qira banesa te Muharrem Fejza, kompleksi Luledielli. Banesa është e mobiluar dhe e përshtatshme për banim.
Ndodhet në katin e 6, posedon ashensor funksional.
Sipërfaqe: 70m²
Çmimi: 350
Banesa ka këtë renditje:
•	Sallon dhe Kuzhinë
•	Dhomë gjumi
•	Banjo
•	Ballkon
•	Koridor

Kodi: 3111

Për më shumë informata mund të na beni like faqen tone ne facebook
Smart Real Estate,
bit.ly/2htS4cY
, si dhe
www.instagram.com/realestatesmart/

apo per me shume oferta apo banesa te lira:
www.merrmeqi",350 EUR,70,350.00,70.0,,rent,,,,,,,
random,banesa-73882,Banesë me qira në Arbëri,"Lëshohet me qira banesa në Arbëri, te Tregtia. Banesa është e mobiluar dhe e përshtatshme per banim.

Banesa ka sistemin e ngrohjes me Termokos dhe ka të gjitha pajisjet e nevojshme.

Sipërfaqja: 74m²
Çmimi: 330

Renditja:
•	Sallon dhe Kuzhinë
•	2 Dhoma gjumi
•	Banjo
•	Ballkon

Kodi: 2999

Për më shumë informata mund të na beni like faqen tone ne facebook
Smart Real Estate,
bit.ly/2htS4cY
, si dhe
www.instagram.com/realestatesmart/

apo per me shume oferta apo banesa te lira:
www.merrmeqira.com/",330 EUR,74,330.00,74.0,Arbëria,rent,,,,,,,
random,banesa-73854,Banese me qira ne lagjen Ulpiana,"Ofrohet me qira banesa me lokacion në Ulpianë, afër furrës së bukës Fontana.

Banesa ka kete renditje:
- Qendrim Ditor
- 2 dhoma gjumi
- 1 teras
- 1 banjo
- Ballkon
- Korridor
Karakteristikat:
Orientimi: Lindje, Veri
Sistemi i ngrohjes: TermoKos
Vendparkim
Cmimi: 350 euro

bit.ly/3n3a6PU

Per me shume informata mund te na kontaktoni ne numrin
049 124 677 WhatsApp dhe Viber +383 49 124 677
044 333 511 WhatsApp dhe Viber +383 44 333 511",350 EUR,75,350.00,75.0,Ulpiana,rent,,,,,,,
random,banesa-89812,Banese me qira te Rruga B,"Leshohet me qira banesa te Rruga B, afer Royal Mall, banesa eshte e mobiluar
Banesa gjendet ne katin e I-re
Banesa ka kete renditje:
• Nje dhome gjumi
• Sallon dhe kuzhinë
• Banjo
• Ballkon
Çmimi: 260 €
Kodi:4035
Smart Real Estate,
bit.ly/2htS4cY
, si dhe
www.instagram.com/realestatesmart/

apo per me shume oferta apo banesa te lira:
www.merrmeqira.com/user/profile/smart

gjirafa.com/…

esa&amp;llshp=Qira
ose mund të na kontaktoni në këtë numër telefoni
044 393 777
WhatsApp & Viber +383 44 393 7",260 EUR,65,260.00,65.0,Dardania,rent,,,,,,,
random,banesa-81023,Banesë në shitje te Bregu i Diellit,"SHITET banesa gasoniere te Bregu i Diellit, në rrugën ‘Luigj Gurakuqi’, afër shkollës ‘Iliria’. Banesa është e mobiluar dhe e gatshme për banim.
Ndodhet në katin e parë.
Sipërfaqe: 40m²
Çmimi: 45000
Rënditja
•	Sallon dhe Kuzhinë
•	Dhomë gjumi
•	Banjo
•	Koridor
•	Ballkon

Kodi: 3554

Për më shumë informata mund të na beni like faqen tone ne facebook
Smart Real Estate,
bit.ly/2htS4cY
, si dhe
www.instagram.com/realestatesmart/

apo per me shume oferta apo banesa te lira:
www.merrmeqira.com/user/pr","45,000 EUR",0,45000.00,40.0,Bregu i Diellit,sale,,,,,,,
random,banesa-91779,Banesë me qira në Lagjen e Spitalit,"Banesë me qira në Lagjen e Spitalit

Çmimi: 280€

Në Rrugën: ''Muharrem Fejza'', te frizer Lindi, me 70m², kati 1, me kushte shumë të mira banimi, është e mobiluar në tërësi, si dhe ka këtë renditje:

Dhomë e ditës me kuzhinë dhe tryezari
2 Dhoma gjumi
Banjo, dhe
Ballkon.

Për më shumë informata mund të na kontaktoni:
043 835 299",280 EUR,70,280.00,70.0,Spitali,rent,,,,,,,
random,banesa-40151,Banes komode me qira ne Veterrnik,"
Leshohet banese me qira ne Veterrnik
Banesa ka kete renditje:
- 2 dhoma gjumi
- sallon dhe kuzhine
- banjo
- ballkon
- koridor
-Shpajz
Qmimi 220€

Per me shume informata mund te na kontaktoni ne numrin
049 124 677
+383 49 124 677",220 EUR,90,220.00,90.0,Veternik,rent,,,,,,,
random,banesa-44232,Banese me qira te Sllovenia Sporti,"Banesë me qira te Sllovenia Sporti, rr.Tringe Ismajli, banesa eshte komplet e mobiluar
Sipërfaqe:60m2
Çmimi I qirasë:250€
Renditja:
♦Sallon me kuzhinë
♦Dhomë gjumi
♦Banjo
♦Ballkon
♦Korridor

Për më shumë informata mund të na beni like faqen tone ne facebook Smart Real Estate,
bit.ly/2htS4cY
,  ose mund të na kontaktoni në këtë numër telefoni
044/393-777
WhatsApp & Viber
+383 44 393 777",250 EUR,60,250.00,60.0,Sllovenia Sport,rent,,,,,,,
random,banesa-52239,Banese me qira ne lagjen e Spitalit,"Leshohet banese me qira ne Lagjen e Spitalit te Super Viva 1.
Kati i 3.
Banesa ka kete renditje:
-2 dhoma gjumi
-sallon dhe kuzhine
-banjo
-ballkon
-koridor
Qmimi 300€
bit.ly/3n3a6PU

Per me shume informata mund te na kontaktoni ne numrin
044 333 511
+383 44 333 511",300 EUR,75,300.00,75.0,Spitali,rent,,,,,,,
random,banesa-59597,Banese me qira ne lagjen Aktash_3+1,"Banesë me qira në lagjen Aktash, banesa eshte e mobiluar ne teresi
Sipërfaqe:120
Çmimi i qirasë:500
Renditja:
♦Sallon me kuzhinë
♦3 Dhomë gjumi
♦Banjo
♦2 Ballkona
♦Korridor

Për më shumë informata mund të na beni like faqen tone ne facebook Smart Real Estate,
bit.ly/2htS4cY
, apo per me shume oferta apo banesa te lira:
www.merrmeqira.com/user/profile/smart

ose mund të na kontaktoni në këtë numër telefoni
044 393 777
WhatsApp & Viber
+383 44 393 777
",500 EUR,120,500.00,120.0,Aktash,rent,,,,,,,
random,banesa-52477,Banese me qira ne lagjen Mati 1,"Leshohet banese me qira ne rrugen Shaqir Iglishta nr.59 MAT1.
Banesa ndodhet ne katin e 3-te, posedon lift.
Banesa ka 60m2

Banesa ka kete renditje:
- dhom gjumi
- sallon dhe kuzhine
- banjo

Qmimi 240€
bit.ly/3n3a6PU


Per me shume informata mund te na kontaktoni ne numrin
044 333 511
+383 44 333 511
",240 EUR,60,240.00,60.0,Mati,rent,,,,,,,
random,banesa-31439,Leshohet banese me qira te Qafa,"Leshohet banese me qira te Qafa. Banesa eshte komplet e mobiluar,  nxemje qendrore me Termokos, siperfaqe, 80m2.

Renditja:
Sallon me kuzhine * 2 dhoma gjumi * banjo * ballkon * korridor.
Çmimi: 400 €

Per me shume informata rreth kesaj banese mund te na shkruani linkun me id ose nje screenshot te shpalljes, apo nje kerkese tuajen per banesa tjera, ne kete numer telefoni:
045 190 019
WhatsApp & Viber
+383 45 190 019",400 EUR,80,400.00,80.0,Qafa,rent,,,,,,,
random,banesa-76624,Banese me qira ne Lagje te Spitalit,"Leshohet banese me qira ne Lagje te Spitalit, afër Restaurant Loriano kati 7 me lift, me 85m², me kushte shumë të mira banimi, është e mobiluar , ngrohja e qytetit me Termokos si dhe ka këtë renditje:
▪️Dhomë e dites me kuzhinë,
▪️2 Dhoma gjumi
▪️2 Banjo,
▪️Ballkon dhe
▪️Garazh.
▪️Çmimi: 400 Euro

bit.ly/3n3a6PU

Per me shume informata mund te na kontaktoni ne numrin
049 124 677 WhatsApp dhe Viber +383 49 124 677
044 333 511 WhatsApp dhe Viber +383 44 333 511",400 EUR,85,400.00,85.0,Spitali,rent,,,,,,,
random,banesa-59566,Banese me qira ne lagjen Aktash,"Banesë me qira në lagjen Aktash, banesa ka pamje nga lindja
Kati:2
Sipërfaqe:60
Çmimi i qirasë:350
Renditja:
♦Sallon me kuzhinë
♦Dhomë gjumi
♦Banjo
♦Ballkon
♦Korridor

Për më shumë informata mund të na beni like faqen tone ne facebook Smart Real Estate,
bit.ly/2htS4cY
, apo per me shume oferta apo banesa te lira:
www.merrmeqira.com/user/profile/smart

ose mund të na kontaktoni në këtë numër telefoni
044 393 777
WhatsApp & Viber
+383 44 393 777
",350 EUR,60,350.00,60.0,Aktash,rent,,,,,,,
random,banesa-55442,Banese me qira ne lagjen Arberia 2+1,"Banesë me qira në lagjen  Arberia,ne rrugen Ahmet Krasniqi, perball me komunen e re.Banesa eshte ndertim i ri, ndertuar nga Krapi, e pa banuar me pare.Lift funksional.
Kati:3
Sipërfaqe:90 m2
Çmimi i qirasë:me marrveshje
Renditja:
♦Sallon me kuzhinë
♦2Dhomë gjumi
♦Banjo
♦Ballkon
♦Korridor
Për më shumë informata mund të na beni like faqen tone ne facebook Smart Real Estate,
bit.ly/2htS4cY
,  ose mund të na kontaktoni në këtë numër telefoni
044 393 777
WhatsApp & Viber
+38344 393 777
",1 EUR,90,1.00,90.0,Arbëria,rent,,,,,,,
random,banesa-53307,Banese me qira ne Aktash,"Lëshohet me qira banesa 54 m² në objektin Pika Luxury, rr. Gazmend Zajmi, AKTASH, H/A, Kati i 8-të, Prishtinë.

Banesa ka kete renditje:
- dhom gjumi
- sallon dhe kuzhine
- banjo
- ballkon
- koridor

Qmimi 450€
bit.ly/3n3a6PU

Per me shume informata mund te na kontaktoni ne numrin

049 124 677
+383 49 124 677
044 333 511
+383 44 333 511
",450 EUR,0,450.00,54.0,Aktash,rent,,,,,,,
random,banesa-32635,Leshohet banese me qira ne lagjen Arberia,"Leshohet banese me qira ne lagjen Arberia. Banesa eshte komplet e mobiluar, shume e pershtatashme per banim, 85m2.

* Renditja:
* Sallon me kuzhine, 2 dhoma gjumi, banjo, WC, ballkon, korridor.
Çmimi: 350 €

Per me shume informata rreth kesaj banese mund te na shkruani linkun me id ose nje screenshot te shpalljes, apo nje kerkese tuajen per banesa tjera, ne kete numer telefoni:
044 393 777
WhatsApp & Viber
+383 44 393 777",350 EUR,85,350.00,85.0,Arbëria,rent,,,,,,,
random,banesa-31576,Ekstra banese me qira ne lagjen Pejton,"Ekstra banese me qira ne lagjen Pejton, eshte komplet e mobiluar, e re dhe moderne. Banesa eshte e gatshme per banim, gjendet ne katin e 2-te, dhe ka nje siperfaqe prej, 80m2.

Renditja:
Sallon me kuzhine * 2 dhoma gjumi * Banjo * Ballkon * Korridor.
Çmimi: 350 €

Per me shume informata rreth kesaj banese mund te na shkruani linkun me id ose nje screenshot te shpalljes, apo nje kerkese tuajen per banesa tjera, ne kete numer telefoni:
045 190 019
WhatsApp & Viber
+383 45 190 019",350 EUR,80,350.00,80.0,Pejton,rent,,,,,,,
random,banesa-30447,Banese (garsoniere) me qira ne lagjen Ulpiana,"Leshohet banese (garsoniere) me qira ne lagjen Ulpiana, gjendet ne katin 4, komplet e mobiluar, 30m2.

Renditja:
Sallon me kuzhine, banjo, korridor.
Çmimi: 200 €

Per me shume informata rreth kesaj banese mund te na shkruani linkun me id ose nje screenshot te shpalljes, apo nje kerkese tuajen per banesa tjera, ne kete numer telefoni:
045 190 019
WhatsApp & Viber
+383 45 190 019",200 EUR,30,200.00,30.0,Ulpiana,rent,,,,,,,
random,banesa-62772,Banese me qira ne lagjen Emshir,"Banesë me qira në lagjen Emshir, kompleksi Riera banesa eshte e re super e mobiluar
Kati:3
Sipërfaqe:95
Çmimi i qirasë:500
Renditja:
♦Sallon me kuzhinë
♦2 Dhomë gjumi
♦2 Banjo
♦2 Ballkona
♦Korridor

Për më shumë informata mund të na beni like faqen tone ne facebook Smart Real Estate,
bit.ly/2htS4cY
, apo per me shume oferta apo banesa te lira:
www.merrmeqira.com/user/profile/smart

ose mund të na kontaktoni në këtë numër telefoni
044 393 777
WhatsApp & Viber
+38344 393 777
",500 EUR,95,500.00,95.0,Emshir,rent,,,,,,,
random,banesa-64003,Banese me qira ne lagjen Bregu i Diellit,"Banesë me qira në lagjen Bregu i Diellit te Banesat e Kuqe, eshte lagje e qete dhe ka park per femije, eshte e mobiluar ne teresi
Kati: perdhes
Sipërfaqe:70
Çmimi i qirasë:250
Renditja:
♦Sallon me kuzhinë
♦Dhomë gjumi
♦Banjo
♦Ballkon
♦Korridor

Për më shumë informata mund të na beni like faqen tone ne facebook Smart Real Estate,
bit.ly/2htS4cY
, apo per me shume oferta apo banesa te lira:
www.merrmeqira.com/user/profile/smart

ose mund të na kontaktoni në këtë numër telefoni
044 393 777
WhatsApp",250 EUR,70,250.00,70.0,Bregu i Diellit,rent,,,,,,,
random,banesa-68487,Banesë me qira në Arbëri,"Lëshohet me qira banesa në Arbëri. Banesa është e mobiluar ne menyre moderne dhe shumë e përshtatshme për banim.

Banesa është në gjendje të re dhe ndodhet te Pandora.

Banesa ka sistemin e ngrohjes me rryme.

Sipërfaqe; 120m²
Çmimi: 450

Rënditja
• Sallon dhe kuzhinë
• 2 Dhoma gjumi
• Banjo
• Depo
• Ballkon

Kodi: 2710

Për më shumë informata mund të na beni like faqen tone ne facebook
Smart Real Estate,
bit.ly/2htS4cY
, si dhe
www.instagram.com/realestatesmart/

apo per me shume oferta apo ban",450 EUR,120,450.00,120.0,Arbëria,rent,,,,,,,
random,banesa-70712,Shitet Banesa në Arbëri,"Super Banese në SHITJE ne lagjen Arberia. Banesa ndodhet ne nje lokacon shume te pershtatshem dhe ofron kushte shume te mira per banim. Eshte komplet e mobiluar, me te gjitha paisjet e nevojshme per banim.
Kati: 7 ( lift funksional )
Siperfaqe: 67m2
Çmimi: 1500m²
Renditja:
*Sallon me kuzhine
*Dhome gjumi
*Banjo
*Ballkon
*Korridor

Per me shume informata mund te na kontaktoni ne kete numer telefoni:
044 393 777
WhatsApp & Viber
+383 44 393 777","1,500 EUR",67,1500.00,67.0,Arbëria,sale,,,,,,,
random,banesa-47829,Banese me qira ne Dardani,"Leshohet banese me qira ne Dardani, mbrapa  postes afer furres Elisa ,me lift,nxemja me termoks.
Banesa ka kete renditje:
- 1dhoma gjumi
- sallon dhe kuzhine ndaras
- banjo
- ballkon
- koridor
Qmimi 200€
bit.ly/3n3a6PU

Per me shume informata mund te na kontaktoni ne numrin
049 124 677
+383 49 124 677",200 EUR,60,200.00,60.0,Dardania,rent,,,,,,,
random,banesa-55154,Banese me qira ne lagjen e spitalit 2+1,"Banesë me qira në lagjen e Spitalit,afer QKUK se,te bansat e Avni Gjakoves. Banesa eshte e mobiluar ne teresi.Lift funksional.Banesa eshte e  lire me 4 Gusht.
Kati:3
Sipërfaqe:80 m2
Çmimi i qirasë:300
Renditja:
♦Sallon me kuzhinë
♦2Dhomë gjumi
♦Banjo
♦2Ballkon
♦Korridor

Për më shumë informata mund të na beni like faqen tone ne facebook Smart Real Estate,
bit.ly/2htS4cY
,  ose mund të na kontaktoni në këtë numër telefoni
044 393 777
WhatsApp & Viber
+38344 393 777
",300 EUR,80,300.00,80.0,Spitali,rent,,,,,,,
random,banesa-44199,Banese me qira ne lagjen Arberia_1+1,"Banesë me qira në lagjen Arberia, banesa eshte komplet e mobiluar,
Sipërfaqe:65m2
Çmimi I qirasë:250€
Renditja:
♦Sallon me kuzhinë
♦Dhomë gjumi
♦Banjo
♦Ballkon
♦Korridor

Për më shumë informata mund të na beni like faqen tone ne facebook Smart Real Estate,
bit.ly/2htS4cY
,  ose mund të na kontaktoni në këtë numër telefoni
044/393-777
WhatsApp & Viber
+383 44 393 777
",250 EUR,65,250.00,65.0,Arbëria,rent,,,,,,,
random,banesa-79663,Banesë me qira te Mati 1,"Banesë me qira në Mati 1. Banesa është e mobiluar në tërësi dhe është shumë e përshtatshme për banim.
Banesa ka të gjitha pajisjet e nevojshme.
Ndodhet në katin e katërt, posedon ashensor.
Çmimi i qirasë: 350
Renditja:
♦Sallon me kuzhinë
♦2 Dhoma gjumi
♦Banjo
♦Ballkon
♦Korridor
Kodi: 3411
Për më shumë informata mund të na beni like faqen tone ne facebook
Smart Real Estate,
bit.ly/2htS4cY
, si dhe
www.instagram.com/realestatesmart/

apo per me shume oferta apo banesa te lira:
www.merrmeqira.com/u",350 EUR,0,350.00,,Mati,rent,,,,,,,
random,banesa-42597,Banese ne shitje ne Royal City,"Banesë ne shitje në Rugen B, banesa eshte ne Royal City dhe eshte e re (e pa banuar ende), nxemje qendrore me TERMOKOS, ka pamje nga rruga kryesore
Kati: 4
Sipërfaqe: 101
Çmimi I shitjes: 850€m2
Renditja:
♦Sallon me kuzhinë
♦3 Dhomë gjumi
♦2 Banjo
♦2 Ballkona
♦Korridor
♦ Garazh 12m2
♦ Shpajz

Për më shumë informata mund të na beni like faqen tone ne facebook Smart Real Estate,
bit.ly/2htS4cY
,  ose mund të na kontaktoni në këtë numër telefoni
044/393-777
WhatsApp & Viber
+383 44 393 777
",850 EUR,101,850.00,101.0,,sale,,,,,,,
random,banesa-46314,Banese me qira ne lagjen Bregu i Diellit_2+1,"Banesë me qira në lagjen Bregu i Diellit, banesa eshte e mobiluar ne teresi, ka pamje nga lindja
Kati:3
Sipërfaqe:78
Çmimi i qirasë:250
Renditja:
♦Sallon me kuzhinë
♦2 Dhoma gjumi
♦Banjo
♦2 Ballkona
♦Korridor
♦shpajz

Për më shumë informata mund të na beni like faqen tone ne facebook Smart Real Estate,
bit.ly/2htS4cY
,  ose mund të na kontaktoni në këtë numër telefoni
044/393-777
WhatsApp & Viber
+383 44 393 777
",250 EUR,78,250.00,78.0,Bregu i Diellit,rent,,,,,,,
random,banesa-61089,Banese me qira ne lagje te Muhaxhereve,"Banesë me qira në lagjen e Muhaxhereve, banesa eshte e mobiluar ne teresi,
Kati:3
Sipërfaqe:70
Çmimi i qirasë:300
Renditja:
♦Sallon me kuzhinë
♦Dhomë gjumi
♦Banjo
♦Ballkon
♦Korridor

Për më shumë informata mund të na beni like faqen tone ne facebook Smart Real Estate,
bit.ly/2htS4cY
, apo per me shume oferta apo banesa te lira:
www.merrmeqira.com/user/profile/smart

ose mund të na kontaktoni në këtë numër telefoni
044 393 777
WhatsApp & Viber
+383 44 393 777

",300 EUR,70,300.00,70.0,Muhaxhere,rent,,,,,,,
random,banesa-91749,Banes me qera Mati 1,"Banes me qera Mati 1
Banesa ndodhet ne Rr. Ukshin Kovacica (siper Flexi Gym)
Banesa 89m²
Qëndrimi ditor | Kuzhina | 2 Dhoma gjumi | 2 Banjo | Ballkon | Garazh

Çmimi: 500 €

Nr. Tel: 044577677
www.geo-rks.com
1519
",500 EUR,89,500.00,89.0,,rent,,,,,,,
random,banesa-78349,Garsoniere me qira ne lagjen Emshir,"Leshohet banese ( garsoniere ) me qira ne lagjen Emshir e mobiluar, objekti i ndertuar nga NARTEL.
Banesa ka kete renditje:
- Sallon ( dy shtreter  te cilet mund te perdoren edhe per fjetje )
- Kuzhine
- Banjo
Cmimi: 270 euro

bit.ly/3n3a6PU

Per me shume informata mund te na kontaktoni ne numrin
049 124 677 WhatsApp dhe Viber +383 49 124 677
044 333 511 WhatsApp dhe Viber +383 44 333 511",270 EUR,37,270.00,37.0,Emshir,rent,,,,,,,
random,banesa-79326,Banesë me qira në Qendër,"Lëshohet me qira banesa në Qendër, afër Gjimnazit ‘Ahmet Gashi’. Banesa është e mobiluar dhe e përshtatshme për banim.
Banesa ka të gjitha pajisjet e nevojshme.
Çmimi: 300
Rënditja
•	Sallon dhe Kuzhinë
•	Dhomë gjumi
•	Banjo
•	Koridor

Kodi: 3301

Për më shumë informata mund të na beni like faqen tone ne facebook
Smart Real Estate,
bit.ly/2htS4cY
, si dhe
www.instagram.com/realestatesmart/

apo per me shume oferta apo banesa te lira:
www.merrmeqira.com/user/profile/smart

gjirafa.com/…

esa&amp;l",300 EUR,0,300.00,,Qendra,rent,,,,,,,
random,banesa-62372,Banese me qira ne lagjen Rruga B,"Banesë me qira në lagjen Rruga B, eshte e mobiluar ne teresi me mobilje shume te mira, ka ngrohje qendrore me Termokos
Kati:5
Sipërfaqe:88
Çmimi i qirasë:450
Renditja:
♦Sallon me kuzhinë
♦2 Dhomë gjumi
♦Banjo
♦Ballkon
♦Korridor
♦Wc

Për më shumë informata mund të na beni like faqen tone ne facebook Smart Real Estate,
bit.ly/2htS4cY
, apo per me shume oferta apo banesa te lira:
www.merrmeqira.com/user/profile/smart

ose mund të na kontaktoni në këtë numër telefoni
044 393 777
WhatsApp & Viber
+38",450 EUR,88,450.00,88.0,,rent,,,,,,,
random,banesa-50974,Banese me qira ne lagjen Bregu i Diellit,"Leshohet banese me qira ne Breg te Diellit, te Banesat e Bardha
Banesa ka kete renditje:
- dhoma gjumi
- sallon dhe kuzhine
- banjo
- ballkon
- koridor
Qmimi 220€
bit.ly/3n3a6PU

Per me shume informata mund te na kontaktoni ne numrin
044 333 511
+383 44 333 511",220 EUR,60,220.00,60.0,Bregu i Diellit,rent,,,,,,,
random,banesa-8279,Banes moderne me qira te Sllovenia Sporti,"Leshoj banesen me qira te Sllovenia Sporti afer ALBIT 80m2 kati i 5 e mobiluar ne teresi, lift funksional,
Banesa posedon:
- Sallon me Kuzhine
- 2 Dhoma Gjumi
- Koridor
- Banjo
- 2 Ballkona
Qmimi 300 euro

Per em shume informata ju lutem na kontaktoni ne numrin
WhatsApp & Viber:
045190019",300 EUR,80,300.00,80.0,Sllovenia Sport,rent,,,,,,,
random,banesa-53818,Banese me qira ne lagjen Aktash 1+1,"Banesë me qira në lagjen Aktash,banesa eshte e mobiluar ne teresi.Banesa ka pamjen nga lindja.
Kati:2
Sipërfaqe:58
Çmimi i qirasë:250
Renditja:
♦Sallon me kuzhinë
♦Dhomë gjumi
♦Banjo
♦Ballkon
♦Korridor

Për më shumë informata mund të na beni like faqen tone ne facebook Smart Real Estate,
bit.ly/2htS4cY
,  ose mund të na kontaktoni në këtë numër telefoni
044 393 777
WhatsApp & Viber
+38344 393 777
",250 EUR,58,250.00,58.0,Aktash,rent,,,,,,,
random,banesa-9710,Banes me qira te Qafa e renovuar,"Leshoje banes me qira te Qafa, eshte e renovuar tash se fundmi, e mobiluar me moile te reja, ka nxemje qendrore, 45m2
Banesa posedon:
- sallon
- kuzhine
- banjo
- ballkon
-Qmimi 250 euro

Per me shume informata ju lutem na kontaktoni ne numrin
WhatsApp & Viber:
045 190019",250 EUR,45,250.00,45.0,,rent,,,,,,,
random,banesa-75361,Banese me qira ne lagjen Prishtina e re,"Leshohet banese me qira ne lagjen Prishtina e re, ndertim i Ariani Company, afer Qkuk-se, rruga Hollger  Petersen. Banesa eshte e gjysme mobiluar vetem me kuzhine te re dhe moderne.
Kati i 7-te, lift funksional.
Siperfaqe: 58m2
Banesa ka kete renditje:
- Sallon
- Kuzhine
- Dhome gjumi
- Banjo
- Ballkon
- Koridor
Cmimi: 250 euro

bit.ly/3n3a6PU

Per me shume informata mund te na kontaktoni ne numrin
049 124 677 WhatsApp dhe Viber +383 49 124 677
044 333 511 WhatsApp dhe Viber +383 44 333 511",250 EUR,58,250.00,58.0,Pristina e Re,rent,,,,,,,
random,banesa-83585,Banese me qira ne Lagje te Muhaxhereve_2+1,"Lëshohet me qira banesa ne Mehalle te muhagjereve perballe market Conad rruga Jashar Salihu perballe Kulles se Muhagjereve e mobiluar në tërësi, e gatshme dhe shumë e përshtatshme për banim. Banesa ka të gjitha pajisjet e nevojshme funksionale. Ka hapsire parkingu kati 6 lift Funksional
Sipërfaqe: 95m2
Çmimi: 400 me mirembajtje
Rënditja
• Sallon dhe Kuzhinë
• 2 Dhome gjumi
• Banjo dhe wc
• Ballkon
• Koridor
Kodi: 3770
Për më shumë informata mund të na beni like faqen tone ne facebook
Smart Real ",400 EUR,95,400.00,95.0,Muhaxhere,rent,,,,,,,
random,banesa-79816,Banese me qira ne lagjen Tophane,"Leshohet banese me qira ne lagjen Tophane, komplet e mobiluar shume e pershtatshme per banim, ka siperfaqe prej 65m2, gjendet ne katin e 8-te me lift funksional
Banesa ka kete renditje:
- Sallon
- Kuzhine
- Dhome gjumi
- Banjo
- Ballkon
- Koridor
Cmimi: 280 euro

bit.ly/3n3a6PU

Per me shume informata mund te na kontaktoni ne numrin
049 124 677 WhatsApp dhe Viber +383 49 124 677
044 333 511 WhatsApp dhe Viber +383 44 333 511",280 EUR,65,280.00,65.0,Tophane,rent,,,,,,,
random,banesa-79746,Banesë me qira te Qafa,"Lëshohet me qira banesa te Qafa, te kafet e vogla. Banesa është e mobiluar dhe e gatshme për banim.
Ka të gjitha pajisjet funksionale. Ndodhet në katin e parë.
Çmimi: 200
Rënditja
•	Sallon
•	Kuzhinë
•	Koridor
•	Banjo

Kodi: 3414

Për më shumë informata mund të na beni like faqen tone ne facebook
Smart Real Estate,
bit.ly/2htS4cY
, si dhe
www.instagram.com/realestatesmart/

apo per me shume oferta apo banesa te lira:
www.merrmeqira.com/user/profile/smart

gjirafa.com/…

esa&amp;llshp=Qira
ose mun",200 EUR,1,200.00,,Qafa,rent,,,,,,,
random,banesa-76369,Banese me qira ne lagjen Bregu i Diellit,"Leshohet banese me qira ne lagjen Bregu i diellit te Xhambazt perballe ish universitetit Iliria. Komplet e mobiluar e gatshme per banim.
Siperfaqe: 87m2
Kati i pare
Banesa ka kete renditje:
- Sallon
- Kuzhine
- 2 Dhoma gjumi
- Banjo
- Ballkon
- Koridor
Cmimi: 500 euro

bit.ly/3n3a6PU

Per me shume informata mund te na kontaktoni ne numrin
049 124 677 WhatsApp dhe Viber +383 49 124 677
044 333 511 WhatsApp dhe Viber +383 44 333 511
",500 EUR,87,500.00,87.0,Bregu i Diellit,rent,,,,,,,
random,banesa-78967,Banese ( gasoniere ) me qira ne Emshir,"Leshohet banese ( gasoniere ) me qira ne Emshir, afer Tregu group, komplet e mobilaur shume e pershtatshme per banim.
Banesa ka kete renditje:
- Sallon ( dhome ) me 2 shtreter
- Kuzhine
- Dhome gjumi
- Banjo
- Koridor
Cmimi: 250 euro

bit.ly/3n3a6PU

Per me shume informata mund te na kontaktoni ne numrin
049 124 677 WhatsApp dhe Viber +383 49 124 677
044 333 511 WhatsApp dhe Viber +383 44 333 511",250 EUR,40,250.00,40.0,Emshir,rent,,,,,,,
random,banesa-31606,Banese me qira ne lagjen Dardania,"Leshohet banese me qira ne lagjen Dardania, eshte komplet e mobiluar, leshohet per studente, por vetem per dy persona.

Siperfaqe: 42m2
Renditja:
Sallon me kuzhine * dhome gjumi * banjo * korridor.
Çmimi: 170 €

Per me shume informata rreth kesaj banese mund te na shkruani linkun me id ose nje screenshot te shpalljes, apo nje kerkese tuajen per banesa tjera, ne kete numer telefoni:
045 190 019
WhatsApp & Viber
+383 45 190 019",170 EUR,42,170.00,42.0,Dardania,rent,,,,,,,
random,banesa-59396,Banese me qira ne lagjen Tophane,"Banesë me qira në lagjen Tophane, banesa eshte e mobiluar ne menyre moderne
Sipërfaqe:84
Çmimi i qirasë:500
Renditja:
♦Sallon me kuzhinë
♦2 Dhomë gjumi
♦Banjo
♦Ballkon
♦Korridor

Për më shumë informata mund të na beni like faqen tone ne facebook Smart Real Estate,
bit.ly/2htS4cY
, apo per me shume oferta apo banesa te lira:
www.merrmeqira.com/user/profile/smart

ose mund të na kontaktoni në këtë numër telefoni
044 393 777
WhatsApp & Viber
+38344 393 777
",500 EUR,84,500.00,84.0,Tophane,rent,,,,,,,
random,banesa-50474,Shitet banesa ne lagjen Ulpiane,"Banesë ne shitje në lagjen Ulpiana, banesa gjindet te banesat e ish oficereve ne Ulpian.Banesa eshte e mobiluar ne tersi dhe ka nxemje me Termokos.
Kati:4
Sipërfaqe:33 m2
Çmimi I shitjes:1.400
Renditja:
♦Sallon me kuzhinë
♦Banjo
♦Ballkon
♦Korridor

Për më shumë informata mund të na beni like faqen tone ne facebook Smart Real Estate,
bit.ly/2htS4cY
, ose mund të na kontaktoni në këtë numër telefoni
044/393-777
WhatsApp & Viber
+383443393 777","1,400 EUR",33,1400.00,33.0,Ulpiana,sale,,,,,,,
random,banesa-52000,Banese me qira te Mati 1,"Leshohet banese me qira te Mati 1 në rrugen Ukshin Kovaçica afer Shkolles Pavarsia.

Banesa ka 100m², ndodhet në katin e tretë.
Banesa ka kete renditje:
1 Sallon me kuzhinë të kompletuar,
3 Dhoma gjumi
2 Tualete
1 Banjo
1 Depo mbrenda banesës dhe
1 Ballkon

Çmimi 430€
bit.ly/3n3a6PU


Per me shume informata mund te na kontaktoni ne numrin
044 333 511
+383 44 333 511

",430 EUR,100,430.00,100.0,Mati,rent,,,,,,,
random,banesa-78676,Banesë me qira te Mati 1,"Ofrohet me qira banesa te Mati 1. Banesa është e mobiluar në tërësi dhe e përshtatshme për banim.
Sipërfaqe: 83m²
Çmimi: 350
Rënditja:
•	Sallon dhe Kuzhinë
•	2 Dhoma gjumi
•	Banjo
•	Ballkon
•	Koridor

Kodi: 3240

Për më shumë informata mund të na beni like faqen tone ne facebook
Smart Real Estate,
bit.ly/2htS4cY
, si dhe
www.instagram.com/realestatesmart/

apo per me shume oferta apo banesa te lira:
www.merrmeqira.com/user/profile/smart

gjirafa.com/…

esa&amp;llshp=Qira
ose mund të na kontakton",350 EUR,83,350.00,83.0,Mati,rent,,,,,,,
random,banesa-79373,Banese me qira ne lagjen Bregu i diellit,"Lëshohet apartment me qira, e pershtatshme per banim ose zyre.
Gjendet në rrugën ""Hilmi Rakovica"", në Bregun e Diellit, afër shkollës ""Ismail Qemaili"" në katin e parë dhe ka orientim në lindje. Është 600m larg nga OSBE, 500m larg nga rruga B, dhe trafiku urban kalon poshtë apartmentit.
Apartamenti përbëhet nga një dhomë gjumi, një dhomë e madhe ndenjeje me kuzhinë, një depo, një banjo, dy ballkone, një i jashtëm dhe tjetri një ballkon prej 10m² që shërben si hapsirë për ndriqim. Është e pajisur ",450 EUR,91,450.00,91.0,Bregu i Diellit,rent,,,,,,,
random,banesa-61927,Banese me qira ne lagjen Mati 1,"Banesë me qira në lagjen Mati 1, rr.Muharrem Fejza, banesa eshte e mobiluar ne teresi
Sipërfaqe:70
Çmimi i qirasë:350
Renditja:
♦Sallon me kuzhinë
♦Dhomë gjumi
♦Banjo
♦Ballkon
♦Korridor

Për më shumë informata mund të na beni like faqen tone ne facebook Smart Real Estate,
bit.ly/2htS4cY
, apo per me shume oferta apo banesa te lira:
www.merrmeqira.com/user/profile/smart

ose mund të na kontaktoni në këtë numër telefoni
044 393 777
WhatsApp & Viber
+38344 393 777
",350 EUR,70,350.00,70.0,Mati,rent,,,,,,,
random,banesa-78912,Banesë me qira te Lagjia e Muhaxherëve,"Gasoniere me qira te Sllovenia Sport, rruga Halil Alidemaj, shumë afër Qendres. Është e mobiluar dhe është e përshtatshme për banim.
Banesa ndodhet në katin e 1. Sistemin e ngrohjes e ka me Termokos.
Çmimi: 180 plus depozita
Rënditja
•	Sallon
•	Kuzhinë
•	Banjo
•	Koridor
•	Ballkon nuk ka

Kodi: 3258

Për më shumë informata mund të na beni like faqen tone ne facebook
Smart Real Estate,
bit.ly/2htS4cY
, si dhe
www.instagram.com/realestatesmart/

apo per me shume oferta apo banesa te lira:
www.merrm",180 EUR,1,180.00,,,rent,,,,,,,
random,banesa-45288,Banese ne shitje ne lagjen Arberia_2+1,"Banesë ne shitje në lagjen Arberia, kompleksi Butrinti, banesa eshte e mobiluar ne teresi, moderne
Sipërfaqe:107m2
Çmimi I shitjes:107000€
Renditja:
♦Sallon me kuzhinë
♦3 Dhoma gjumi
♦Banjo
♦Ballkon
♦Korridor

Për më shumë informata mund të na beni like faqen tone ne facebook Smart Real Estate,
bit.ly/2htS4cY
,  ose mund të na kontaktoni në këtë numër telefoni
044/393-777
WhatsApp & Viber
+383 44 393 777

","107,000 EUR",107,107000.00,107.0,Arbëria,sale,,,,,,,
random,banesa-91759,Leshoj banese me qira ne bregun e diellit Prishtine,Leshoj banese me qira ne prishtine ne bregun e diellit.Banesa ka 2 dhoma ka banjo korridor si dhe ka ballkon.Banesa eshte e mobiluar dhe e gatshme per banim.Qmimi eshte 280 euro dhe perfshihen te gjitha shpenzimet..,280 EUR,50,280.00,50.0,,rent,,,,,,,
random,banesa-60578,Leshohet banesa me qira ne Arberi,"Leshohet banese me qira ne Arberi ,Kati 1 Kompleksi Berisha Group afer Minimax
Banesa ka kete renditje:
- 2 dhoma gjumi
- Sallon
- Kuzhine
- Banjo
- Vc
- Ballkon
- Koridor
- Garazh
Qmimi 400€

bit.ly/3n3a6PU

Per me shume informata mund te na kontaktoni ne numrin
049 124 677
+383 49 124 677
044 333 511
+383 44 333 511",400 EUR,95,400.00,95.0,Arbëria,rent,,,,,,,
random,banesa-55482,Banese me qira ne lagjen Ulpiane 1+1,"Banesë me qira në lagjen Ulpiane,te restorant Sinfonia.Banesa eshte e mobiluar ne teresi.Lirohet prej 1 Korriku dhe ipet vetem per familjar.Lift funksional.
Kati:3
Sipërfaqe:60 m2
Çmimi i qirasë:300
Renditja:
♦Sallon me kuzhinë
♦Dhomë gjumi
♦Banjo
♦Ballkon
♦Korridor

Për më shumë informata mund të na beni like faqen tone ne facebook Smart Real Estate,
bit.ly/2htS4cY
,  ose mund të na kontaktoni në këtë numër telefoni
044 393 777
WhatsApp & Viber
+38344 393 777
",300 EUR,60,300.00,60.0,Ulpiana,rent,,,,,,,
random,banesa-91775,Banes me qera Lagja Spitalit,"Banes me qera Lagja Spitalit
Banesa ndodhet ne Rr. Ahmet Gashi
Banesa posedon 115m² dhe nxemje me Termokos
Qëndrim ditor dhe kuzhinë | 3 Dhoma gjumi | 2 Banjo | Ballkon

Çmimi: 489€

Nr. Tel: 044 577 677
www.geo-rks.com
1532
",489 EUR,115,489.00,115.0,,rent,,,,,,,
random,banesa-61418,Banese me qira ne lagjen Ulpiana,"Leshohet banese me qira ne Lagjen Ulpiana , afer shkolles Hasan Prishtina
Banesa eshte 65m2 kati 4 pa ashensor
Banesa ka kete renditje:
- 2 dhoma gjumi
- Sallon
- Kuzhine
- Banjo
- Ballkon
- Koridor
Qmimi 360€

bit.ly/3n3a6PU

Per me shume informata mund te na kontaktoni ne numrin
049 124 677
+383 49 124 677
044 333 511
+383 44 333 511",360 EUR,65,360.00,65.0,Ulpiana,rent,,,,,,,
random,banesa-53662,Banes ne shitje ne lagjen Mati 1 2+1,"Banesë ne shitje në lagjen Mati 1,afer rruges qe lidhet me rrugen B edhe C.Eshte ndertim i ri dhe leshohet per perdorim ne muajin Qershor 2022.
Kati:8
Sipërfaqe:88.4
Çmimi I shitjes:930 m2
Renditja:
♦Sallon me kuzhinë
♦2Dhomë gjumi
♦Banjo dhe wc
♦Ballkon
♦Korridor

Për më shumë informata mund të na beni like faqen tone ne facebook Smart Real Estate,
bit.ly/2htS4cY
,  ose mund të na kontaktoni në këtë numër telefoni
044 393 777
WhatsApp & Viber
+38344 393 777
",930 EUR,88,930.00,88.0,Mati,sale,,,,,,,
random,banesa-41738,Banese me qira ne Ulpiane,"Leshohet banese me qira ne Ulpiane
Banesa ka kete renditje:
- 2 dhoma gjumi
- sallon dhe kuzhine
- banjo
- ballkon
- koridor
-Depo
Qmimi 300€

Per me shume informata mund te na kontaktoni ne numrin
044 333 511
+383 44 333 511




",300 EUR,70,300.00,70.0,Ulpiana,rent,,,,,,,
random,banesa-55998,Banese me qira ne lagjen e Muhaxhereve 1+1,"Banesë me qira në lagjen e Muhaxhereve,ne rrugen Jashar Salihu, ndertesa ""Kulla e Zotnise"".Banesa eshte e pa mobiluar e pershtateshme per zyre.
Kati:1
Sipërfaqe:57 m2
Çmimi i qirasë:250
Renditja:
♦Sallon me kuzhinë
♦Dhomë gjumi
♦Banjo
♦Ballkon
♦Korridor

Për më shumë informata mund të na beni like faqen tone ne facebook Smart Real Estate,
bit.ly/2htS4cY
,  ose mund të na kontaktoni në këtë numër telefoni
044 393 777
WhatsApp & Viber
+38344 393 777
",250 EUR,57,250.00,57.0,Muhaxhere,rent,,,,,,,
random,banesa-50196,Banese ne shitje te Qafa_1+1,"Banesë ne shitje  te Qafa, banesa eshte e mobiluar ne teresi
Kati:3
Sipërfaqe:47.3
Çmimi I shitjes:1200
Renditja:
♦Sallon me kuzhinë
♦Dhomë gjumi
♦Banjo
♦Ballkon
♦Korridor

Për më shumë informata mund të na beni like faqen tone ne facebook Smart Real Estate,
bit.ly/2htS4cY
,  ose mund të na kontaktoni në këtë numër telefoni
044/393-777
WhatsApp & Viber
+383 44 393 777
","1,200 EUR",47,1200.00,47.0,Qafa,sale,,,,,,,
random,banesa-41556,Banese me qira ne lagjen Ulpiana,"Leshohet banese me qira ne Ulpiane,Mbrapa AAK
Banesa ka kete renditje:
-  dhoma gjumi
- sallon dhe kuzhine
- banjo
- ballkon
- koridor
Qmimi 260€

Per me shume informata mund te na kontaktoni ne numrin
049 124 677
+383 49 124 677
",260 EUR,60,260.00,60.0,Ulpiana,rent,,,,,,,
random,banesa-55802,Banese(zyre) me qira ne lagjen Ulpiane 2+1,"Banesë me qira në lagjen Ulpiana, banesa eshte prane laboratorit Fati Im dhe perball pompes Exfis. Banesa eshte gjysem e mobiluar dhe eshte shume e pershtateshme per zyre.
Kati:1
Sipërfaqe:55 m2
Çmimi i qirasë:300
Renditja:
♦Sallon me kuzhinë
♦2 Njesi
♦Banjo
♦Ballkon
♦Korridor

Për më shumë informata mund të na beni like faqen tone ne facebook Smart Real Estate,
bit.ly/2htS4cY
, ose mund të na kontaktoni në këtë numër telefoni
044 393 777
WhatsApp & Viber
+38344 393 777",300 EUR,55,300.00,55.0,Ulpiana,rent,,,,,,,
random,banesa-48933,Banese me qira Te Parku i Qytetit,"Leshohet banese me qira te Parku i qytetit,Kati 3
Banesa ka kete renditje:
- 2 dhoma gjumi
- sallon dhe kuzhine
- banjo
- ballkon
- koridor
Qmimi 270€
bit.ly/3n3a6PU

Per me shume informata mund te na kontaktoni ne numrin
044 333 511
+383 44 333 511",270 EUR,75,270.00,75.0,Parku i Qytetit,rent,,,,,,,
random,banesa-52894,Banese me qira afer shkolles fillore Gjergj Fishta,"Leshohet banese me qira afer shkolles fillore Gjergj Fishta, Adresa. Rr Ismail dumoshi.
Banesa ka kete renditje:
- 3 dhoma gjumi
- sallon dhe kuzhine
- banjo
- depo
- ballkon
- koridor
parking

kati 2.
Qmimi 500€
bit.ly/3n3a6PU


Per me shume informata mund te na kontaktoni ne numrin
044 333 511
+383 44 333 511

049 124 677
+383 49 124 677",500 EUR,0,500.00,,,rent,,,,,,,
random,banesa-54064,Banese me qira ne lagjen Mati 1,"Leshohet banese me qira ne Mati 1,Rr Shaqir Ingrishta
Banesa ka kete renditje:
-  dhoma gjumi
- sallon dhe kuzhine
- banjo
- ballkon
- koridor
Qmimi 230€
bit.ly/3n3a6PU

Per me shume informata mund te na kontaktoni ne numrin
049 124 677
+383 49 124 677
044 333 511
+383 44 333 511",230 EUR,60,230.00,60.0,Mati,rent,,,,,,,
random,banesa-47688,Banese me qira ne lagjen Dardani,"Banesë me qira në lagjen Dardani,Dugagjini Rezidenc,leshohet per veprimtari afariste,lift funksional dhe nxemje qendrore.
Kati:8
Sipërfaqe:92
Çmimi i qirasë:450
Renditja:
♦Sallon me kuzhinë
♦3 Dhomë gjumi
♦Banjo
♦Ballkon
♦Korridor

Për më shumë informata mund të na beni like faqen tone ne facebook Smart Real Estate,
bit.ly/2htS4cY
,  ose mund të na kontaktoni në këtë numër telefoni
044 393 777
WhatsApp & Viber
+383 44393 777",450 EUR,92,450.00,92.0,Dardania,rent,,,,,,,
random,banesa-73710,Banese me qira ne lagjen Arberia,"Leshohet banese me qira ne Lagjen Arberia ( te komuna e re ). e mobiluar me mobile druri Amerikane dhe dere te blinduar.

Banesa ka kete renditje:
- Sallon me kuzhine
- 2 dhoma gjumi
- Banjo
- Korridori
Siperfaqe: 75m2
Cmimi: 330 euro

bit.ly/3n3a6PU

Per me shume informata mund te na kontaktoni ne numrin:
049 124 677 WhatsApp dhe Viber +383 49 124 677
044 333 511 WhatsApp dhe Viber +383 44 333 511",330 EUR,75,330.00,75.0,Arbëria,rent,,,,,,,
random,banesa-47329,Zyre Me Qira ne Qender,"Leshohet Zyre Me Qira ne Qender afer sheshit ne rrugen Sylejman Vokshi
Banesa ka kete renditje:
-2 njesi
- banjo
- ballkon
- koridor
Qmimi 250€
bit.ly/3n3a6PU


Per me shume informata mund te na kontaktoni ne numrin
044 333 511
+383 44 333 511





",250 EUR,45,250.00,45.0,Qendra,rent,,,,,,,
random,banesa-81836,Shitet banesa te Bregu i Diellit,"SHITET banesa te Bregu I Diellit, rruga Ibrahim Pacolli.  Banesa është e re, e sapo perfunduar, e pa mobiluar dhe e gatshme për banim.
Ndodhet në katin e V, ka ashensor.  Ka hapësirë për parkim. Ofron hapësira komode dhe të shfrytëzuara për një familje
Sipërfaqja: 89.32m²
Çmimi: 1500m²
Renditja:
•	Sallon dhe Kuzhinë
•	2 Dhoma gjumi
•	2 Banjo
•	Depo
•	Ballkon
•	Koridor

Kodi: 3645

Për më shumë informata mund të na beni like faqen tone ne facebook
Smart Real Estate,
bit.ly/2htS4cY
, si dhe
www.in",1 EUR,89,1.00,89.0,,sale,,,,,,,
random,banesa-40140,Banese me qira ne Lagje te Spitalit,"
Leshohet banese me qira ne Lagjen e Spitalit
Banesa ka kete renditje:
- 1 dhome gjumi
- sallon dhe kuzhine
- banjo
- ballkon
- koridor
-Shpajz
Qmimi 250€

Per me shume informata mund te na kontaktoni ne numrin
049 124 677
+383 49 124 677",250 EUR,55,250.00,55.0,Spitali,rent,,,,,,,
random,banesa-81272,Banesë me qira në Emshir,"Lëshohet me qira banesa në Emshir, rr.Hysen Gashi.  Banesa është e mobiluar në tërësi, në mënyrë moderne, e gatshme dhe shumë e përshtatshme për banim.
Banesa është e re, ka të gjitha pajisjet e nevojshme funksionale. Sistemin e ngrohjes e ka me Termokos.
Ka depo dhe hapësirë për parkim.
Çmimi: 500
Rënditja
•	Sallon dhe Kuzhinë
•	2 Dhoma gjumi
•	Banjo&WC
•	Ballkon
•	Koridor

Kodi: 3588

Për më shumë informata mund të na beni like faqen tone ne facebook
Smart Real Estate,
bit.ly/2htS4cY
, si dhe
",500 EUR,1,500.00,,Emshir,rent,,,,,,,
random,banesa-80118,Banesë me qira në Lakrishtë,"Lëshohet me qira banesa në Lakrishtë, Banesa është e mobiluar në tërësi, në mënyrë moderne dhe shumë përshtatshme për banim.
Banesa ka të gjitha pajisjet e nevojshme funksionale. Ndodhet në katin e 7. Sistemin e ngrohjes e ka me Termokos.
Sipërfaqe: 120m²
Çmimi: 500
Rënditja
• Sallon dhe Kuzhinë
• 2 Dhoma gjumi
• Banjo
• Koridor
• Ballkon
Kodi: 3455
Për më shumë informata mund të na beni like faqen tone ne facebook
Smart Real Estate,
bit.ly/2htS4cY
, si dhe
www.instagram.com/realestatesmart/

ap",500 EUR,120,500.00,120.0,Lakrishte,rent,,,,,,,
random,banesa-48645,GASONIERA ME QERA AFER HOTEL GRAND-IT,"● Banese per qera ne Qender(Afer Hotel Grand)
● Kati perdhese ; Sipërfaqe - 15m²
● 1 Hapsire (Dhome dite,banjo)
● Posedon ngrohje qendrore Termokos
● Çmimi 150€

● Tel. & Viber: 049/888801
● Email:
[email protected]

● Facebook:
www.facebook.com/ZOGUREALESTATE
",150 EUR,15,150.00,15.0,,rent,,,,,,,
random,banesa-52455,Banese me qira ne Emshir,"Leshohet banese me qira ne Emshir, objekti i Nartelit te banesat e Arabve.
Banesa ndodhet ne katin e 1, dhe ka ngrohje me termokos.

Banesa ka kete renditje:
- dhom gjumi
- sallon dhe kuzhine
- banjo
- koridor
- depo
- ballkon


Qmimi 250€
bit.ly/3n3a6PU


Per me shume informata mund te na kontaktoni ne numrin
044 333 511
+383 44 333 511
",250 EUR,60,250.00,60.0,Emshir,rent,,,,,,,
random,banesa-60523,Banese me qira ne Lagje te Spitalit,"Banesë me qira në lagjen  e Spitalit, banesa eshte e mobiluar ne teresi
Sipërfaqe:80
Çmimi i qirasë:320
Renditja:
♦Sallon me kuzhinë
♦2 Dhomë gjumi
♦Banjo
♦Ballkon
♦Korridor

Për më shumë informata mund të na beni like faqen tone ne facebook Smart Real Estate,
bit.ly/2htS4cY
, apo per me shume oferta apo banesa te lira:
www.merrmeqira.com/user/profile/smart

ose mund të na kontaktoni në këtë numër telefoni
044 393 777
WhatsApp & Viber
+38344 393 777
",320 EUR,80,320.00,80.0,Spitali,rent,,,,,,,
random,banesa-40036,Leshohet banese me qira ne Aktash,"
Leshohet banese me qira ne Aktash
Banesa ka kete renditje:
- 2 dhoma gjumi
- sallon dhe kuzhine
- banjo
- ballkon
- koridor
-Shpajz
Qmimi 290€

Per me shume informata mund te na kontaktoni ne numrin
049 124 677
+383 49 124 677",290 EUR,69,290.00,69.0,Aktash,rent,,,,,,,
random,banesa-64176,Banese me qira ne lagjen Ulpiane,"Banesë me qira në lagjen Ulpiane, banesa eshte e mobiluar ne teresi,
Sipërfaqe:69
Çmimi i qirasë:400
Renditja:
♦Sallon me kuzhinë
♦Dhomë gjumi
♦Banjo
♦2 Ballkona
♦Korridor

Për më shumë informata mund të na beni like faqen tone ne facebook Smart Real Estate,
bit.ly/2htS4cY
, apo per me shume oferta apo banesa te lira:
www.merrmeqira.com/user/profile/smart

ose mund të na kontaktoni në këtë numër telefoni
044 393 777
WhatsApp & Viber
+383 44 393 777
",400 EUR,69,400.00,69.0,Ulpiana,rent,,,,,,,
random,banesa-79039,Banesë me qira në Emshir,"Lëshohet me qira banesa në Emshir, në kompleksin banesor: EXDC. Banesa është e mobiluar në tërësi dhe e pershtatshme për banim.
Banesa ndodhet në katin e 6, posedon ashensor.
Sipërfaqe: 56m²
Çmimi: 330
Rënditja
•	Sallon dhe Kuzhinë
•	Dhomë gjumi
•	Banjo & WC
•	Koridor

Kodi: 3268

Për më shumë informata mund të na beni like faqen tone ne facebook
Smart Real Estate,
bit.ly/2htS4cY
, si dhe
www.instagram.com/realestatesmart/

apo per me shume oferta apo banesa te lira:
www.merrmeqira.com/user/prof",330 EUR,56,330.00,56.0,Emshir,rent,,,,,,,
random,banesa-78559,Banese me qira ne lagjen Mati 1,"Leshohet banesa me qira ne lagjen Mati 1, rruga Ndue Perlleshi.
Banesa gjendet te kompleksi RREZJA, katin e 1(pare) dhe posedon lift (ashensor).
Posedon kete renditje:
Salloni
Kuzhina
2 Dhoma Gjumi
Banjo
Ballkon
Koridor.
Banesa eshte teresisht e mobiluar dhe e gatshme per banim.
Ne afersi te baneses eshte afer shkolla fillore ""Iliria"", parku per femije dhe gjithashtu hapesire e mjaftueshme parkingu.
Gjithashtu banesa posedon ngrohje qendrore individuale me rryme si dhe klime.
Qmimi:300E(+depozit",300 EUR,85,300.00,85.0,Mati,rent,,,,,,,
random,banesa-30174,Shitet banesa ne lagjen Ulpiana,"Shitet banesa ne lagjen Ulpiana perballe AAK-se, kati i 2-te e mobiluar, dokumentacioni, ne rregull, mund te perdoret edhe per zyre, 22m2.

Renditja:
Sallon me kuzhine / Banjo
Qmimi: 31 000 €

Per me shume informata rreth kesaj banese mund te na shkruani linkun me id ose nje screenshot te shpalljes, apo nje kerkese tuajen per banesa tjera, ne kete numer telefoni:
045 190 019
WhatsApp & Viber
+383 45 190 019","31,000 EUR",22,31000.00,22.0,Ulpiana,sale,,,,,,,
random,banesa-78325,Banesë me qira te Lagjia e Spitalit,"Lëshohet me qira banesa te Lagjia e Spitalit. Banesa është e re, e mobiluar në tërësi dhe shumë e përshtatshme për banim.
Banesa është e pabanuar më parë, lëshohet vetëm për çifte ose moter, vëlla.
Çmimi: 300
Rënditja:
•	Sallon dhe Kuzhinë
•	1 Dhomë gjumi
•	Banjo
•	Ballkon
•	Koridor

Kodi: 3217

Për më shumë informata mund të na beni like faqen tone ne facebook
Smart Real Estate,
bit.ly/2htS4cY
, si dhe
www.instagram.com/realestatesmart/

apo per me shume oferta apo banesa te lira:
www.merrmeqir",300 EUR,1,300.00,,Spitali,rent,,,,,,,
random,banesa-56935,Banese me qira ne lagjen Rruga B 1+1,"Banesë me qira në lagjen Rruga B,te Alko Group,te kafiteria DelPosto.Banesa eshte e mobiluar ne teresi dhe me pamje nga lindja.Lift funksional.
Kati:4
Sipërfaqe:55 m2
Çmimi i qirasë:350
Renditja:
♦Sallon me kuzhinë
♦Dhomë gjumi
♦Banjo
♦Ballkon
♦Korridor

Për më shumë informata mund të na beni like faqen tone ne facebook Smart Real Estate,
bit.ly/2htS4cY
,  ose mund të na kontaktoni në këtë numër telefoni
044 393 777
WhatsApp & Viber
+38344 393 777
",350 EUR,55,350.00,55.0,,rent,,,,,,,
random,banesa-79187,Banese me qira ne Lakrishte,"Leshohet banesa me qera ne Lakrishte - 75m2
Banesa eshte ne katin e peste, posedon 2 dhoma gjumi, dhome dite, kuzhine, banjo e ballkon.
Banesa eshte komplet e mobiluar dhe me te gjitha pajisjet e nevojshme per banim.
Çmimi 450€
bit.ly/3n3a6PU


Per me shume informata mund te na kontaktoni ne numrin
049 124 677
+383 49 124 677
044 333 511
+383 44 333 511",450 EUR,75,450.00,75.0,Lakrishte,rent,,,,,,,
random,banesa-68211,Shitet banesa te Bregu i Diellit,"SHITET banesa te Bregu i Diellit, mbrapa Royal Mall.
Banesa është e mobiluar dhe e gatshme për banim.
Banesa ndodhet në katin e 3. Ka sistemin e ngrohjes me rrymë.

Sipërfaqe 78m²
Çmimi: 90.000
Rënditja
• Sallon dhe kuzhinë
• 2 Dhoma gjumi
• Banjo
• Ballkon

Kontaktoni në 045190019","90,000 EUR",107,90000.00,107.0,,sale,,,,,,,
random,banesa-52121,Banese me qira ne lagjen FushKosove 1+1,"2 Banesa me qira në lagjen qender te rrethi i Fushekosove. Banesa eshte komplet e mobiluar, moderne shume komode per banim pothuajse te reja mobilet .
Kati: 5-te lift funksional
Sipërfaqe: 55m2
Çmimi I qirasë: 180 € plus depozit , afatgjate
Renditja:
♦Sallon me kuzhinë
♦Dhomë gjumi
♦Banjo
♦Ballkon
♦Korridor
Për më shumë informata mund të na beni like faqen tone ne facebook Smart Real Estate,
bit.ly/2htS4cY
, ose mund të na kontaktoni në këtë numër telefoni
044/393-777
WhatsApp & Viber
+383 44 39",180 EUR,55,180.00,55.0,,rent,,,,,,,
random,banesa-61372,SHITET  BANESA NE ULPIANE!,"SHITET BANESA NE ULPIAN !
Lagjia ""Ulpiana Zona Qender"" afer shkolles se mjeksise perball mbikalimit
62m2 kati 3
Banesa eshte e renovuar komlet me nje standard shume te lart
Banesa shitet me mobile
Banesa ka kete renditje:
- 2 dhoma gjumi
- sallon dhe kuzhine
- banjo
- ballkon
- koridor
- Depo
Qmimi 125000!
bit.ly/3n3a6PU


Per me shume informata mund te na kontaktoni ne numrin
049 124 677
+383 49 124 677

","125,000 EUR",62,125000.00,62.0,,sale,,,,,,,
random,banesa-80738,Banesë/zyre me qira në Tophane,"Lëshohet me qira banesa/zyre në lagjen Tophane, Banesa është e gatshme dhe e përshtatshme për punë.
Sipërfaqe: 60m²
Çmimi: 280
Rënditja
• Kuzhinë
• 2 Hapësira pune
• Banjo
• Ballkon
• Koridor
Kodi: 3512
Për më shumë informata mund të na beni like faqen tone ne facebook
Smart Real Estate,
bit.ly/2htS4cY
, si dhe
www.instagram.com/realestatesmart/

apo per me shume oferta apo banesa te lira:
www.merrmeqira.com/user/profile/smart

gjirafa.com/…

esa&amp;llshp=Qira
ose mund të na kontaktoni në këtë ",280 EUR,60,280.00,60.0,Tophane,rent,,,,,,,
random,banesa-73053,Banesë me qira në Lakrishtë,"Lëshohet me qira banesa në Lakrishtë. E mobiluar në tërësi dhe shumë e përshtatshme për banim.

Banesa ndodhet në katin e 5 dhe posedon ashensor.
Sipërfaqe: 75m²
Çmimi: 400
Renditja:
•	Sallon dhe Kuzhinë
•	2 Dhoma gjumi
•	Banjo
•	Ballkon

Kodi: 2902

Për më shumë informata mund të na beni like faqen tone ne facebook
Smart Real Estate,
bit.ly/2htS4cY
, si dhe
www.instagram.com/realestatesmart/

apo per me shume oferta apo banesa te lira:
www.merrmeqira.com/user/profile/smart

gjirafa.com/…

esa&a",400 EUR,75,400.00,75.0,Lakrishte,rent,,,,,,,
random,banesa-80858,Banesë me qira në Arbëri,"Lëshohet me qira banesa në Arbëri, rruga ‘Ferid Curri’, përball Minimax-it. Banes është e re, e mobiluar në tërësi, e gatshme dhe shumë e përshtatshme për banim.
Banesa ndodhet në katin e 2, posedon ashensor.
Sipërfaqe: 130m²
Çmimi: 600
Rënditja
• Sallon dhe Kuzhinë
• 3 Dhoma gjumi
• Banjo
• Koridor
• Depo
• Ballkon
Kodi: 3527
Për më shumë informata mund të na beni like faqen tone ne facebook
Smart Real Estate,
bit.ly/2htS4cY
, si dhe
www.instagram.com/realestatesmart/

apo per me shume oferta a",600 EUR,130,600.00,130.0,Arbëria,rent,,,,,,,
random,banesa-53079,Banese me qira ne lagjen Arberia,"Banesë me qira në lagjen Arberia,ne rrugen Vicianum,afer Meridianit dhe Viva Fresh Store kompleksi Tregtia
Banesa eshte e mobiluar ne tersi e pabanuar me pare
Kati:6
Sipërfaqe:67m2
Çmimi i qirasë:300
Renditja:
♦Sallon me kuzhinë
♦1Dhomë gjumi
♦Banjo dhe shpajz
♦Ballkon
♦Korridor
Për më shumë informata mund të na beni like faqen tone ne facebook Smart Real Estate,
bit.ly/2htS4cY
, ose mund të na kontaktoni në këtë numër telefoni
044 393 777
WhatsApp & Viber
+383 44 393 777",300 EUR,67,300.00,67.0,Arbëria,rent,,,,,,,
random,banesa-79851,Banese me qira ne Qender,"Leshohet banese me qira ne Qender afer ministrise se Arsimit, gjendet ne katin e 8-te me lift funksional, ngrohje qendrore me termokos.
Banesa ka kete renditje:
- Sallon
- Kuzhine
- Dhome gjumi
- Banjo
- Ballkon
- Koridor
Cmimi: 500 euro

bit.ly/3n3a6PU

Per me shume informata mund te na kontaktoni ne numrin
049 124 677 WhatsApp dhe Viber +383 49 124 677
044 333 511 WhatsApp dhe Viber +383 44 333 511",500 EUR,66,500.00,66.0,Qendra,rent,,,,,,,
random,banesa-78237,Banesë me qira në Lagjen e Spitalit,"Lëshohet me qira banesa në Lagjen e Spitalit, në rrugën A. Banesa është e përshtatshme për zyre dhe për banim.
Sistemin e ngrohjes e ka me Termokos. Banesa mund të mobilohet me kërkesë të klientit për banim.
Sipërfaqe: 134m²
Çmimi: 400
Rënditja:
•	Sallon dhe Kuzhinë
•	3 Dhoma gjumi
•	Banjo
•	Depo
•	Ballkon
•	Koridor

Kodi: 3307

Për më shumë informata mund të na beni like faqen tone ne facebook
Smart Real Estate,
bit.ly/2htS4cY
, si dhe
www.instagram.com/realestatesmart/

apo per me shume oferta",400 EUR,134,400.00,134.0,Spitali,rent,,,,,,,
random,banesa-78256,Banesë me qira në Lagjen e Spitalit,"Lëshohet me qira banesa në Lagjen e Spitalit. Banesa është e mobiluar dhe e përshtatshme për banim.
Sistemin e ngrohjes e ka me Termokos. Banesa ndodhet në katin e 3.
Sipërfaqe: 90m²
Çmimi: 400
Rënditja:
• Sallon dhe Kuzhinë
• 2 Dhoma gjumi
• Banjo
• Depo
• Ballkon
• Koridor
Kodi: 3308
Për më shumë informata mund të na beni like faqen tone ne facebook
Smart Real Estate,
bit.ly/2htS4cY
, si dhe
www.instagram.com/realestatesmart/

apo per me shume oferta apo banesa te lira:
www.merrmeqira.com/user",400 EUR,90,400.00,90.0,Spitali,rent,,,,,,,
random,banesa-47753,Banese me qira ne lagjen Emshir,"Banesë me qira në lagjen Kalaria te objektet e Nartelit afer statcioit te autobuseve,eshte ne katin e V,eshte e mobiluar dhe ka hapesir te mjaftushme parkingu.
Kati:V
Sipërfaqe:52 m2
Çmimi i qirasë:250
Renditja:
♦Sallon me kuzhinë
♦1 Dhomë gjumi
♦Banjo
♦Ballkon
♦Korridor

Për më shumë informata mund të na beni like faqen tone ne facebook Smart Real Estate,
bit.ly/2htS4cY
,  ose mund të na kontaktoni në këtë numër telefoni
044 393 777
WhatsApp & Viber
+383 44 393 777
",250 EUR,52,250.00,52.0,Emshir,rent,,,,,,,
random,banesa-46277,Super banese ne lagjen Arberia,"Banesë me qira në lagjen Arberia, banesa eshte e mobiluar ne menyre moderne afer komunes se re ,Viva fresh Meridian dhe Five Star,shume pak e banuar.
Kati:5-te, hyrja e dyte nr 21 ,mbi sensens Rest
Sipërfaqe:55m2
Çmimi i qirasë:270€ plus depoziti i obliguar
Renditja:
♦Sallon me kuzhinë
♦Dhomë gjumi
♦Banjo
♦Ballkon
♦Korridor

Për më shumë informata mund të na beni like faqen tone ne facebook Smart Real Estate,
bit.ly/2htS4cY
, ose mund të na kontaktoni në këtë numër telefoni
044/393-777
WhatsApp ",270 EUR,56,270.00,56.0,Arbëria,rent,,,,,,,
random,banesa-79537,Banese ne shitje ne Rrugen A,"Shitet Banesa te Rruga A, me dalje direkte ne rrugen A, kati i 4-te. 94 m2

Banesa ka:
- Sallon
- Kuzhine
- 2 Dhoma te fjetjes
- Ballkon
- Koridor
- Depo
- Banjo
Pamje ne dy anet e nderteses lindje dhe perendim
Cmimi : 1280 euro m2

bit.ly/3n3a6PU

Per me shume informata mund te na kontaktoni ne numrin
049 124 677 WhatsApp dhe Viber +383 49 124 677
044 333 511 WhatsApp dhe Viber +383 44 333 511","1,280 EUR",94,1280.00,94.0,Lakrishte,sale,,,,,,,
random,banesa-53630,Banes ne shitje ne lagjen Bregu i Diellit 1+1,"Banesë ne shitje në lagjen Bregu i diellit perball Royall Mall.Banesa eshte e mobiluar ne teresi.
Kati:1
Sipërfaqe:48 m2 neto(54 Bruto).
Çmimi I shitjes:68 000
Renditja:
♦Sallon me kuzhinë
♦Dhomë gjumi
♦Banjo
♦Ballkon
♦Korridor

Për më shumë informata mund të na beni like faqen tone ne facebook Smart Real Estate,
bit.ly/2htS4cY
,  ose mund të na kontaktoni në këtë numër telefoni
044 393 777
WhatsApp & Viber
+38344 393 777","68,000 EUR",48,68000.00,48.0,Bregu i Diellit,sale,,,,,,,
random,banesa-41764,Banese me qira ne lagjen e Spitalit,"Leshohet banese me qira ne Lagje te Spitalit,objekti te Super Viven
Banesa ka kete renditje:
- 2 dhoma gjumi
- sallon dhe kuzhine
- banjo
- ballkon
- koridor
-Depo
Qmimi 300€
bit.ly/3n3a6PU


Per me shume informata mund te na kontaktoni ne numrin
044 333 511
+383 44 333 511




",300 EUR,76,300.00,76.0,Spitali,rent,,,,,,,
random,banesa-83249,Lëshohet banesa (Kat Shtëpie) me qera në lagjën Aktash,"Lëshohet banesa (Kat Shtëpie) me qera në lagjën Aktash. Banesa është në katin e II-të, ka sipërfaqe prej 150m², dhe përbëhet nga një salloni,  një kuzhinë,  tryezari, dy dhoma gjumi, një banjo, dy ballkona, shpajz,…Në banesë ka ngrohje qëndrore, uje dhe rrymë 24h, alarm, kamera. Banesa është e mobiluar në tërsi. Pronari i paguan te gjitha shpenëzimet, përveç rrymës!… Për më shumë ju lutemi të na kontaktoni në këtë Nr, tel ose na vizitoni në web faqën tonë.....

045 / 774 - 477
www.prishtinaestat",500 EUR,150,500.00,150.0,,rent,,,,,,,
random,banesa-52199,Banes ne shitje ne lagjen Ulpiane 1+1,"Banesë ne shitje në lagjen Ulpiana.Banesa gjendet ne soliterin e trete(3),eshte ndertim i vjeter dhe ka nje renditje shume te pershtateshme per banim.Afer baneses gjenden te gjitha komoditetet per te cilat keni nevoje gjate dites.
Dokumentacioni eshte i rregullt me fleteposeduese.
Kati:8
Sipërfaqe:52
Çmimi I shitjes:1200 m2
Renditja:
♦Sallon me kuzhinë
♦Dhomë gjumi
♦Banjo
♦Ballkon
♦Korridor

Për më shumë informata mund të na beni like faqen tone ne facebook Smart Real Estate,
bit.ly/2htS4cY
,  o","1,200 EUR",52,1200.00,52.0,Ulpiana,sale,,,,,,,
random,banesa-62967,Banese me qira ne lagjen Ulpiana,"Banesë me qira në lagjen Ulpiane, eshte e mobiluar ,te restaurant Xhidi afer Matiise dhe soliterave
Sipërfaqe:40 kati i 2 nuk ka lift
Çmimi i qirasë:250 plus depozita
Renditja:
♦Sallon me kuzhinë
♦Banjo
♦Ballkon
♦Korridor

Për më shumë informata mund të na beni like faqen tone ne facebook Smart Real Estate,
bit.ly/2htS4cY
, apo per me shume oferta apo banesa te lira:
www.merrmeqira.com/user/profile/smart

ose mund të na kontaktoni në këtë numër telefoni
044 393 777
WhatsApp & Viber
+38344 393 77",250 EUR,40,250.00,40.0,Ulpiana,rent,,,,,,,
random,banesa-60147,Banese me qira ne lagjen Rruga B,"Banesë me qira në lagjen rruga B, afer Max-it 24,gjendet ne nje zone mjafte te mire dhe te qete.Objekti banesor ka lift funksional,hapsira te mjaftueshme per parking.
Kati:4
Sipërfaqe:85 m2
Çmimi i qirasë:370
Renditja:
♦Sallon me kuzhinë
♦2Dhomë gjumi
♦Banjo
♦2Ballkon
♦Korridor

Për më shumë informata mund të na beni like faqen tone ne facebook Smart Real Estate,
bit.ly/2htS4cY
, apo per me shume oferta apo banesa te lira:
www.merrmeqira.com/user/profile/smart

ose mund të na kontaktoni në këtë ",370 EUR,85,370.00,85.0,,rent,,,,,,,
random,banesa-78679,Banesë me qira në Emshir,"Ofrohet me qira banesa në Kalabri, rruga Rexhep Krasniqi. Banesa është e mobiluar në tërësi dhe e përshtatshme për banim.
Sipërfaqe: 67m²
Çmimi: 290
Rënditja:
•	Sallon dhe Kuzhinë
•	Dhomë gjumi
•	Banjo
•	Ballkon

Kodi: 3241

Për më shumë informata mund të na beni like faqen tone ne facebook
Smart Real Estate,
bit.ly/2htS4cY
, si dhe
www.instagram.com/realestatesmart/

apo per me shume oferta apo banesa te lira:
www.merrmeqira.com/user/profile/smart

gjirafa.com/…

esa&amp;llshp=Qira
ose mund të ",290 EUR,67,290.00,67.0,Emshir,rent,,,,,,,
random,banesa-78216,Banesë me qira te Qafa,"Lëshohet me qira banesa/zyre te Qafa, rruga UÇK, kati përdhesë. Banesa është shumë e përshtatshme për punë.
Sipërfaqja: 35m²
Çmimi: 300
Rënditja:
Hapësirë pune
Banjo
Koridor
Kodi: 3301
Për më shumë informata mund të na beni like faqen tone ne facebook
Smart Real Estate,
bit.ly/2htS4cY
, si dhe
www.instagram.com/realestatesmart/

apo per me shume oferta apo banesa te lira:
www.merrmeqira.com/user/profile/smart

gjirafa.com/…

esa&amp;llshp=Qira
ose mund të na kontaktoni në këtë numër telefoni
044",300 EUR,35,300.00,35.0,Qafa,rent,,,,,,,
random,banesa-44189,Banese me qira ne Emshir,"Banesë me qira në lagjen Emshir kullat e Arabve me termoks,, banesa eshte komplet e mobiluar shume moderne,
Sipërfaqe:85m2
Çmimi i qirasë:250€
Renditja:
♦Sallon me kuzhinë
♦2 Dhomë gjumi
♦Banjo
♦2 Ballkona
♦Korridor

Për më shumë informata mund të na beni like faqen tone ne facebook Smart Real Estate,
bit.ly/2htS4cY
,  ose mund të na kontaktoni në këtë numër telefoni
044/393-777
WhatsApp & Viber
+383 44 393 777
",250 EUR,85,250.00,85.0,Emshir,rent,,,,,,,
random,banesa-49237,Banese me qira ne Ulpiane,"Leshohet banese me qira ne Ulpiane,Te AAK
Banesa ka kete renditje:
- dhoma gjumi
- sallon dhe kuzhine
- banjo
- ballkon
- koridor
Qmimi 230€
bit.ly/3n3a6PU

Per me shume informata mund te na kontaktoni ne numrin
044 333 511
+383 44 333 511",230 EUR,40,230.00,40.0,Ulpiana,rent,,,,,,,
random,banesa-49270,Zyre me qira ne Lagje te Spitalit,"Leshohet Zyre me qira ne Lagje te Spitalit,Iliran Castle
Banesa ka kete renditje:
- dhoma gjumi
- sallon dhe kuzhine
- banjo
- ballkon
- koridor
Qmimi 300€
bit.ly/3n3a6PU

Per me shume informata mund te na kontaktoni ne numrin
044 333 511
+383 44 333 511",300 EUR,65,300.00,65.0,Spitali,rent,,,,,,,
random,banesa-56616,Banes(Gasoniere)me qira ne lagjen Pejton,"Banesë (Gasonjere)me qira në lagjen Pejton,afer shkolles fillore Faik Konica.Banesa eshte e mobiluar ne teresi.
Kati:4
Sipërfaqe:40 m2
Çmimi i qirasë:250
Renditja:
♦Sallon me kuzhinë ndamas
♦Dhomë gjumi
♦Banjo
♦Ballkon
♦Korridor

Per me shume informata rreth kesaj banese mund te na shkruani linkun me id ose nje screenshot te shpalljes, apo nje kerkese tuajen per banesa tjera, ne kete numer telefoni:
0451 190019
WhatsApp & Viber
+383 45 190 019",250 EUR,40,250.00,40.0,Pejton,rent,,,,,,,
random,banesa-81129,Banesë me qira në Lagjen e Muhaxherëve,"Lëshohet me qira banesa në Lagjen e Muhaxherëve.  Banesa është e re, pamobiluar, e gatshme për banim dhe është e pabanuar më parë.
Banesa ndodhet në katin e 7, posedon ashensor.
Sipërfaqe: 50m²
Çmimi: 400
Rënditja
•	Sallon dhe Kuzhinë
•	Dhomë gjumi
•	Banjo
•	Koridor
•	Ballkon

Kodi: 3577

Për më shumë informata mund të na beni like faqen tone ne facebook
Smart Real Estate,
bit.ly/2htS4cY
, si dhe
www.instagram.com/realestatesmart/

apo per me shume oferta apo banesa te lira:
www.merrmeqira.com/u",400 EUR,50,400.00,50.0,Muhaxhere,rent,,,,,,,
random,banesa-78119,Banesë me qira te Muharrem Fejza,"Lëshohet me qira banesa te rruga Muharrem Fejza, te ‘Pozhegu Brothers’. Është e mobiluar në tërësi, shumë e përshtatshme për banim.
Ndodhet në katin e 8, posedon ashensor. Sistemin e ngrohjes e ka me Termokos.
Banesa është e lirë nga muaji gusht.
Çmimi:300
Banesa ka këtë renditje:
• Sallon dhe Kuzhinë
• Dhomë gjumi
• Banjo
• Ballkon
• Koridor
Kodi: 3280
Për më shumë informata mund të na beni like faqen tone ne facebook
Smart Real Estate,
bit.ly/2htS4cY
, si dhe
www.instagram.com/realestatesmart/",300 EUR,1,300.00,,,rent,,,,,,,
random,banesa-34811,Super banese me qira ne Lagjen e Spitalit,"Leshohet banese me qira ne Lagje te Spitalit, afer rruges B, kompleksi Royal CIty, gjendet ne katin e 5-te, eshte komplet e mobiluar, moderne 80m2.

Renditja:
Sallon me kuzhine
2 dhoma gjumi
Banjo
ballkon
korridor
Qmimi: 300 €

Per me shume informata mund te na kontaktoni ne kete numer telefoni
045 19 00 19
WhatsApp & Viber
+383 45 19 00 19",250 EUR,80,250.00,80.0,Spitali,rent,,,,,,,
random,banesa-77290,Banesë me qira te rruga B,"Lëshohet me qira banesa në rrugën B, Është e mobiluar në tërësi dhe shumë e përshtatshme për banim.
Banesa ka të gjitha pajisjet e nevojshme funksionale.
Ndodhet në katin e 5, posedon ashensor.
Sipërfaqe: 81m²
Çmimi: 420
Banesa ka këtë renditje:
•	Sallon dhe Kuzhinë
•	2 Dhoma gjumi
•	Banjo
•	Ballkon
•	Koridor

Kodi: 3129

Për më shumë informata mund të na beni like faqen tone ne facebook
Smart Real Estate,
bit.ly/2htS4cY
, si dhe
www.instagram.com/realestatesmart/

apo per me shume oferta apo ba",420 EUR,81,420.00,81.0,Dardania,rent,,,,,,,
random,banesa-8278,Banes me qira ne Dardani 3+1,"Leshoj banes me qera ne Dardani te Kurrizi Prishtine, banesat e gjelberta Kati i Pare, 100m2
Banesa Posedon:
- Sallon
- 3 Dhoma gjumi
- Kuzhin
- 2 Banjo
- 2 Ballkona
- 1 Shpajz
Qmimi me marreveshje

Per me shume informata ju lutem na kontaktoni ne numrin
WhatsApp & Viber:
045190019",300 EUR,100,300.00,100.0,Dardania,rent,,,,,,,
random,banesa-84088,Banese me qira ne lagjen Arberia 2+1,"Ofrohet me qira banesa në lagjen Arberia, afër Kumunes se re. ,rruga Ahmet Krasniqi afer Five star dhe Sach Caffe.  Është e mobiluar, në tërësi dhe është e përshtatshme për banim.
Banesa ndodhet në katin e 2
Sipërfaqe: 80m²
Çmimi: 300
Rënditja
• Sallon dhe Kuzhinë
• 2 Dhoma gjumi
• Banjo
• Ballkon
• Koridor
Kodi: 3823
Për më shumë informata mund të na beni like faqen tone ne facebook
Smart Real Estate,
bit.ly/2htS4cY
, si dhe
www.instagram.com/realestatesmart/

apo per me shume oferta apo banesa",300 EUR,80,300.00,80.0,Arbëria,rent,,,,,,,
random,banesa-49738,Banese ne shitje ne Qender_2+1,"Banesë ne shitje në te Parku i Qytetit, afer Hotel Sirius, banesa eshte e mobiluar ne teresi,
Kati:4
Sipërfaqe:85
Çmimi I shitjes:1200
Renditja:
♦Sallon me kuzhinë
♦2 Dhoma gjumi
♦Banjo
♦Ballkon
♦Korridor

Për më shumë informata mund të na beni like faqen tone ne facebook Smart Real Estate,
bit.ly/2htS4cY
,  ose mund të na kontaktoni në këtë numër telefoni
044/393-777
WhatsApp & Viber
+383 44 393 777
","1,200 EUR",85,1200.00,85.0,Qendra,sale,,,,,,,
random,banesa-79826,Banese me qira ne lagjen Emshir,"Leshohet banese me qira ne lagjen Emshir perballe lokalit Roof, eshte e mobiluar komplet, gjendet ne katin e 2-te, ka ballkon me pamje nga rruga kryesore.
Banesa ka kete renditje:
- Sallon
- Kuzhine
- Dhome gjumi
- Banjo
- Ballkon
- Koridor
Cmimi: 300 euro

bit.ly/3n3a6PU

Per me shume informata mund te na kontaktoni ne numrin
049 124 677 WhatsApp dhe Viber +383 49 124 677
044 333 511 WhatsApp dhe Viber +383 44 333 511",300 EUR,65,300.00,65.0,Emshir,rent,,,,,,,
random,banesa-55084,Banese me qira ne lagjen Mati 1 1+1,"Banesë me qira në lagjen  Mati 1 ,ne rrugen Muharrem Fejza afer Viva Freshit.Banesa eshte e mobiluar ne teresi.Lift funksional
Kati:3
Sipërfaqe:60 m2
Çmimi i qirasë:300
Renditja:
♦Sallon me kuzhinë
♦Dhomë gjumi
♦Banjo
♦Ballkon
♦Korridor

Për më shumë informata mund të na beni like faqen tone ne facebook Smart Real Estate,
bit.ly/2htS4cY
,  ose mund të na kontaktoni në këtë numër telefoni
044/393-777
WhatsApp & Viber
+383 393-777

",300 EUR,60,300.00,60.0,Mati,rent,,,,,,,
random,banesa-79284,Banesë me qira në Dardani,"Lëshohet me qira banesa në Dardani, te Beni Dona. Banesa është e mobiluar dhe shumë e përshtatshme për banim.
Banesa ka të gjitha pajisjet e nevojshme, ndodhet në katin e 5.
Çmimi: 450
Rënditja
• Sallon dhe Kuzhinë
• 2 Dhoma gjumi
• Banjo
• Koridor
• Ballkon
Kodi: 3295
Për më shumë informata mund të na beni like faqen tone ne facebook
Smart Real Estate,
bit.ly/2htS4cY
, si dhe
www.instagram.com/realestatesmart/

apo per me shume oferta apo banesa te lira:
www.merrmeqira.com/user/profile/smart

g",450 EUR,1,450.00,,Dardania,rent,,,,,,,
random,banesa-80711,Banese me qira te rruga C,"Lëshohet me qira banes ate ruga C. Banesa është e re, e mobiluar në tërësi, në mënyrë moderne e gatshme dhe shumë e përshtatshme për banim.
Banesa ka të gjitha pajisjet e nevojshme funksionale. Ka hapësirë të mjaftueshme parkimi. Ndodhet në katin e 3.
Sipërfaqe: 85m²
Rënditja
• Sallon dhe kuzhinë
• 2 Dhoma gjumi
• Banjo&WC
• Ballkon
• Koridor
Kodi: 3508
Për më shumë informata mund të na beni like faqen tone ne facebook
Smart Real Estate,
bit.ly/2htS4cY
, si dhe
www.instagram.com/realestatesmart/",1 EUR,85,1.00,85.0,Lakrishte,rent,,,,,,,
random,banesa-43637,Banese ne shitje ne Lagjen Bregu i Diellit,"Banesë ne shitje në lagjen Bregu i Diellit, banesa eshte e renovuar dhe mobiluar,
Kati:3-te
Sipërfaqe:86m2
Çmimi I shitjes:100 000€
Renditja:
♦Sallon me kuzhinë
♦Dhomë gjumi
♦2 Banjo
♦2 Ballkon
♦2 Korridore

Për më shumë informata mund të na beni like faqen tone ne facebook Smart Real Estate,
bit.ly/2htS4cY
,  ose mund të na kontaktoni në këtë numër telefoni
044/393-777
WhatsApp & Viber
+383 44 393 777



","100,000 EUR",86,100000.00,86.0,Bregu i Diellit,sale,,,,,,,
random,banesa-59395,Banese me qira ne lagjen Tophane,"Banesë me qira në lagjen Tophane, eshte ndertim i ri, banesa eshte e mobiluar ne teresi,
Sipërfaqe:60
Çmimi i qirasë:300
Renditja:
♦Sallon me kuzhinë
♦Dhomë gjumi
♦Banjo
♦Ballkon
♦Korridor

Për më shumë informata mund të na beni like faqen tone ne facebook Smart Real Estate,
bit.ly/2htS4cY
, apo per me shume oferta apo banesa te lira:
www.merrmeqira.com/user/profile/smart

ose mund të na kontaktoni në këtë numër telefoni
044 393 777
WhatsApp & Viber
+38344 393 777
",300 EUR,60,300.00,60.0,Tophane,rent,,,,,,,
random,banesa-79003,Banese me qira ne Lagje te Spitalit,"Leshohet banese me qira ne Lagje te Spitalit, rruga Muharrem Fejza, komleksi Rinia te  superviva 2, e mobiluar vetem kuzhina, hapesire shume e madhe dhe shume e pershtatshme per banim.
Kati i 5-te me lift funksional, ngrohje qendrore me Termokos.
Siperfaqe 113m2
Banesa ka kete renditje:
- Sallon
- Kuzhine
- 3 Dhoma gjumi
- Banjo
- Wc
- Ballkon
- Koridor
Cmimi: 370 euro

bit.ly/3n3a6PU

Per me shume informata mund te na kontaktoni ne numrin
049 124 677 WhatsApp dhe Viber +383 49 124 677
044 333 5",370 EUR,113,370.00,113.0,Spitali,rent,,,,,,,
random,banesa-59815,Banese me qira ne Qender,"Leshohet banese me qira ne Rrugen Agim Ramadani ,Kati 3
Banesa eshte afer MINISTRIS SE ARSIMIT
Banesa ka kete renditje:
- 2 dhoma gjumi
- Sallon
- Kuzhine
- Banjo
- Vc
- Ballkon
- Koridor
- Nxemje qendrore me Termokos
Qmimi 400€

bit.ly/3n3a6PU

Per me shume informata mund te na kontaktoni ne numrin
044 333 511
+383 44 333 511
049 124 677
+383 49 124 677",400 EUR,85,400.00,85.0,Qendra,rent,,,,,,,
random,banesa-65222,Banesë me qira te Lagjia e Muhaxherëve,"Lëshoj Banesen me qira në Lagjen e Muhaxherëve
Sipërfaqe: 65m2
Çmimi i qirasë: 320
Renditja:
♦Sallon me kuzhinë
♦Dhomë gjumi
♦Banjo
♦Ballkon
♦Korridor
Për më shumë informata mund të na beni like faqen tone ne facebook Smart Real Estate,
bit.ly/2htS4cY
, apo per me shume oferta apo banesa te lira:
www.merrmeqira.com/user/profile/smart

ose mund të na kontaktoni në këtë numër telefoni
044 393 777
WhatsApp & Viber
+383 44 393 777",320 EUR,65,320.00,65.0,,rent,,,,,,,
random,banesa-53074,Banese ne shitje ne lagjen Tophane_2+1,"SHITET Banesë  në lagjen Tophane, rruga Pjeter Bogdani afer qendres dhe Viva Fresh dhe Baholleve, eshte e mobiluar ne teresi,shume afer qendres
Kati:7 lift funksional ,nxemja me kallda
Sipërfaqe:87m2
Çmimi i shitjes:1150 per m2 dhe shitet me mobile , si dhe banesa eshte e leshuar me qera afatgjate me nje familje
Renditja:
♦Sallon me kuzhinë
♦2 Dhomë gjumi
♦Banjo dhe wc
♦Ballkon i madh dhe shpajz
♦Korridor
Banesa nuk ka fleteposeduese, kontrata behet te Avokati
Për më shumë informata mund të na b","1,150 EUR",87,1150.00,87.0,Tophane,sale,,,,,,,
random,banesa-47794,Banese me qira ne lagjen Arberi,"Banesë me qira në lagjen Arberia Rruga Ahmet Krasniqi afer Five star Sach Caffe dhe Ambasades se Zvicrres e tera e mobiluar extra kati i 1 qmimi 350 2 dhoma plus sallon 86m2
Kontakt
Kati:1
Sipërfaqe:86
Çmimi i qirasë:350
Renditja:
♦Sallon me kuzhinë
♦2Dhomë gjumi
♦Banjo
♦Ballkon
♦Korridor

Për më shumë informata mund të na beni like faqen tone ne facebook Smart Real Estate,
bit.ly/2htS4cY
,  ose mund të na kontaktoni në këtë numër telefoni
044 393 777
WhatsApp & Viber
+383 44393 777
",350 EUR,86,350.00,86.0,Arbëria,rent,,,,,,,
random,banesa-56231,Banese me qira ne lagjen Mati 1 1+1,"Banesë me qira në lagjen Mati 1,ne kompleksin Pozhergu Brother me qasje nga rruga C dhe Muharrem Fejza.Banesa eshte e mobiluar ne teresi.Gjithashtu ne dispozicion te qiramarresit eshte ne shfrytezim edhe garazha.
Kati:2
Sipërfaqe:55 m2
Çmimi i qirasë:250
Renditja:
♦Sallon me kuzhinë
♦Dhomë gjumi
♦Banjo
♦Ballkon
♦Korridor

Për më shumë informata mund të na beni like faqen tone ne facebook Smart Real Estate,
bit.ly/2htS4cY
,  ose mund të na kontaktoni në këtë numër telefoni
044 393 777
WhatsApp & ",250 EUR,55,250.00,55.0,Mati,rent,,,,,,,
random,banesa-56709,Banese me qira ne lagjen Bregu i Diellit 2+1,"Banesë me qira në lagjen Bregu I Diellit,ne rrugen Hilmi Rakovica,perball shkolles fillore,Ismail Qemajli,perball furres Artizan,me pamje kah lindja.Banesa eshte e mobiluar ne teresi.
Kati:4 (pa lift)
Sipërfaqe:95 m2
Çmimi i qirasë:390
Renditja:
♦Sallon me kuzhinë
♦2Dhomë gjumi
♦Banjo
♦Ballkon
♦Korridor
♦Shpajz
Për më shumë informata mund të na beni like faqen tone ne facebook Smart Real Estate,
bit.ly/2htS4cY
,  ose mund të na kontaktoni në këtë numër telefoni
044 393 777
WhatsApp & Viber
+3834",390 EUR,95,390.00,95.0,Bregu i Diellit,rent,,,,,,,
random,banesa-30971,Banese ne shitje ne lagjen Arberia,"Shitet Banesa ne lagjen Arberia. Eshte komplet e mobiluar, e re, dhe moderne. Gjendet ne katin e 1-are, 45m2.
Renditja:
Sallon me kuzhine, dhome gjumi, banjo, ballkon, korridor.
Çmimi: 50 000 €

Per me shume informata rreth kesaj banese mund te na shkruani linkun me id ose nje screenshot te shpalljes, apo nje kerkese tuajen per banesa tjera, ne kete numer telefoni:
049 124 677
WhatsApp & Viber
+383 49 124 677","50,000 EUR",45,50000.00,45.0,Arbëria,sale,,,,,,,
random,banesa-75292,Banesë me qira në Arbëri,"Leshohet me qira banesa në lagjen Arberia, te kompleksi Tregtia. Banesa është e mobiluar në tërësi dhe shumë e pershtatshme per banim.
Ka të gjitha pajisjet e nevojshme. Banesa ka sistemin e ngrohjes me Termokos.
Renditja:
•	Sallon dhe Kuzhinë
•	2 Dhoma gjumi
•	Banjo
•	Ballkon
•	Koridor

Kodi: 3031

Për më shumë informata mund të na beni like faqen tone ne facebook
Smart Real Estate,
bit.ly/2htS4cY
, si dhe
www.instagram.com/realestatesmart/

apo per me shume oferta apo banesa te lira:
www.merrm",1 EUR,0,1.00,,Arbëria,rent,,,,,,,
random,banesa-81659,Shitet banesa në Tasligje,"SHITET banesa në Tasligje, rruga ‘Haki Taha’afer Hamburger Aba dhe Mbrapa Meridian Market. Banesa është e mobiluar, e gatshme për banim e leshuar me qera
Ka të gjitha pajisjet e nevojshme funksionale.
Sipërfaqe: 67m²
Renditja:
•	Sallon dhe Kuzhinë
•	Dhomë gjumi
•	Banjo
•	Ballkon
•	Koridor
Qmimi 72000 ,kontrata te Avokati nuk ka flete poseduese
Kodi: 3629

Për më shumë informata mund të na beni like faqen tone ne facebook
Smart Real Estate,
bit.ly/2htS4cY
, si dhe
www.instagram.com/realestatesmar",1 EUR,67,1.00,67.0,Taslixhe,sale,,,,,,,
random,banesa-61376,Banese me qira ne Rrugen B,"Leshohet banese me qira ne Rr B , te vivafresh
Banesa ka kete renditje:
- 2 dhoma gjumi
- Sallon
- Kuzhine
- Banjo
- Vc
- Ballkon
- Koridor
Qmimi 400€

bit.ly/3n3a6PU

Per me shume informata mund te na kontaktoni ne numrin
049 124 677
+383 49 124 677
044 333 511
+383 44 333 511",400 EUR,90,400.00,90.0,Lakrishte,rent,,,,,,,
random,banesa-62782,Banese me qira ne lagjen Tophane_2+1,"Banesë me qira në lagjen Tophane rr. Lidhja e Prizrenit, e mobiluar ne teresi
Kati:4
Sipërfaqe:72
Çmimi i qirasë:350
Renditja:
♦Sallon me kuzhinë
♦ 2 Dhomë gjumi
♦Banjo
♦Ballkon
♦Korridor

Për më shumë informata mund të na beni like faqen tone ne facebook Smart Real Estate,
bit.ly/2htS4cY
, apo per me shume oferta apo banesa te lira:
www.merrmeqira.com/user/profile/smart

ose mund të na kontaktoni në këtë numër telefoni
044 393 777
WhatsApp & Viber
+383 44 393 777",350 EUR,72,350.00,72.0,Tophane,rent,,,,,,,
random,banesa-51224,Banese me qira ne Emshir,"Leshohet banese me qira ne Emshir, te Banesat e Arabve,banesa eshte komplet e mobilur, 90m2
Banesa ka kete renditje:
- 2 dhoma gjumi
- sallon dhe kuzhine
- banjo
- ballkon
- koridor
Qmimi 350€
bit.ly/3n3a6PU


Per me shume informata mund te na kontaktoni ne numrin
049 124 677
+383 49 124 677",350 EUR,90,350.00,90.0,Emshir,rent,,,,,,,
random,banesa-62768,Banese me qira ne lagjen Bregu i Diellit,"Banesë me qira në lagjen Bregu i Diellit, banesa eshte e mobiluar ne teresi,
Sipërfaqe:65
Çmimi i qirasë:270
Renditja:
♦Sallon me kuzhinë
♦Dhomë gjumi
♦Banjo
♦Ballkon
♦Korridor

Për më shumë informata mund të na beni like faqen tone ne facebook Smart Real Estate,
bit.ly/2htS4cY
, apo per me shume oferta apo banesa te lira:
www.merrmeqira.com/user/profile/smart

ose mund të na kontaktoni në këtë numër telefoni
044 393 777
WhatsApp & Viber
+38344 393 777
",270 EUR,65,270.00,65.0,Bregu i Diellit,rent,,,,,,,
random,banesa-52118,Banese me qira ne lagjen Tophane 3+1,"Banesë me qira në lagjen Tophane, afer tregut, shkollen fillore Emin Duraku, Qendren e Mjeksise Familjare.Banesa eshte e mobiluar ne teresi.
Lirohet me 30 Mars.
Kati:1
Sipërfaqe:75 m2
Çmimi i qirasë:230
Renditja:
♦Sallon me kuzhinë
♦3Dhomë gjumi
♦Banjo
♦Ballkon
♦Korridor

Për më shumë informata mund të na beni like faqen tone ne facebook Smart Real Estate,
bit.ly/2htS4cY
,  ose mund të na kontaktoni në këtë numër telefoni
044 393 777
WhatsApp & Viber
+38344 393 777

",230 EUR,75,230.00,75.0,Tophane,rent,,,,,,,
random,banesa-78474,Banesë me qira në Ulpianë,"Lëshohet me qira banesa në Ulpianë, te Fontana. Banesa është e mobiluar në tërësi dhe shumë e përshtatshme për banim.
Banesa ka të gjitha pajisjet e nevojshme, sistemin e ngrohjes e ka me Termokos.
Ndodhet në katin e 2, nuk posedon ashensor.
Sipërfaqe: 60m²
Çmimi: 350
Rënditja:
•	Sallon dhe Kuzhinë
•	1 Dhomë gjumi
•	Banjo
•	Ballkon
•	Koridor

Kodi: 3218

Për më shumë informata mund të na beni like faqen tone ne facebook
Smart Real Estate,
bit.ly/2htS4cY
, si dhe
www.instagram.com/realestatesmart",350 EUR,60,350.00,60.0,Ulpiana,rent,,,,,,,
random,banesa-59935,Banese me qira ne lagjen 4 Llullat(Vellusha) 2+1,"Banesë me qira në lagjen Vellusha afer shkolles fillore Gjergj Fishta.Banesa eshte e mobiluar ne teresi dhe eshte e gateshme per banim.
Çmimi 350 € plus depoziti per nje muaj.
Sipërfaqe:87
Çmimi i qirasë:350
Renditja:
♦Sallon me kuzhinë
♦2Dhomë gjumi
♦2Banjo
♦Ballkon
♦Korridor
♦Shpajz
Për më shumë informata mund të na beni like faqen tone ne facebook Smart Real Estate,
bit.ly/2htS4cY
, apo per me shume oferta apo banesa te lira:
www.merrmeqira.com/user/profile/smart

ose mund të na kontaktoni në",350 EUR,87,350.00,87.0,,rent,,,,,,,
random,banesa-57933,Banese me qira ne lagjen Mati 1,"Leshohet banese me qira ne Breg te Diellit, te Standardi,Kati 1
Banesa ka kete renditje:
- 2 dhoma gjumi
- sallon dhe kuzhine
- banjo
- ballkon
- koridor
Qmimi 350€
bit.ly/3n3a6PU

Per me shume informata mund te na kontaktoni ne numrin
049 124 677
+383 49 124 677
044 333 511
+383 44 333 511",350 EUR,70,350.00,70.0,Mati,rent,,,,,,,
random,banesa-60511,Banese me qira ne lagjen Aktash_2+1,"Banesë me qira në lagjen  Aktash, eshte e pa mobiluar, leshohet edhe per zyre,
Kati:1
Sipërfaqe:72
Çmimi i qirasë:
Renditja:
♦Sallon me kuzhinë
♦2 Dhomë gjumi
♦Banjo
♦Ballkon
♦Korridor

Për më shumë informata mund të na beni like faqen tone ne facebook Smart Real Estate,
bit.ly/2htS4cY
, apo per me shume oferta apo banesa te lira:
www.merrmeqira.com/user/profile/smart

ose mund të na kontaktoni në këtë numër telefoni
044 393 777
WhatsApp & Viber
+38344 393 777
",500 EUR,72,500.00,72.0,Aktash,rent,,,,,,,
random,banesa-81282,Banesë në Shitje te Prishtina e Re,"SHITET banesa te Prishtina e Re, te Premium Residence. Banesa është e re, e përfunduar dhe e gatshme për banim. Banesa ka gjitha dokumentet e nevojshme pra kontrata behet me Noter-perkthimi mënjeherë.
Ndodhet në katin e 5, ka ashensor.
Sipërfaqe: 127.6m²
Çmimi: 1150
Rënditja
• Sallon dhe Kuzhinë
• 2 Dhoma gjumi
• 2 Banjo
• 2 Ballkone
• Koridor
Kodi: 3584
Për më shumë informata mund të na beni like faqen tone ne facebook
Smart Real Estate,
bit.ly/2htS4cY
, si dhe
www.instagram.com/realestatesmart",1 EUR,127,1.00,127.0,Pristina e Re,sale,,,,,,,
random,banesa-40126,Banese me qira ne lagjen Ulpiana,"
Banese me qira ne lagjen Ulpiana
Banesa ka kete renditje:
- 2 dhome gjumi
- sallon dhe kuzhine
- banjo
- ballkon
- koridor
-Shpajz
Qmimi 300€

Per me shume informata mund te na kontaktoni ne numrin
049 124 677
+383 49 124 677",300 EUR,60,300.00,60.0,Ulpiana,rent,,,,,,,
random,banesa-55595,Banese me qira ne lagjen e spitalit 1+1,"Banesë me qira në lagjen e Spitalit,ne rrugen e Shkupit, mbrapa Spitalit Amerikan, ne komplrksin Hill Rezidenc.Banesa eshte e mobiluar ne teresi dhe e re.
Kati:3
Sipërfaqe:65 m2
Çmimi i qirasë:300
Renditja:
♦Sallon me kuzhinë
♦Dhomë gjumi
♦Banjo
♦Ballkon
♦Korridor

Për më shumë informata mund të na beni like faqen tone ne facebook Smart Real Estate,
bit.ly/2htS4cY
,  ose mund të na kontaktoni në këtë numër telefoni
044 393 777
WhatsApp & Viber
+38344 393 777
",300 EUR,65,300.00,65.0,Spitali,rent,,,,,,,
random,banesa-75902,Banese me qira te Rruga B,"Leshohet banese me qira te Rruga B, perballe furres Qerimit 3. Banesa eshte komplet e mobiluar. Kati i 8-te ashensor funksional.
Siperfaqe: 75m2
Banesa ka kete renditje:
- Sallon
- Kuzhine
- 2 Dhoma gjumi
- Banjo
- Ballkon
- Koridor
Cmimi: 330 euro

bit.ly/3n3a6PU

Per me shume informata mund te na kontaktoni ne numrin
049 124 677 WhatsApp dhe Viber +383 49 124 677
044 333 511 WhatsApp dhe Viber +383 44 333 511
",330 EUR,75,330.00,75.0,Dardania,rent,,,,,,,
random,banesa-62773,Banese me qira ne lagjen Ulpiana,"Banesë me qira në lagjen Ulpiane, eshte e mobiluar
Sipërfaqe:50
Çmimi i qirasë:250
Renditja:
♦Sallon me kuzhinë
♦Dhomë gjumi
♦Banjo
♦Ballkon
♦Korridor

Për më shumë informata mund të na beni like faqen tone ne facebook Smart Real Estate,
bit.ly/2htS4cY
, apo per me shume oferta apo banesa te lira:
www.merrmeqira.com/user/profile/smart

ose mund të na kontaktoni në këtë numër telefoni
044 393 777
WhatsApp & Viber
+38344 393 777
",250 EUR,50,250.00,50.0,Ulpiana,rent,,,,,,,
random,banesa-77054,Banese me qira ne Ulpiane,"🎉 Banesë me Qira në Ulpianë! 🏡

📍 Adresa: Rruga “Deshmoret e Kombit”, mbrapa ish Hotel Bacit

💰 Çmimi: 300 euro
🔑 Detajet e Banesës:

⭕️ 2 dhoma gjumi
⭕️ Sallon me kuzhinë
⭕️ Koridor
⭕️ Banjo
⭕️ Ballkon

📍 Karakteristika të Veçanta:
Nxemje qendrore me Termokos
Dritare të reja me 3 xhama dhe roletne të aluminit

📞 Për më shumë informacion ose për të caktuar një vizitë, ju lutem kontaktoni:
049 124 677 WhatsApp dhe Viber +383 49 124 677
044 333 511 WhatsApp dhe Viber +383 44 333 511

",300 EUR,68,300.00,68.0,Ulpiana,rent,,,,,,,
random,banesa-77894,Banesë me qira te Lagjia e Spitalit,"Lëshohet me qira banesa ne Lagje te Spitalit, te Kompleksi Vellezerit Asllani, eshte super e mobiluar, ka nxemje qendrore me Termokos
Kati:4, 86m2
Çmimi:380
Banesa ka këtë renditje:
• Sallon dhe Kuzhinë
• Dy Dhomë gjumi
• Banjo
• Koridor
Kodi: 3270
Për më shumë informata mund të na beni like faqen tone ne facebook
Smart Real Estate,
bit.ly/2htS4cY
, si dhe
www.instagram.com/realestatesmart/

apo per me shume oferta apo banesa te lira:
www.merrmeqira.com/user/profile/smart

gjirafa.com/…

esa&amp",380 EUR,86,380.00,86.0,Spitali,rent,,,,,,,
random,banesa-59128,Banese me qira ne lagjen Arberi,"Banesë me qira në lagjen Arberi, rr. Bashkim Fehmiu, banesa eshte e mobiluar ne teresi,
Kati:3
Sipërfaqe:55
Çmimi i qirasë:250
Renditja:
♦Sallon me kuzhinë
♦Dhomë gjumi
♦Banjo
♦Ballkon
♦Korridor
Kodi 3759
Për më shumë informata mund të na beni like faqen tone ne facebook Smart Real Estate,
bit.ly/2htS4cY
, ose mund të na kontaktoni në këtë numër telefoni
044 393 777
WhatsApp & Viber
+38344 393 777",280 EUR,57,280.00,57.0,Arbëria,rent,,,,,,,
random,banesa-53673,Banes ne shitje ne lagjen Rruga B 1+1,"Banesë ne shitje në lagjen Rruga B,ne rrugen Jakov Xoxa,mbrapa rruges B, tek Lirimi ACL.Banesa eshte 70% e kryer dhe pritet te perfundoj ne fund te viti,t foto e postuar eshte e vjeter - por vetem sa per orientim.Qmimi eshte i pa negociushem.
Kati:5
Sipërfaqe:54 m2
Çmimi I shitjes:65 000
Renditja:
♦Sallon me kuzhinë
♦Dhomë gjumi
♦Banjo
♦Ballkon
♦Korridor

Për më shumë informata mund të na beni like faqen tone ne facebook Smart Real Estate,
bit.ly/2htS4cY
,  ose mund të na kontaktoni në këtë numë","65,000 EUR",54,65000.00,54.0,,sale,,,,,,,
random,banesa-55023,Banese me qira ne lagjen Mati 1 2+1,"Banesë me qira në lagjen Mati1/Lagjja e Spitalir  ,Banesa eshte extra e  mobiluar me te gjitha elementet Rruga e Muharrem Fejza  kompleksi Blini perballe me Super Viva 1 mbrapa Kompleksit Kawa
Kati:7 lift funksional
Sipërfaqe:90 m2
Çmimi i qirasë:500 i diskutueshem.
Renditja:
♦Sallon me kuzhinë
♦2Dhomë gjumi
♦Banjo dhe wc
♦Ballkon
♦Korridor
Për më shumë informata mund të na beni like faqen tone ne facebook Smart Real Estate,
bit.ly/2htS4cY
, ose mund të na kontaktoni në këtë numër telefoni
044 3",500 EUR,0,500.00,90.0,Mati,rent,,,,,,,
random,banesa-61948,Banese me qira te Qafa_1+1,"Banesë me qira te Qafa, banesa eshte e mobiluar ne teresi
Sipërfaqe:65
Çmimi i qirasë:300
Renditja:
♦Sallon me kuzhinë
♦Dhomë gjumi
♦Banjo
♦Ballkon
♦Korridor

Për më shumë informata mund të na beni like faqen tone ne facebook Smart Real Estate,
bit.ly/2htS4cY
, apo per me shume oferta apo banesa te lira:
www.merrmeqira.com/user/profile/smart

ose mund të na kontaktoni në këtë numër telefoni
044 393 777
WhatsApp & Viber
+38344 393 777
",300 EUR,65,300.00,65.0,Qafa,rent,,,,,,,
random,banesa-59397,Banese me qira ne lagjen Rruga B_2+1,"Banesë me qira në lagjen Rruga B, te Royal Mall, banesa eshte e mobiluar ne teresi, e re
Kati:2
Sipërfaqe:65
Çmimi i qirasë:300
Renditja:
♦Sallon me kuzhinë
♦2 Dhomë gjumi
♦Banjo
♦Ballkon
♦Korridor

Për më shumë informata mund të na beni like faqen tone ne facebook Smart Real Estate,
bit.ly/2htS4cY
, apo per me shume oferta apo banesa te lira:
www.merrmeqira.com/user/profile/smart

ose mund të na kontaktoni në këtë numër telefoni
044 393 777
WhatsApp & Viber
+38344 393 777
",300 EUR,65,300.00,65.0,,rent,,,,,,,
random,banesa-49432,Banese me qira ne lagjen Bregu i Diellit,"LeshohetGarsnojerk me Qira ne bregun e Diellit
Banesa ka kete renditje:
- sallon dhe kuzhine
- banjo
- ballkon
Qmimi 180€
bit.ly/3n3a6PU


Per me shume informata mund te na kontaktoni ne numrin
044 333 511
+383 44 333 511",180 EUR,40,180.00,40.0,Bregu i Diellit,rent,,,,,,,
random,banesa-75228,Banese me qira ne Tophane,"Leshohet banese me qira ne lagjen Tophane afer shkolles fillore "" Meto Bajraktari "". Banesa eshte komplet  e mobiluar e gatshme per banim.
Kati i 3-te, lift funksional.
Siperfaqe: 60m2
Renditja:
- Sallon
- Kuzhine
- Dhome gjumi
- Banjo
- Ballkon
- Koridor
Cmimi: 300 euro

bit.ly/3n3a6PU

Per me shume informata mund te na kontaktoni ne numrin
049 124 677 WhatsApp dhe Viber +383 49 124 677
044 333 511 WhatsApp dhe Viber +383 44 333 511",300 EUR,60,300.00,60.0,Tophane,rent,,,,,,,
random,banesa-81857,Banesë me qira në Emshir,"Lëshohet me qira banesa/gasoniere, në Emshir, te UBT. Banesa është e mobiluar dhe e gatshme për banim.
Ndodhet në katin e 7, ka ashensor. Banesa është e lirë nga data 1 shkurt, ka të gjitha pajisjet e nevojshme funksionale. Sistemin e ngrohjes e ka me Termokos.
Sipërfaqe: 35m²
Çmimi: 200
Rënditja
• Sallon
• Kuzhinë
• Banjo
• Ballkon
• Koridor
Kodi: 3653
Për më shumë informata mund të na beni like faqen tone ne facebook
Smart Real Estate,
bit.ly/2htS4cY
, si dhe
www.instagram.com/realestatesmart/",200 EUR,35,200.00,35.0,Emshir,rent,,,,,,,
random,banesa-8326,Banes moderne me qira ne Tophane,"Leshoj banese me qira ne Tophane, banesa eshte e mobiluar ne teresi, moderne, 75m2
Banesa posedon:
- dy dhoma gjumi
- sallon dhe kuzhine
- banjo
- ballkon
- koridor
Qmimi 250 euro

Per me shume informata ju lutem na kontaktoni ne numrin:
045 190 019
WhastApp & Viber:
+383 45 190 019",250 EUR,75,250.00,75.0,,rent,,,,,,,
random,banesa-62353,Banese me qira ne lagje te Spitalit,"Banesë me qira në lagjen e Spitalit, eshte e mobiluar ne teresi
Sipërfaqe:85
Çmimi i qirasë:400
Renditja:
♦Sallon me kuzhinë
♦2 Dhomë gjumi
♦Banjo
♦Ballkon
♦Korridor

Për më shumë informata mund të na beni like faqen tone ne facebook Smart Real Estate,
bit.ly/2htS4cY
, apo per me shume oferta apo banesa te lira:
www.merrmeqira.com/user/profile/smart

ose mund të na kontaktoni në këtë numër telefoni
044 393 777
WhatsApp & Viber
+383 44 393 777
",400 EUR,85,400.00,85.0,Spitali,rent,,,,,,,
random,banesa-49921,Banese me qira ne Dardani,"Leshohet banese me qira ne Dardani,ne Kurriz
Banesa ka kete renditje:
- dhoma gjumi
- sallon dhe kuzhine
- banjo
- ballkon
- koridor
Qmimi 250€
bit.ly/3n3a6PU

Per me shume informata mund te na kontaktoni ne numrin
044 333 511
+383 44 333 511",250 EUR,50,250.00,50.0,Dardania,rent,,,,,,,
random,banesa-81022,Banesë në shitje te Prishtina e Re,"SHITET banesa te Prishtina e Re, te rruga ‘Korabi’, në kompleksin Ariani Company, afër Illyrian Castle. Banesa është e mobiluar në tërësi, në mbiluar në tërësi, në mënyrë moderne, e gatshme dhe shumë e përshtatshme për banim.
Banesa ka të gjitha pajisjet e nevojshme funksionale. Ndodhet në një lokacion shumë të përshtatshëm.
Sipërfaqe: 56m²
Çmimi: 87000
Rënditja
•	Sallon dhe Kuzhine
•	Dhomë gjumi
•	Banjo
•	Koridor
•	Ballkon

Kodi: 3553

Për më shumë informata mund të na beni like faqen tone ne f","87,000 EUR",56,87000.00,56.0,Pristina e Re,sale,,,,,,,
random,banesa-68121,Banesë me qira te Qafa,"Lëshohet me qira banesa te Qafa.

Banesa është e mobiluar dhe shumë e përshtatshme për banim.

Sipërfaqe: 85m²
Çmimi: 550

Rënditja
• Sallon dhe Kuzhinë
• 2 Dhoma gjumi
• 2 Banjo
• Ballkon

Për më shumë info kontaktoni në 045190019",550 EUR,85,550.00,85.0,Qafa,rent,,,,,,,
random,banesa-77537,Garsoniere me qira ne lagjen Ulpiana,"Leshohet banese  ( garsoniere )me qira ne lagjen Ulpiana, komplet e mobiluar
Banesa ka kete renditje:
- Sallon
- Kuzhine
- Banjo
Cmimi: 200 euro

bit.ly/3n3a6PU

Per me shume informata mund te na kontaktoni ne numrin
049 124 677 WhatsApp dhe Viber +383 49 124 677
044 333 511 WhatsApp dhe Viber +383 44 333 511
",200 EUR,50,200.00,50.0,Ulpiana,rent,,,,,,,
random,banesa-80414,Banesë me qira në Ulpianë,"Lëshohet me qira banesa në lagjen Ulpiana, rruga ""Deshmoret e Kombit"" afër AAK-së. Banesa është e mobiluar në tërësi, e gatshme dhe e përshtatshme për banim.
Banesa ka të gjitha pajisjet e nevojshme funksionale.
Rënditja
• Sallon dhe Kuzhinë
• Dhomë gjumi
• Banjo
• Depo
• Koridor
Kodi: 3480
Për më shumë informata mund të na beni like faqen tone ne facebook
Smart Real Estate,
bit.ly/2htS4cY
, si dhe
www.instagram.com/realestatesmart/

apo per me shume oferta apo banesa te lira:
www.merrmeqira.com",1 EUR,1,1.00,,Ulpiana,rent,,,,,,,
random,banesa-56687,Banese me qira ne lagjen Lagje e Spitalit 1+1,"Banesë(Zyre) me qira në lagjen Lagjen e Spitalit,afer restorant Lorianos.Banesa eshte e pa mobiluar dhe pershtateshme per zyre dhe banim.
Kati:1
Sipërfaqe:67 m2
Çmimi i qirasë:320
Renditja:
♦Sallon me kuzhinë
♦Dhomë gjumi
♦Banjo
♦Ballkon
♦Korridor

Për më shumë informata mund të na beni like faqen tone ne facebook Smart Real Estate,
bit.ly/2htS4cY
,  ose mund të na kontaktoni në këtë numër telefoni
044 393 777
WhatsApp & Viber
+38344 393 777",320 EUR,67,320.00,67.0,Spitali,rent,,,,,,,
random,banesa-79605,Banese me qira te Sllovenia Sporti,"Leshohet banese me qira te Sllovenia Sporti, mrapa hotel Siriusit, kati 1-are, ngrohje me termokos.
Banesa ka kete renditje:
- Sallon
- Kuzhine
-3 Dhoma gjumi
- Banjo
- Wc
- 2 Ballkona
- Koridor
Cmimi: 350 euro

bit.ly/3n3a6PU

Per me shume informata mund te na kontaktoni ne numrin
049 124 677 WhatsApp dhe Viber +383 49 124 677
044 333 511 WhatsApp dhe Viber +383 44 333 511",350 EUR,100,350.00,100.0,Sllovenia Sport,rent,,,,,,,
random,banesa-91762,Banes me qera Rruga B,"Banes me qera Rruga B
Banesa ndodhet afër ""Royal Mall""
Banesa posedon 88m²/kati 5
Qëndrim ditor dhe kuzhinë | 2 Dhoma gjumi | 2 Banjo | Ballkon | Garazhe

Çmimi: 400€

Nr. Tel: 044 577 677
www.geo-rks.com
1525
",400 EUR,88,400.00,88.0,,rent,,,,,,,
random,banesa-52550,Banese me qira ne Dardani,"Leshohen banesa me qira ne Lagjen Dardania, afër restorantit ""Dubrovniku"".
Banesa ndodhet ne katin e peste (lifti punon).

Banesa ka kete renditje:
1 dhom me dy kreveta të cilët mund të shtrihen,
si dhe nje kuzhine te ndare nga dhoma ku gjendet edhe nje krevat.


Banesa posedeon nxemje qendrore (Termokos).


Qmimi 220€ me shpenzime (ngrohja qendrore, uji dhe mbeturinat ),
përveq rrymës të cilën e paguan Qiramarrësi.

bit.ly/3n3a6PU


Per me shume informata mund te na kontaktoni ne numrin
044 333",220 EUR,36,220.00,36.0,Dardania,rent,,,,,,,
random,banesa-74140,Banese me qira ne Emshir,"Leshohet banese me qira ne lagjen Emshir, e mobiluar komplet, me mobila te reja, kati i 3-te, e gatshme per banim.
Siperfaqe: 60m2
Banesa ka kete renditje:
- Sallon
- Kuzhine
- Dhome gjumi
- Banjo
- Ballkon
- Koridor
Cmimi: 300 euro

bit.ly/3n3a6PU

Per me shume informata mund te na kontaktoni ne numrin
049 124 677 WhatsApp dhe Viber +383 49 124 677
044 333 511 WhatsApp dhe Viber +383 44 333 511
",300 EUR,60,300.00,60.0,Emshir,rent,,,,,,,
random,banesa-47821,Banese me qira ne lagjen Arberia,"Banesë me qira në lagjen Arberia, ndertesa e Tregtise, afer marketit Conad, banesa eshte e mobiluar ne teresi, mobile te reja, kati i 5-te, lift funksional, 80m2
Kati:5
Sipërfaqe:80 m2
Çmimi i qirasë:330
Renditja:
♦Sallon me kuzhinë
♦2 Dhomë gjumi
♦Banjo
♦Ballkon
♦Korridor

Për më shumë informata mund të na beni like faqen tone ne facebook Smart Real Estate,
bit.ly/2htS4cY
, ose mund të na kontaktoni në këtë numër telefoni
044 393 777
WhatsApp & Viber
+383 44 393 777",330 EUR,80,330.00,80.0,Arbëria,rent,,,,,,,
random,banesa-30908,Banese ( garsoniere ) me qira te Bregu i diellit,"Banese ( garsoniere ) me qira ne lagjen Bregu i diellit. eshte komplet e mobiluar, mobile te reja, e pabanuar me pare, , gjendet ne katin e 6-te, 35m2.
Renditja:
Sallon me kuzhine, Banjo, Ballkon, Korridor.
Çmimi: 200 €

Per me shume informata rreth kesaj banese mund te na shkruani linkun me id ose nje screenshot te shpalljes, apo nje kerkese tuajen per banesa tjera, ne kete numer telefoni:
045 190 019
WhatsApp & Viber
+383 45 190 019",200 EUR,35,200.00,35.0,Bregu i Diellit,rent,,,,,,,
random,banesa-77337,Banesë me qira në Arbëri,"Lëshohet me qira banesa në Arbëri, përball Ambasades Amerikane, Rr, Ahmet Krasniqi. Është e mobiluar në tërësi në mnë mënyrë moderne dhe shumë e përshtatshme për banim.
Banesa ka hapësirë të mjaftueshme dhe është shumë e përshtatshme për familjarë.
Ndodhet në katin e 7.
Sipërfaqe: 126m²
Banesa ka këtë renditje:
•	Sallon dhe Kuzhinë
•	3 Dhoma gjumi
•	2 Banjo
•	2 Ballkone
•	Koridor
Banesa ka gjithashtu garazh të brendshëm.

Kodi: 3131

Për më shumë informata mund të na beni like faqen tone ne face",1 EUR,135,1.00,135.0,Arbëria,rent,,,,,,,
random,banesa-79523,Banese me qira ne lagjen Mati 1,"Leshohet banese me qira ne lagjen Mati 1, rruga Ndue Perlleshi, komplet e mobiluar e gatshme per banim.
Banesa ka kete renditje:
- Sallon
- Kuzhine
- 2 Dhoma gjumi
- Banjo dhe Wc
- Ballkon
- Koridor
- Shpajz
Cmimi: 400 euro

bit.ly/3n3a6PU

Per me shume informata mund te na kontaktoni ne numrin
049 124 677 WhatsApp dhe Viber +383 49 124 677
044 333 511 WhatsApp dhe Viber +383 44 333 511",400 EUR,75,400.00,75.0,Mati,rent,,,,,,,
random,banesa-51190,Banese me qira ne Arberi,"Leshohet banese me qira ne Arberi, te Ambasada Amerikane,banesa eshte  pa  mobilur, 90m2
Banesa ka kete renditje:
- 2 dhoma gjumi
- sallon dhe kuzhine
- banjo
- ballkon
- koridor
Qmimi 350€
bit.ly/3n3a6PU


Per me shume informata mund te na kontaktoni ne numrin
049 124 677
+383 49 124 677
",350 EUR,90,350.00,90.0,Arbëria,rent,,,,,,,
random,banesa-81281,Banesë me qira në Lagjen e Spitalit,"Lëshohet me qira banesa/gasoniere në Lagjen e Spitalit, në rr. ""Muhamet Çami"". Banesa është e mobiluar e gatshme dhe e përshtatshme për banim.
Banesa ka të gjitha pajisjet e nevojshme funksionale. Ndodhet në katin e 2.
Sipërfaqe: 20m²
Çmimi: 190
Rënditja
•	Sallon
•	Kuzhinë
•	Banjo
•	Koridor
•	Ballkon

Kodi: 3594

Për më shumë informata mund të na beni like faqen tone ne facebook
Smart Real Estate,
bit.ly/2htS4cY
, si dhe
www.instagram.com/realestatesmart/

apo per me shume oferta apo banesa te l",190 EUR,20,190.00,20.0,Spitali,rent,,,,,,,
random,banesa-53783,Banese me qira Te Qafa,"Leshohet banese me qira te Qafa,te shkolla Meto Bajraktari,Kati 4
Banesa ka kete renditje:
- 2 dhoma gjumi
- sallon dhe kuzhine
- banjo
- ballkon
- koridor
Qmimi 350€
bit.ly/3n3a6PU

Per me shume informata mund te na kontaktoni ne numrin
049 124 677
+383 49 124 677
044 333 511
+383 44 333 511",350 EUR,70,350.00,70.0,Qafa,rent,,,,,,,
random,banesa-73138,Banesë me qira te Lagjia e Spitalit,"Lëshohet me qira banesa në lagjen e Spitalit.. Është e mobiluar dhe e gatshme për banim.

Sipërfaqe: 45m²

Çmimi: 240
Renditja:
•	Sallon dhe Kuzhinë
•	Dhomë gjumi
•	Banjo

Kodi: 2911

Për më shumë informata mund të na beni like faqen tone ne facebook
Smart Real Estate,
bit.ly/2htS4cY
, si dhe
www.instagram.com/realestatesmart/

apo per me shume oferta apo banesa te lira:
www.merrmeqira.com/user/profile/smart

gjirafa.com/…

esa&amp;llshp=Qira
ose mund të na kontaktoni në këtë numër telefoni
044 ",240 EUR,45,240.00,45.0,Spitali,rent,,,,,,,
random,banesa-78640,Banesë me qira në Qendër,"Ofrohet me qira banesa/zyre në Qender të Prishtinës. Ndodhet në një lokacion të përshtatshëm.
Ka hapësirë të mjaftueshme pune. Banesa ka tri hapësira të përshtaten për zyre, një kuzhinë, depo të dobishme për ruajtjen e materialeve dhe dokumenteve, një banjo dhe tre ballkona.
Sipërfaqe: 80m²
Çmimi: 850
Kodi: 3235
Për më shumë informata mund të na beni like faqen tone ne facebook
Smart Real Estate,
bit.ly/2htS4cY
, si dhe
www.instagram.com/realestatesmart/

apo per me shume oferta apo banesa te li",850 EUR,80,850.00,80.0,Qendra,rent,,,,,,,
random,banesa-60645,Banese me qira ne lagjen Bregu i Diellit,"Banesë me qira në lagjen Bregu i Diellit, banesa eshte e mobiluar
Sipërfaqe:75
Çmimi i qirasë:200
Renditja:
♦Sallon me kuzhinë
♦2 Dhomë gjumi
♦Banjo
♦Ballkon
♦Korridor

Për më shumë informata mund të na beni like faqen tone ne facebook Smart Real Estate,
bit.ly/2htS4cY
, apo per me shume oferta apo banesa te lira:
www.merrmeqira.com/user/profile/smart

ose mund të na kontaktoni në këtë numër telefoni
044 393 777
WhatsApp & Viber
+383 44 393 777
",200 EUR,75,200.00,75.0,Bregu i Diellit,rent,,,,,,,
random,banesa-31221,Leshohet banese me qira ne lagjen Dardania,"Leshohet banese me qira ne lagjen Dardania. Eshte komplet e mobiluar, gjendet ne katin perdhese.
Siperfaqe: 75m2.
Renditja:
Sallon me kuzhine * 2 dhoma gjumi * Banjo * Oborr
Çmimi: 300 €

Per me shume informata rreth kesaj banese mund te na shkruani linkun me id ose nje screenshot te shpalljes, apo nje kerkese tuajen per banesa tjera, ne kete numer telefoni:
045 190 019
WhatsApp & Viber
+383 45 190 019",300 EUR,75,300.00,75.0,Dardania,rent,,,,,,,
random,banesa-62988,Banese me qira ne lagjen Mati 1_2+1,"Banesë me qira në lagjen Mati 1, banesa eshte super e mobiluar
Sipërfaqe:80
Çmimi i qirasë:400
Renditja:
♦Sallon me kuzhinë
♦2 Dhomë gjumi
♦Banjo
♦Ballkon
♦Korridor

Për më shumë informata mund të na beni like faqen tone ne facebook Smart Real Estate,
bit.ly/2htS4cY
, apo per me shume oferta apo banesa te lira:
www.merrmeqira.com/user/profile/smart

ose mund të na kontaktoni në këtë numër telefoni
044 393 777
WhatsApp & Viber
+383 44 393 777
",400 EUR,80,400.00,80.0,Mati,rent,,,,,,,
random,banesa-41775,Banese me qira ne Dardani,"Leshohet banese me qira ne Dardani
Banesa ka kete renditje:
- 2 dhoma gjumi
- sallon dhe kuzhine
- banjo
- ballkon
- koridor
-Depo
Qmimi 250€
bit.ly/3n3a6PU


Per me shume informata mund te na kontaktoni ne numrin
044 333 5111
+383 44 333 511




",250 EUR,77,250.00,77.0,Dardania,rent,,,,,,,
random,banesa-77048,Shitet banesa në Ulpianë,"Shitet banesa në Ulpianë afër solitereva dhe restaurant Xhidi.
Gasoniere, ndodhet në katin e 4, nuk ka ashensor.
Sipërfaqe: 26m²
Çmimi: 45000
Banesa ka këtë renditje:
•	Sallon dhe Kuzhinë
•	Banjo
•	Ballkon

Kodi: 3097

Për më shumë informata mund të na beni like faqen tone ne facebook
Smart Real Estate,
bit.ly/2htS4cY
, si dhe
www.instagram.com/realestatesmart/

apo per me shume oferta apo banesa te lira:
www.merrmeqira.com/user/profile/smart

gjirafa.com/…

esa&amp;llshp=Qira
ose mund të na kon","45,000 EUR",26,45000.00,26.0,,sale,,,,,,,
random,banesa-81357,Banesë me qira në Lakrishtë,"Lëshohet me qira banesa në Lakrishtë, te banesat Endri SH.p.k. Banesa është e mobiluar në tërësi, e gatshme dhe shumë e përshtatshme për banim.
Banesa ka të gjitha pajisjet funksionale, ndodhet në katin e 5. Sistemin e ngrohjes e ka me Termokos.
Çmimi: 400
Renditja:
-Sallon kuzhine
-Dy dhoma gjumi
-Banjo
-Dy ballkona
Banesa ka edhe garazhe nentoksore.
Kodi: 3602
Për më shumë informata mund të na beni like faqen tone ne facebook
Smart Real Estate,
bit.ly/2htS4cY
, si dhe
www.instagram.com/realest",400 EUR,1,400.00,,Lakrishte,rent,,,,,,,
random,banesa-53192,Banese me qira ne Arberi,"Leshohet banesa me qera ne lagjen ""Dragodan"".
Banesa gjendet në Rr. Mithat Frashëri e cila rrugë është pa dalje me një qetsi apsulute për banim.

90m2.

Banesa ka kete renditje:

- 2 dhoma gjumi
- sallon dhe kuzhine
- banjo
- ballkon
- koridor

Posedon ngrohje qendrore.

Qmimi 250€
bit.ly/3n3a6PU

Per me shume informata mund te na kontaktoni ne numrin

049 124 677
+383 49 124 677
044 333 511
+383 44 333 511",250 EUR,90,250.00,90.0,Arbëria,rent,,,,,,,
random,banesa-32416,Shitet banesa ne lagjen Bregu i diellit,"Shitet banesa ne lagjen Bregu i diellit, kompleksi Standard. Banesa eshte e gjysmemobiluar, jendet ne katin e 2-te, 39m2.

Renditja:
Sallon me kuzhine, dhome gjumi, banjo, balkon, korridor.
Çmimi: 38 000 €

Per me shume informata rreth kesaj banese mund te na shkruani linkun me id ose nje screenshot te shpalljes, apo nje kerkese tuajen per banesa tjera, ne kete numer telefoni:
044 393 777
WhatsApp & Viber
+383 44 393 777","38,000 EUR",39,38000.00,39.0,Bregu i Diellit,sale,,,,,,,
random,banesa-79087,Banese ne shitje ne Fushe Kosove,"Shitet banesa ne Fushe Kosove afer shkolles Mihajl Grameno, gjendet ne katin e 1-are dhe ka hapesire prej 150 m2, vetem terasa i ka 30m2.
Banesa ka kete renditje:
- Sallon
- Kuzhine
- 3 Dhoma gjumi
- 2 Banjo
- Ballkon
- depo
- Koridor
Cmimi: 105 000 euro

bit.ly/3n3a6PU

Per me shume informata mund te na kontaktoni ne numrin
049 124 677 WhatsApp dhe Viber +383 49 124 677
044 333 511 WhatsApp dhe Viber +383 44 333 511","105,000 EUR",150,105000.00,150.0,,sale,,,,,,,
random,banesa-76373,Banese me qira ne lagjen Bregun e diellit,"Leshohet banese me qira ne lagjen Bregu i diellit perballe shkolles fillore Iliria  e mobiluar, gjendet ne katin e 5-te pa lift.
Banesa ka kete renditje:
- Sallon
- Kuzhine
- Dhome gjumi
- Banjo
- Ballkon
- Koridor
Cmimi: 250 euro

bit.ly/3n3a6PU

Per me shume informata mund te na kontaktoni ne numrin
049 124 677 WhatsApp dhe Viber +383 49 124 677
044 333 511 WhatsApp dhe Viber +383 44 333 511",250 EUR,65,250.00,65.0,Bregu i Diellit,rent,,,,,,,
random,banesa-45179,Shiten banesat ne Rrugen A,"SHITEN Banesat në objektin më ekskluziv ""BTP Residence"", ndërtim cilësorë dhe arkitekturë moderne.
Banesat janë me metrazhe dhe kate të ndryshme sipas kërkesave tuaja. Objekti është në ndërtim e sipër i cili përfundon në Korrik 2021.
Qmimi:790€

Për më shumë informata mund të na beni like faqen tone ne facebook Smart Real Estate,
bit.ly/2htS4cY
,  ose mund të na kontaktoni në këtë numër telefoni
044/393-777
WhatsApp & Viber
+383 44 393 777
",900 EUR,75,900.00,75.0,Lakrishte,sale,,,,,,,
random,banesa-75223,Banese me qira te Qafa,"Leshohet banese me qira te Qafa, afer shkolles fillore "" Meto Bajraktari "". Banesa eshte  komplet e mobiluar e gatshme per banim, gjendet ne katin e I-are me siperfaqe 92m2.
Banesa ka kete renditje:
- Sallon
- Kuzhine
- 2 Dhoma gjumi
- Banjo
- Ballkon
- Koridor
Cmimi: 400 euro

bit.ly/3n3a6PU

Per me shume informata mund te na kontaktoni ne numrin
049 124 677 WhatsApp dhe Viber +383 49 124 677
044 333 511 WhatsApp dhe Viber +383 44 333 511",400 EUR,92,400.00,92.0,Qafa,rent,,,,,,,
random,banesa-23581,Leshohet banese me qira ne Bregun e Diellit,"Leshohet banese me qira ne Bregun e Diellit, te kolegji "" Iliria "" Rruga: Hilmi Rakovica. Banesa eshte komplet e mobiluar, gjendet ne katin e 2-te, dhe ka siperfaqe 80m2.

Banesa ka kete renditje:
* Sallon me kuzhine
* 2 Dhoma gjumi
* Banjo
* Ballkon
* Korridor
Qmimi: 300 €

Per me shume informata rreth kesaj banese mund te na shkruani linkun me id ose nje screenshot te shpalljes, apo nje kerkese tuajen per banesa tjera mund te na kontaktoni ne kete numer telefoni:
046 166 499
WhatsApp & Viber
+",300 EUR,80,300.00,80.0,Bregu i Diellit,rent,,,,,,,
random,banesa-46308,Banese me qira ne Rrugen B_1+1,"Banesë me qira në Rrugen B, te Royal Mall, banesa eshte e mobiluar ne teresi, ngrohje qendrore me Termokos
Kati:3
Sipërfaqe:67
Çmimi i qirasë:
Renditja:
♦Sallon me kuzhinë
♦Dhomë gjumi
♦Banjo
♦Ballkon
♦Korridor

Për më shumë informata mund të na beni like faqen tone ne facebook Smart Real Estate,
bit.ly/2htS4cY
,  ose mund të na kontaktoni në këtë numër telefoni
044/393-777
WhatsApp & Viber
+383 44 393 777
",290 EUR,67,290.00,67.0,Lakrishte,rent,,,,,,,
random,banesa-76007,Banesë me qira në Arbëri,"Lëshohet me qira banesa në lagjen Arbëria, rruga Ahmet Krasniqi. Banesa është e mobiluar në mënyrë moderne dhe shumë e përshtatshme për banim.
Banesa nuk ka termokos.
Çmimi: 350
Banesa ka këtë renditje:
•	Salloni dhe Kuzhinë
•	Dhomë Gjumi
•	Banjo
•	Ballkon
•	Koridor

Kodi: 3049

Për më shumë informata mund të na beni like faqen tone ne facebook
Smart Real Estate,
bit.ly/2htS4cY
, si dhe
www.instagram.com/realestatesmart/

apo per me shume oferta apo banesa te lira:
www.merrmeqira.com/user/profil",350 EUR,1,350.00,,Arbëria,rent,,,,,,,
random,banesa-78137,Banese me qira ne Lagje te Spitalit,"Leshohet banese me qira ne Lagje te Spitalit, rruga: Muharrem Fejza, ndertim i Art Constrction. Banesa eshte e mobiluar ne teresi
Banesa ka kete renditje:
- Sallon
- Kuzhine
- 2 Dhoma gjumi
- 2 Banjo
- Ballkon
- Koridor
- Garazhe
- depo
Cmimi: 370 euro

bit.ly/3n3a6PU

Per me shume informata mund te na kontaktoni ne numrin
049 124 677 WhatsApp dhe Viber +383 49 124 677
044 333 511 WhatsApp dhe Viber +383 44 333 511",370 EUR,80,370.00,80.0,Spitali,rent,,,,,,,
random,banesa-31222,Super banese me qira ne lagjen Pejton,"Super banese me qira ne lagjen Pejton, afer Sach Caffe. Banesa eshte komplet e mobiluar dhe moderne, gjendet ne katin e 5-te, lift funksional, ngrohje qendrore me Termokos.
Siperfaqe: 80m2
Renditja:
Dhome e ndejes * Kuzhine me trapezari * 2 dhoma gjumi * banjo * ballkon * korridor.
Çmimi i qirasë: 450 €

Per me shume informata rreth kesaj banese mund te na shkruani linkun me id ose nje screenshot te shpalljes, apo nje kerkese tuajen per banesa tjera, ne kete numer telefoni:
045 190 019
WhatsApp ",450 EUR,80,450.00,80.0,Pejton,rent,,,,,,,
random,banesa-79415,Banese me qira te Rruga C,"Leshohet banesa 70m2 me qera ne kompleksin banesor te Tregtia rruga C. Banesa ka qasje te mire ne te gjitha anet ne rrugen C dhe rrugen B. Shume e pershtatshme edhe per ata te cilet e preferojne Autobusin pasi qe stacioni i Busit ndodhet para kompleksit banesor te Tregtise. Ka parking privat te jashtem vetem per banore me laura qasje vetem banoret e Tregtise.
Renditja:
Sallon dhe kuzhine me te gjitha pajisjet,
dy dhoma gjumi,
dy banjo dhe
nje ballkon.
Banesa eshte e mobiluar ka nxemje vetenake q",350 EUR,70,350.00,70.0,Lakrishte,rent,,,,,,,
random,banesa-41669,Garsonjerk me qira ne Bregun e Diellit,"Leshohet garsonjerk me qira ne Bregun e Diellit
Banesa ka kete renditje:
- sallon dhe kuzhine
- banjo
- ballkon
- koridor
Qmimi 200€

Per me shume informata mund te na kontaktoni ne numrin
049 124-677
+383 49 124 677",200 EUR,41,200.00,41.0,Bregu i Diellit,rent,,,,,,,
random,banesa-77536,Banesë me qira te Lagjia e Muhaxherëve,"Lëshohet me qira banesa në Lagjen e Muhaxherëve, përball parkut të Qytetit. Është e mobiluar dhe e përshtatshme për banim.
Banesa ndodhet në katin e 4, nuk ka ashensor.
Çmimi:300
Banesa ka këtë renditje:
•	Sallon dhe Kuzhinë
•	2 Dhoma gjumi
•	Banjo
•	Ballkon
•	Depo
•	Koridor

Kodi: 3259

Për më shumë informata mund të na beni like faqen tone ne facebook
Smart Real Estate,
bit.ly/2htS4cY
, si dhe
www.instagram.com/realestatesmart/

apo per me shume oferta apo banesa te lira:
www.merrmeqira.com/us",300 EUR,1,300.00,,,rent,,,,,,,
random,banesa-69695,Shitet banesa te rruga B,"SHITET banesa në rrugën B, mbrapa Maxi 24, banesa është e mobiluar dhe shumë e përshtatshme për banim.

Banesa ndodhet në katin e 6 dhe posedon ashensor.

Sipërfaqe: 65m²
Çmimi: 92000

Rënditja
• Sallon dhe kuzhinë
• Dhomë gjumi
• Banjo
• Depo
• Ballkon

Kodi: 2770

Për më shumë informata mund të na beni like faqen tone ne facebook
Smart Real Estate,
bit.ly/2htS4cY
, si dhe
www.instagram.com/realestatesmart/

apo per me shume oferta apo banesa te lira:
www.merrmeqira.com/user/profile/smart

gjir","92,000 EUR",65,92000.00,65.0,Dardania,sale,,,,,,,
random,banesa-70388,Banesë me qira në Tophane,"Lëshohet me qira banesa në Tophane, tek Teleperformanca.

Banesa është e re, e mobiluar në tërësi dhe e gatshme për banim.
Banesa ka ngrohje në dysheme.

Banesa ndodhet në katin e 8 dhe posedon ashensor.

Sipërfaqja: 60m²
Çmimi: 300

Rënditja
• Sallon dhe Kuzhinë
• Dhomë gjumi
• Banjo
• Ballkon

Kodi: 2796

Për më shumë informata mund të na beni like faqen tone ne facebook
Smart Real Estate,
bit.ly/2htS4cY
, si dhe
www.instagram.com/realestatesmart/

apo per me shume oferta apo banesa te lira:
w",300 EUR,60,300.00,60.0,Tophane,rent,,,,,,,
random,banesa-41754,Banese me qira ne Mati 1,"Leshohet banese me qira ne Mati 1
Banesa ka kete renditje:
- 1 dhome gjumi
- sallon dhe kuzhine
- banjo
- ballkon
- koridor
Qmimi 200€
bit.ly/3n3a6PU


Per me shume informata mund te na kontaktoni ne numrin
044 333 511
+383 44 333 511




",200 EUR,60,200.00,60.0,Mati,rent,,,,,,,
random,banesa-29907,Ekstra banese me qira ne lagjen Arberia,"Ekstra banese me qira ne lagjen Arberia, afer komunes se re. Gjendet ne katin e 3-te, eshte komplet e mobiluar, 97m2.

Banesa posedon:
Sallon me kuzhine / 3 Dhoma gjumi / 2 Banjo / Ballkon / Korridor
Qmimi: 400 €

Per me shume informata rreth kesaj banese mund te na shkruani linkun me id ose nje screenshot te shpalljes, apo nje kerkese tuajen per banesa tjera, ne kete numer telefoni:
044 393 777
WhatsApp & Viber
+383 44 393 777",400 EUR,97,400.00,97.0,Arbëria,rent,,,,,,,
random,banesa-78904,Banesë me qira në Arbëri,"Ofrohet me qira banesa në Arbëri. Banesa është e mobiluar në tërësi dhe është shumë e përshtatshme për banim.
Banesa ndodhet në katin e 1, ka të gjitha pajisjset e nevojshme.
Sipërfaqe: 100m²
Çmimi: 450
Rënditja
•	Sallon dhe Kuzhinë
•	2 Dhoma gjumi
•	Banjo
•	Ballkon
•	Koridor

Kodi: 3253

Për më shumë informata mund të na beni like faqen tone ne facebook
Smart Real Estate,
bit.ly/2htS4cY
, si dhe
www.instagram.com/realestatesmart/

apo per me shume oferta apo banesa te lira:
www.merrmeqira.com/u",450 EUR,100,450.00,100.0,Arbëria,rent,,,,,,,
random,banesa-77459,Banesë në shitje në Emshir,"Shiten banesat në lagjen Emshir. Janë në ndërtim e sipër, në kompleksin ‘Trea’. me kontrate te noteri.
Banesat janë me metrazhe te ndryshme si ne planimetrite e bashkengjitura:
Banesa I. Siperfaqe 87.10 m2 . Kati 2
Dy dhoma gjumi, qendrim ditor, kuzhine, banjo, ballkon. Garazhe dhe depo.
Banesa II. Siperfaqe 115,44 m2 . Kati 1
Tri dhoma gjumi, qendrim ditor, kuzhine, banjo, vc dhe ballkon. Garazhe dhe depo.
Banesa III. Siperfaqe 115,44 m2 . Kati 2
Tri dhoma gjumi, qendrim ditor, kuzhine, banjo, ","1,250 EUR",1,1250.00,87.1,,sale,,,,,,,
random,banesa-8630,Banes komode me qira ne lagjen Dardania,"Leshoj banes me qira ne lagjen Dardania, mobiluar ne teresi, 65m2
Banesa posedon:
- kuzhine
- sallon
- dhome gjumi
- banjo
- ballkon
- koridor
Qmimi 250 euro

Per me shume informata ju lutem na kontaktoni ne numrin
WhatsApp & Viber:
045190019",250 EUR,65,250.00,65.0,Dardania,rent,,,,,,,
random,banesa-46934,Banese me qira ne Dardani,"Leshohet banese me qira ne Dardani,Kati 9
Banesa ka kete renditje:
- dhoma gjumi
- sallon dhe kuzhine
- banjo
- ballkon
- koridor
Qmimi 200€
bit.ly/3n3a6PU


Per me shume informata mund te na kontaktoni ne numrin
044 333 511
+383 44 333 511





",200 EUR,55,200.00,55.0,Dardania,rent,,,,,,,
random,banesa-83609,Banese me qira ne lagjen Tophane,"Lëshohet me qira banesa ne Tophane. E mobiluar në tërësi,, e gatshme dhe shumë e përshtatshme për banim.
Banesa ka të gjitha pajisjet e nevojshme funksionale.
Sipërfaqe: 55m2
Çmimi: 230
Rënditja
•	Sallon dhe Kuzhinë
•	Dhome gjumi
•	Banjo
•	Ballkon
•	Koridor

Kodi: 3774

Për më shumë informata mund të na beni like faqen tone ne facebook
Smart Real Estate,
bit.ly/2htS4cY
, si dhe
www.instagram.com/realestatesmart/

apo per me shume oferta apo banesa te lira:
www.merrmeqira.com/user/profile/smart

",230 EUR,55,230.00,55.0,Tophane,rent,,,,,,,
random,banesa-52440,Banese me qira ne lagjen Bregu i Diellit,"Leshohet banese me qira ne Breg te Diellit, në Kompleksin ""DAFINA"" - Banesat e STANDARDIT.

Banesa ka kete renditje:
- 2 dhoma gjumi
- sallon dhe kuzhine
- banjo
- koridor

Banesa ka sipërfaqe prej 89 m²,
posedon nxemjen qendrore nga sistemi i kompanisë Standard si dhe ujë të nxehtë 24 orë (pa bojler).
Lëshohet vetëm për familjar!!

Qmimi 250€
bit.ly/3n3a6PU


Per me shume informata mund te na kontaktoni ne numrin
044 333 511
+383 44 333 511

",250 EUR,89,250.00,89.0,Bregu i Diellit,rent,,,,,,,
random,banesa-68092,Banesë me qira në Ulpianë,"Lëshohet me qira banesa në Lagjen Ulpiana. Banesa është e përshtatshme edhe për zyre.

Banesa është e rinovuar dhe ndodhet në katin e parë.

Sipërfaqe: 120 m²
Çmimi: 450

Rënditja
• Kuzhinë
• 2 Dhoma
• Banjo
• Ballkon

Për më shumë info kontaktoni në 045190019",450 EUR,120,450.00,120.0,Ulpiana,rent,,,,,,,
random,banesa-52856,Banese me qira ne lagjen e Spitalit,"Leshohet banese me qira ne Lagjen e Spitalit, afer shkolles Pavarsia objekti BTP Holding.

Banesa ka 106.7m2, ndodhet ne katin e 7 dhe posedon 2 lifta.
Sistemi i ngrohjes me rryme.

Banesa ka kete renditje:
- 3 dhoma gjumi
- sallon dhe kuzhine
- banjo
- wc
- ballkon
- koridor

Qmimi 350€
bit.ly/3n3a6PU


Per me shume informata mund te na kontaktoni ne numrin
044 333 511
+383 44 333 511

049 124 677
+383 49 124 677",350 EUR,106,350.00,106.0,Spitali,rent,,,,,,,
random,banesa-53637,Banes ne shitje ne lagjen Bregu i Diellit 2+1,"Banesë ne shitje në lagjen Bregu i Diellit,banesa gjendet te banesat e Bardha me pamje nga lindja.Banesa eshte e mobiluar ne teresi.
Kati:2
Sipërfaqe:100.6m2
Çmimi I shitjes:75000
Renditja:
♦Sallon me kuzhinë
♦2Dhomë gjumi
♦Banjo
♦Ballkon
♦Korridor

Për më shumë informata mund të na beni like faqen tone ne facebook Smart Real Estate,
bit.ly/2htS4cY
,  ose mund të na kontaktoni në këtë numër telefoni
044 393 777
WhatsApp & Viber
+38344 393 777
","75,000 EUR",100,75000.00,100.0,Bregu i Diellit,sale,,,,,,,
random,banesa-79595,Lokal me qira në Arbëri,"Lëshohet me qira lokali në Arbëri, afër komunës së re, në gjendje të rregullt dhe i përshtatshëm për punë.
Ndodhet në katin përdhesë, mund të shfrytëzohet për veprimtari të ndryshme.
Sipërfaqe: 30m²
Çmimi: 300
Rënditja
• Njësi pune
• Banjo
Kodi: 3407
Për më shumë informata mund të na beni like faqen tone ne facebook
Smart Real Estate,
bit.ly/2htS4cY
, si dhe
www.instagram.com/realestatesmart/

apo per me shume oferta apo banesa te lira:
www.merrmeqira.com/user/profile/smart

gjirafa.com/…

esa&a",300 EUR,30,300.00,30.0,Arbëria,rent,,,,,,,
random,banesa-74484,Banesë me qira në Ulpianë,"Leshohet me qira banesa në lagjen Ulpiana, mbrapa AAK-së. Është e mobiluar në tërësi dhe shumë e përshtatshme për banim.
Sipërfaqe: 30m²
Çmimi: 250
Renditja:
•	Kuzhinë me terpezari
•	Dhomë gjumi
•	Banjo
•	Ballkon

Kodi: 3010

Për më shumë informata mund të na beni like faqen tone ne facebook
Smart Real Estate,
bit.ly/2htS4cY
, si dhe
www.instagram.com/realestatesmart/

apo per me shume oferta apo banesa te lira:
www.merrmeqira.com/user/profile/smart

gjirafa.com/…

esa&amp;llshp=Qira
ose mund të",250 EUR,30,250.00,30.0,Ulpiana,rent,,,,,,,
random,banesa-9791,Banes e re me qira ne Mati 1,"Leshoj banes me qira ne Mati 1, banesa eshte e re, e mobiluar ne teresi, mobile te reja,ende te paperdorura, hapesir gjlberuese perpara baneses, me pamje nga lindja, kati i 4-te, 87m2
Banesa posedon:
- dy dhoma gjumi
- sallon dhe kuzhine
- banjo
- ballkon
- koridor
- shpajz
Qmimi 350 euro

Per me shume informata ju lutem na kontaktoni ne numrin
WhatsApp & Viber:
045 190019",350 EUR,87,350.00,87.0,Mati,rent,,,,,,,
random,banesa-54990,Banese me qira ne Qender,"Leshohet banese me qira ne Qnder , Perball RTK,Kati 4
Banesa ka kete renditje:
- 1 dhoma gjumi
- sallon dhe kuzhine
- banjo
- ballkon
- koridor
Qmimi 300€

bit.ly/3n3a6PU

Per me shume informata mund te na kontaktoni ne numrin
049 124 677
+383 49 124 677
044 333 511
+383 44 333 511
",300 EUR,50,300.00,50.0,Qendra,rent,,,,,,,
random,banesa-46313,Banese (zyre) me qira ne lagjen Pejton,"Banesë (zyre) me qira në lagjen Pejton, e mobiluar per zyre
Kati:4
Sipërfaqe:54
Çmimi i qirasë:330
Renditja:
♦Sallon me kuzhinë
♦Dhomë gjumi
♦Banjo
♦Ballkon
♦Korridor

Për më shumë informata mund të na beni like faqen tone ne facebook Smart Real Estate,
bit.ly/2htS4cY
,  ose mund të na kontaktoni në këtë numër telefoni
044/393-777
WhatsApp & Viber
+383 44 393 777
",330 EUR,54,330.00,54.0,Pejton,rent,,,,,,,
random,banesa-77050,Banesë me qira te Lagjia e Muhaxherëve,"Lëshohet me qira banesa te Lagjia e Muhaxherëve, afër parkut të qytetit.  Banesa është e mobiluar në tërësi dhe e përshtatshme për banim.
Banesa ndodhet në katin e 4, nuk ka ashensor.
Çmimi: 270
Banesa ka këtë renditje:
•	Sallon dhe Kuzhinë
•	2 Dhoma gjumi
•	Banjo
•	Ballkon

Kodi: 3098

Për më shumë informata mund të na beni like faqen tone ne facebook
Smart Real Estate,
bit.ly/2htS4cY
, si dhe
www.instagram.com/realestatesmart/

apo per me shume oferta apo banesa te lira:
www.merrmeqira.com/use",270 EUR,1,270.00,,,rent,,,,,,,
random,banesa-78637,Banesë me qira në Tophane,"Ofrohet me qira banesa në Tophane. Banesa është e mobiluar në tërësi dhe shumë e përshtatshme për banim.
Sipërfaqe: 50m²
Çmimi: 200
Rënditja:
•	Sallon dhe Kuzhinë
•	Dhomë gjumi
•	Banjo
•	Ballkon
•	Koridor

Kodi: 3234

Për më shumë informata mund të na beni like faqen tone ne facebook
Smart Real Estate,
bit.ly/2htS4cY
, si dhe
www.instagram.com/realestatesmart/

apo per me shume oferta apo banesa te lira:
www.merrmeqira.com/user/profile/smart

gjirafa.com/…

esa&amp;llshp=Qira
ose mund të na kont",200 EUR,50,200.00,50.0,Tophane,rent,,,,,,,
random,banesa-91752,Banes me qera Muharrem Fejza,"Banes me qera Rr. Muharrem Fejza
Banesa ndodhet perball Restaurant Loriano
Banesa posedon 50m²/kati 5 me ngrohje Termokos
Qëndrimi ditor | Kuzhina | 1 Dhome gjumi | Banjo | Ballkon

Çmimi: 250 €

Nr. Tel: 044 577 677
www.geo-rks.com
1521",250 EUR,50,250.00,50.0,,rent,,,,,,,
random,banesa-73412,Banesë me qira në Ulpianë,"Lëshohet me qira banesa në Ulpianë. Banesa është e mobiluar dhe e përshtatshme për banim.

Sipërfaqe: 30m²
Çmimi: 200

Renditja:
•	Sallon
•	Kuzhinë
•	Banjo

Kodi: 2977

Për më shumë informata mund të na beni like faqen tone ne facebook
Smart Real Estate,
bit.ly/2htS4cY
, si dhe
www.instagram.com/realestatesmart/

apo per me shume oferta apo banesa te lira:
www.merrmeqira.com/user/profile/smart

gjirafa.com/…

esa&amp;llshp=Qira
ose mund të na kontaktoni në këtë numër telefoni
044 393 777
WhatsAp",200 EUR,30,200.00,30.0,Ulpiana,rent,,,,,,,
random,banesa-8259,Banes komode me qira ne Mati 1,"Leshoj banes me qira ne Mati 1, banesa eshte e mobiluar ne teresi, 70m2
Banesa posedon:
- Sallon
- Dhome gjumi
- Kuzhin
- Banjo
- Ballkon
- koridor
Qmimi 230 euro

Per em shume informata ju lutem na kontaktoni ne numrin
WhatsApp & Viber:
045190019",230 EUR,70,230.00,70.0,Mati,rent,,,,,,,
random,banesa-60162,Super banese me qera ne Qender,"Leshoj banes me qira ne lagjen Tophane rruga Josip Rela afer Shkolles Meto Bajraktari shume prane qendres me kushte te mira banimi
Banesa posedon:
-Sallon Kuzhin
-2dhoma Gjumi njera e pamobiluar
-Banjo
-Koridor dhe Ballkon
-Kati i 7 lift funksional
-Cmimi 300 plus depozita
Banesa leshohet me qera afat gjate
Për më shumë informata mund të na beni like faqen tone ne facebook Smart Real Estate,
bit.ly/2htS4cY
, apo per me shume oferta apo banesa te lira:
www.merrmeqira.com/user/profile/smart

ose m",300 EUR,85,300.00,85.0,Qendra,rent,,,,,,,
random,banesa-68992,Banesë me qira në Qendër,"Lëshohet me qira banesa në Qendër, afër komunës së vjetër.

Banesa ndodhet në katin e gjashtë dhe posedon ashensor.

Sipërfaqe: 120m²
Çmimi: 500

Rënditja
• Sallon dhe Kuzhinë
• 3 Dhoma
• Banjo
• WC
• 2 Ballkona

Kodi: 2733

Për më shumë informata mund të na beni like faqen tone ne facebook
Smart Real Estate,
bit.ly/2htS4cY
, si dhe
www.instagram.com/realestatesmart/

apo per me shume oferta apo banesa te lira:
www.merrmeqira.com/user/profile/smart

gjirafa.com/…

esa&amp;llshp=Qira
ose mund të ",500 EUR,120,500.00,120.0,Qendra,rent,,,,,,,
random,banesa-83584,Banese me qira ne lagjen Bregu i Diellit,"Lëshohet me qira banesa ne Breg te Diellit, perballe banesave te bardha,  e mobiluar në tërësi, e gatshme dhe shumë e përshtatshme për banim. Banesa ka të gjitha pajisjet e nevojshme funksionale. Ka hapsire parkingu
Sipërfaqe: 60m2
Çmimi: 315 ( me mirembajtje)
Rënditja
• Sallon dhe Kuzhinë
• 1 Dhome gjumi
• Banjo
• Ballkon
• Koridor
Kodi: 3769
Për më shumë informata mund të na beni like faqen tone ne facebook
Smart Real Estate,
bit.ly/2htS4cY
, si dhe
www.instagram.com/realestatesmart/

apo per ",300 EUR,60,300.00,60.0,Bregu i Diellit,rent,,,,,,,
random,banesa-53668,Banes ne shitje ne lagjen Rrugen B 2+1,"Banesë ne shitje në lagjen Rruga B,ne rrugen Ndue Perlleshi,me pamje juge perendim.Banesa eshte  emobiluar ne teresi.Kontrata me perkthim te noteri
Kati:8
Sipërfaqe:83.35
Çmimi I shitjes:950 m2
Renditja:
♦Sallon me kuzhinë
♦2Dhomë gjumi
♦Banjo dhe wc
♦Ballkon
♦Korridor

Për më shumë informata mund të na beni like faqen tone ne facebook Smart Real Estate,
bit.ly/2htS4cY
,  ose mund të na kontaktoni në këtë numër telefoni
044 393 777
WhatsApp & Viber
+3834 393 777
",950 EUR,83,950.00,83.0,,sale,,,,,,,
random,banesa-42292,Banese me qira ne lagjen Bregu i Diellit,"Ofrohet banesa me qira 127m² te ""Furra Qerimi 1""
Banesa ka këtë struktur organizative:
- Sallon me Kuzhinë,
- 3 Dhoma Gjumi (1 dhomë të fjetjes dopio🛏, 2 dhoma me nga 2 kreveta)
- 2 Banjo
- 2 Ballkona
Banesa është në katin e 5-të dhe lëshohet me qira për familjarë ose studente.
Cmimi: 450 euro +depoziti
bit.ly/3n3a6PU

Per me shume informata mund te na kontaktoni ne numrin
049 124 677
+383 49 124 677
044 333 511
+383 44 333 511",450 EUR,127,450.00,127.0,Bregu i Diellit,rent,,,,,,,
random,banesa-59879,Banese me qira ne Rrugen B,"Leshohet banese  me qira ne Rrugen B Kompleksi Royal
Banesa eshte afer Bukatores kati 8
Banesa eshte lesohet per zyre & banim
Banesa ka kete renditje:
- 1 dhoma gjumi
- Sallon
- Kuzhine
- Banjo
- Ballkon
- Koridor
Qmimi 300€

bit.ly/3n3a6PU

Per me shume informata mund te na kontaktoni ne numrin
049 124 677
+383 44 333 511
044 333 511
+383 49 124 677",300 EUR,68,300.00,68.0,Lakrishte,rent,,,,,,,
random,banesa-52063,Leshohet banese me qira ne Dardani.,"Leshohet banese me qira ne Dardani.
Banesa eshte 2 kat, dhe ka 70m2.
Banesa ka kete renditje:
- 2 dhom gjumi
- sallon dhe kuzhine
- banjo
- ballkon
- koridor
Qmimi 350€
bit.ly/3n3a6PU


Per me shume informata mund te na kontaktoni ne numrin
044 333 511
+383 44 333 511",350 EUR,70,350.00,70.0,Dardania,rent,,,,,,,
random,banesa-56367,Banese me qira ne lagjen Qender 1+1,"Banesë me qira në lagjen Qender,perball Hotel Grandit,prane librarise Buzuku.Banesa eshte e mobiluar ne teresi.Banesa ka nxemje me Termokos.
Kati:9
Sipërfaqe:60 m2
Çmimi i qirasë:300
Renditja:
♦Sallon me kuzhinë
♦Dhomë gjumi
♦Banjo
♦Ballkon
♦Korridor

Për më shumë informata mund të na beni like faqen tone ne facebook Smart Real Estate,
bit.ly/2htS4cY
,  ose mund të na kontaktoni në këtë numër telefoni
044 393 777
WhatsApp & Viber
+38344 393 777
",300 EUR,60,300.00,60.0,Qendra,rent,,,,,,,
random,banesa-78202,Banesë me qira te Bregu i Diellit,"Lëshohet me qira banesa te Bregu i Diellit, ne rrugen Sali Nivica. Banesa është e mobiluar në tërësi dhe e përshtatshme për banim.
Banesa ka të gjitha pajisjet e nevojshme funksionale. Lëshohet vetëm për familjarë.
Banesa ka këtë renditje:
•	Sallon dhe Kuzhinë
•	2 Dhoma gjumi
•	Banjo
•	Ballkon
•	Koridor

Kodi: 3294

Për më shumë informata mund të na beni like faqen tone ne facebook
Smart Real Estate,
bit.ly/2htS4cY
, si dhe
www.instagram.com/realestatesmart/

apo per me shume oferta apo banesa t",300 EUR,1,300.00,,Bregu i Diellit,rent,,,,,,,
random,banesa-31570,Super banese me qira ne lagjen Bregu i diellit,"Super banese me qira ne lagjen Bregu i Diellit, afer banesave te Standardit. Banesa eshte komplet e mobiluar, moderne, gjendet ne katin e 9-te, lift funksional, e pabanuar me pare,me nxemje qendrore me rryme , siperfaqe 106 m2 . ( Leshohet vetem per familjare)

Renditja:
Sallon me kuzhine * 3 dhoma gjumi * banjo * ballkon * korridor * shpajz
Çmimi: 300 €

Per me shume informata rreth kesaj banese mund te na shkruani linkun me id ose nje screenshot te shpalljes, apo nje kerkese tuajen per banesa ",300 EUR,106,300.00,106.0,Bregu i Diellit,rent,,,,,,,
random,banesa-80914,Banese me qira ne lagjen Bregu i Diellit,"Leshohet me qira banesa e mobiluar në gjendje shumë të mirë në lagjen Bregu i Diellit, Prishtinë, në kompleksin PUHIZA. Vendparking privat për banorët, me akses të kontrolluar përmes çipit dhe rampës.
Ndërtesa është e lidhur me Termokos, duke garantuar ngrohje të qëndrueshme dhe ekonomike
Sipërfaqe: 60m²
Çmimi: 350
Rënditja
•	Sallon dhe Kuzhinë
•	Dhomë gjumi
•	Banjo
•	Koridor
•	Ballkon

Kodi: 3530

Për më shumë informata mund të na beni like faqen tone ne facebook
Smart Real Estate,
bit.ly/2htS4",350 EUR,60,350.00,60.0,Bregu i Diellit,rent,,,,,,,
random,banesa-13145,Banese ne shitje ne Mati 1 2+1,"Shitet banesa ne Mati 1, te Vellezerit Asllani, afer shkolles Pavaresia, banesa gjendet ne katine  7-te, e gatshme per banim, 112m2
Banesa posedon:
- dy dhoma gjumi
- dy banjo
- ballko
- koridor
- sallon dhe kuzhine
Qmimi 80 000 euro

Per me shume informata rreth kesaj banese dhe ofertave te tjera ju lutem na kontaktoni ne numrin
WhatsApp & Viber:
04519 00 19","80,000 EUR",112,80000.00,112.0,Mati,sale,,,,,,,
random,banesa-49262,Banese me qira ne Arberi,"Leshohet banese me qira ne Arberi,Rruga Ahmet Krasniqi(Banesat e Standardit)
Banesa ka kete renditje:
- 3 dhoma gjumi
- sallon dhe kuzhine
- banjo
- ballkon
- koridor
-Parking
Qmimi 400€
bit.ly/3n3a6PU

Per me shume informata mund te na kontaktoni ne numrin
044 333 511
+383 44 333 511",400 EUR,80,400.00,80.0,Arbëria,rent,,,,,,,
random,banesa-80115,Banesë me qira në Lagjen e Muhaxherëve,"Lëshohet me qira gsoniere në lagjen e Muhaxherëve, afër hotelit Afa. Banesa është e mobiluar dhe e përshtatshme për banim.
Sipërfaqe: 40m²
Çmimi: 250
Rënditja
• Sallon
• Kuzhinë
• Banjo
• Koridor
• Ballkon
Kodi: 3452
Për më shumë informata mund të na beni like faqen tone ne facebook
Smart Real Estate,
bit.ly/2htS4cY
, si dhe
www.instagram.com/realestatesmart/

apo per me shume oferta apo banesa te lira:
www.merrmeqira.com/user/profile/smart

gjirafa.com/…

esa&amp;llshp=Qira
ose mund të na konta",250 EUR,40,250.00,40.0,Muhaxhere,rent,,,,,,,
random,banesa-77082,Banese me qira ne Lagje te Spitalit,"Leshohet banese me qira ne Lagje te Spitalit rruga: Muharrem Fejza afer SuperViva 2. Banesa eshte komplet e mobiluar moderne, gjendet ne katine 4-te me lift funksional
Banesa ka kete renditje:
- Sallon
- Kuzhine
- 2 Dhoma gjumi
- Banjo
- Ballkon
- Koridor
Cmimi: 350 euro

bit.ly/3n3a6PU

Per me shume informata mund te na kontaktoni ne numrin
049 124 677 WhatsApp dhe Viber +383 49 124 677
044 333 511 WhatsApp dhe Viber +383 44 333 511
",350 EUR,80,350.00,80.0,Spitali,rent,,,,,,,
random,banesa-22943,Banese me qira ne Qender 2+1,"Leshohet banese me qira ne Qender, rruga Hajdar Dushi, eshte komplet e mobiluar, 90m2.

Banesa posedon:
Sallon me kuzhine/ 2 Dhoma gjumi/ Banjo/ Wc/
2 Ballkona/ Korridori/ Shpajz.
Qmimi: 300 €

Per me shume informata rreth kesaj banese mund te na shkruani linkun me id ose nje screenshot te shpalljes apo  nje kerkese tuajen per banesa tjera ne kete numer kontaktues:
046 166 499
WhatsApp & Viber
+383 46 166 499
",300 EUR,90,300.00,90.0,Qendra,rent,,,,,,,
random,banesa-78588,Banese me qira ne Lagje te Spitalit,"Leshohet Banese me qira ne Lagje te Spitalit ruga: Ahmet Koretnica, komplet e mobiluar e gatshme per banim.
Banesa ka kete renditje:
- Sallon
- Kuzhine
-2  Dhoma gjumi
- 2 Banjo
- Ballkon
- Koridor
Cmimi: 300 euro

bit.ly/3n3a6PU

Per me shume informata mund te na kontaktoni ne numrin
049 124 677 WhatsApp dhe Viber +383 49 124 677
044 333 511 WhatsApp dhe Viber +383 44 333 511",300 EUR,80,300.00,80.0,Spitali,rent,,,,,,,
random,banesa-77051,Banese me qira ne lagjen Bregu i Diellit,"Leshohet banese me qira ne lagjen Bregu i diellit zona perendimit rruga Hyzri Talla, afer qendres tregtare e mobiluar komplet e gatshme per banim.
Banesa ka kete renditje:
- Sallon
- Kuzhine
- Dhome gjumi
- Banjo
- Ballkon
- Koridor
Cmimi: 300 euro

bit.ly/3n3a6PU

Per me shume informata mund te na kontaktoni ne numrin
049 124 677 WhatsApp dhe Viber +383 49 124 677
044 333 511 WhatsApp dhe Viber +383 44 333 511
",300 EUR,65,300.00,65.0,Bregu i Diellit,rent,,,,,,,
random,banesa-62158,Banese me qira ne lagjen e Spitalit Veternik,"Leshohet banese me qira ne Veternik  ,Kati 2  Afer Spitalit Amerikan
Banesa ka kete renditje:
- 1 dhoma gjumi
- Sallon
- Kuzhine
- Banjo
- Ballkon
- Koridor
Qmimi 200€
bit.ly/3n3a6PU

Per me shume informata mund te na kontaktoni ne numrin
049 124 677
+383 49 124 677
044 333 511
+383 44 333 511",200 EUR,65,200.00,65.0,,rent,,,,,,,
random,banesa-79758,Banesë me qira te Lagjia e Spitalit,"Lëshohet me qira banesa te Lagjia e Spitalit, afër EULEX-it. Banesa është e mobiluar në tërësi dhe shumë e përshtatshme për banim.
Ka të gjitha pajisjet funksionale. Sistemin e ngrohjes e ka me Termokos. Ndodhet në katin e 7, posedon ashensor.
Sipërfaqe: 62m²
Çmimi: 300
Rënditja
•	Sallon dhe Kuzhinë
•	Dhomë gjumi
•	Banjo
•	Depo
•	Ballkon

Kodi: 3415

Për më shumë informata mund të na beni like faqen tone ne facebook
Smart Real Estate,
bit.ly/2htS4cY
, si dhe
www.instagram.com/realestatesmart/

a",300 EUR,62,300.00,62.0,Spitali,rent,,,,,,,
random,banesa-63364,Banese me qira ne lagjen Ulpiane_1+1,"Banesë me qira në lagjen Ulpiane, e mobiluar ne teresi
Sipërfaqe:55
Çmimi i qirasë:250
Renditja:
♦Sallon me kuzhinë
♦Dhomë gjumi
♦Banjo
♦Ballkon
♦Korridor

Për më shumë informata mund të na beni like faqen tone ne facebook Smart Real Estate,
bit.ly/2htS4cY
, apo per me shume oferta apo banesa te lira:
www.merrmeqira.com/user/profile/smart

ose mund të na kontaktoni në këtë numër telefoni
044 393 777
WhatsApp & Viber
+383 44 393 777
",250 EUR,55,250.00,55.0,Ulpiana,rent,,,,,,,
random,banesa-59839,Banese me qira mbrapa Teatrit,"Leshohet banese  me qira ne Qender
Banesa eshte afer Bankes Teb
Banesa ka kete renditje:
- 1 dhoma gjumi
- Sallon
- Kuzhine
- Banjo
- Ballkon
- Koridor
Qmimi 280€

bit.ly/3n3a6PU

Per me shume informata mund te na kontaktoni ne numrin
049 124 677
+383 44 333 511
044 333 511
+383 49 124 677",280 EUR,65,280.00,65.0,,rent,,,,,,,
random,banesa-51785,Banese me qira Te Parku i Qytetit,"Leshohet banesa me qera afer parkut te qytetit
dhom gjumi
sallon me kuzhin
Banjo
Ballkon

Qmimi 200€
bit.ly/3n3a6PU


Per me shume informata mund te na kontaktoni ne numrin
044 333 511 & 049 124 677
+38344 333 511 & +383 49 124 677",200 EUR,50,200.00,50.0,Parku i Qytetit,rent,,,,,,,
random,banesa-53081,Banese me qira ne lagjen Emshir_1+1,"Banesë me qira në lagjen Emshir afer Nartel, banes eshte e mobiluar ne teresi, ndodhet ne nje lokacion te mire banimi. Ndertesa ka ashensor funksional
Kati:5
Sipërfaqe:60
Çmimi i qirasë:250
Renditja:
♦Sallon me kuzhinë
♦Dhomë gjumi
♦Banjo
♦Ballkon
♦Korridor

Për më shumë informata mund të na beni like faqen tone ne facebook Smart Real Estate,
bit.ly/2htS4cY
,  ose mund të na kontaktoni në këtë numër telefoni
044 393 777
WhatsApp & Viber
+383 44 393 777
",250 EUR,60,250.00,60.0,Emshir,rent,,,,,,,
random,banesa-91744,Banes me qera Lagja Muhaxhereve,"
Banes me qera ne Lagjen e Muhagjereve
Banesa ndodhet ne Rr. Lordi Bajron, kompleksi Derin Reszidence
Banesa posedon  40m²
Qëndrimi ditor | Kuzhina | Banjo |

Çmimi: 250 €

Nr. Tel: 044 577 677
www.geo-rks.com
1516
",250 EUR,40,250.00,40.0,,rent,,,,,,,
random,banesa-58200,Banese me qira ne lagjen Mati 1,"Banesë me qira në lagjen Mati 1, banesa eshte e mobiluar ne teresi
Çmimi i qirasë:300
Renditja:
♦Sallon me kuzhinë
♦Dhomë gjumi
♦Banjo
♦Ballkon
♦Korridor

Për më shumë informata mund të na beni like faqen tone ne facebook Smart Real Estate,
bit.ly/2htS4cY
,  ose mund të na kontaktoni në këtë numër telefoni
044/393-777
WhatsApp & Viber
+383 44 393 777
",300 EUR,65,300.00,65.0,Mati,rent,,,,,,,
random,banesa-41773,Banese me qira ne Ulpiane,"Leshohet banese me qira ne Ulpiane
Banesa ka kete renditje:
- 2 dhoma gjumi
- sallon dhe kuzhine
- banjo
- ballkon
- koridor
-Depo
Qmimi 200€
bit.ly/3n3a6PU


Per me shume informata mund te na kontaktoni ne numrin
044 333 511
+383 44 333 511




",200 EUR,40,200.00,40.0,Ulpiana,rent,,,,,,,
random,banesa-81705,BANESA ME QERA NE QENDER,"Banesa me qera ne Qender!
Banesa me siperfaqe 20m2 posedon vetem nje dhome, kuzhine dhe banjo.
Banesa gjndet afer Hotel Grand dhe poashtu ka nxemje qendrore me termokos.
Çmimi - (200€)
Për më shumë informata na kontaktoni.
+383 44 888-801
+383 49 888-801
✉️
[email protected]
",200 EUR,20,200.00,20.0,Qendra,rent,,,,,,,
random,banesa-53791,Banese me qira ne lagjen Muhaxhereve 1+1,"Banesë me qira në lagjen e Muhaxherve,perball Hotel Afa.Banesa eshte e mobiluar ne teresi.Lift funksional.
Kati:6
Sipërfaqe:60 m2
Çmimi i qirasë:300 plus depoziti
Renditja:
♦Sallon me kuzhinë
♦Dhomë gjumi
♦Banjo
♦Ballkon
♦Korridor

Për më shumë informata mund të na beni like faqen tone ne facebook Smart Real Estate,
bit.ly/2htS4cY
,  ose mund të na kontaktoni në këtë numër telefoni
044 393 777
WhatsApp & Viber
+38344 393 777
",300 EUR,60,300.00,60.0,Muhaxhere,rent,,,,,,,
random,banesa-76017,Banesë me qira në Arbëri,"Lëshohet me qira banesa në lagjen Arbëria, afër Minimax, te kompleksi Berisha Group. Banesa është e mobiluar në mënyrë moderne dhe shumë e përshtatshme për banim.
Banesa nuk ka termokos.
Banesa ka këtë renditje:
•	Salloni dhe Kuzhinë
•	2 Dhoma Gjumi
•	Banjo
•	Ballkon
•	Koridor
Banesa posedon garazh.
Kodi: 3050

Për më shumë informata mund të na beni like faqen tone ne facebook
Smart Real Estate,
bit.ly/2htS4cY
, si dhe
www.instagram.com/realestatesmart/

apo per me shume oferta apo banesa te lir",1 EUR,1,1.00,,Arbëria,rent,,,,,,,
random,banesa-79221,Banesë me qira në Arbëri,"Ofrohet ne shitje dhe me qira banesa Pent House me sipërfaqe 149m² e shfytezueshme neto dhe terrace 80 m2 me lokacion në Dragodan, në rrugën “Vicianum”, ndërtim nga Tregtia.
Banesa ka orientim nga lindja dhe jugu dhe ka këtë renditje të hapësirave të brendshme: qëndrim ditor, kuzhinë, 4 dhoma të gjumit, një banjo,nje Tualet depo dhe një ballkon i madh  si dhe garazha men2 vendparkime te mundshme.
Sistemin e ngrohjes e ka me termokos.
Ndërtesa ku ndodhet banesa është e pajisur me ashensor dhe ka ",1 EUR,80,1.00,80.0,Arbëria,rent,,,,,,,
random,banesa-48720,Banese me qira ne lagjen e Spitalit,"Leshohet banese me qira ne Lagje te Spitalit,Rruga Holger Petersen
Banesa ka kete renditje:
- dhoma gjumi
- sallon dhe kuzhine
- banjo
- ballkon
- koridor
Qmimi 240€
bit.ly/3n3a6PU

Per me shume informata mund te na kontaktoni ne numrin
044 333 511
+383 44 333 511",240 EUR,60,240.00,60.0,Spitali,rent,,,,,,,
random,banesa-62770,Banese me qira ne lagjen Arberia,"Banesë (kat shtepie) me qira në lagjen Arberia, eshte e mbiluar ne teresi
Sipërfaqe:100
Çmimi i qirasë:250
Renditja:
♦Sallon me kuzhinë
♦2 Dhomë gjumi
♦Banjo
♦Ballkon
♦Korridor

Për më shumë informata mund të na beni like faqen tone ne facebook Smart Real Estate,
bit.ly/2htS4cY
, apo per me shume oferta apo banesa te lira:
www.merrmeqira.com/user/profile/smart

ose mund të na kontaktoni në këtë numër telefoni
044 393 777
WhatsApp & Viber
+38344 393 777
",250 EUR,100,250.00,100.0,Arbëria,rent,,,,,,,
random,banesa-83025,Banesë me qira në Tophane,"Lëshohet me qira banesa në Tophane. Është e mobiluar në tërësi, e gatshme dhe shumë e përshtatshme për banim.
Sipërfaqe: 55m²
Çmimi: 300.0
Rënditja
• Sallon dhe Kuzhinë
• Dhomë gjumi
• Banjo
• Koridor
Kodi: 3736
Për më shumë informata mund të na beni like faqen tone ne facebook
Smart Real Estate,
bit.ly/2htS4cY
, si dhe
www.instagram.com/realestatesmart/

apo per me shume oferta apo banesa te lira:
www.merrmeqira.com/user/profile/smart

gjirafa.com/…

esa&amp;llshp=Qira
ose mund të na kontaktoni",300 EUR,55,300.00,55.0,Tophane,rent,,,,,,,
random,banesa-77785,Banese me qira te rruga B,"Leshohet super banesa me qera, gjindet ne rrugen B tek maxi 24h.
Renditja:
Qendrim ditore
Kuzhine dhe tryezari
X 1 Dhome gjumi per femije
X 1 Dhome gjumi me garderobier
X 1 Dhome gjumi
X 1 Tualet
X 1 Banjo dhe tualet
Shpajz
Banesa posedon dhe ballkon me pamje nga rruga
dhe eshte e lidhur me termokos, gjindet ne katin e 4-te.
Me banese perfshihet dhe garazha per 1 veture.
Cmimi 850 euro

Per me shume informata mund te na kontaktoni ne numrin
049 124 677 WhatsApp dhe Viber +383 49 124 677
044 333 ",850 EUR,110,850.00,110.0,Dardania,rent,,,,,,,
random,banesa-65489,Banese me qira ne lagjen Bregu i Diellit,"Banesë me qira në lagjen Bregu i Diellit afer Menxes se Studentave, banesa eshte e mboiluar
Sipërfaqe:68
Çmimi i qirasë:200
Renditja:
♦Sallon me kuzhinë
♦Dhomë gjumi
♦Banjo
♦Ballkon
♦Korridor

Kodi:2516

Për më shumë informata mund të na beni like faqen tone ne facebook Smart Real Estate,
bit.ly/2htS4cY
, si dhe
www.instagram.com/realestatesmart/

apo per me shume oferta apo banesa te lira:
www.merrmeqira.com/user/profile/smart

gjirafa.com/…

ose mund të na kontaktoni në këtë numër telefoni
044",200 EUR,68,200.00,68.0,Bregu i Diellit,rent,,,,,,,
random,banesa-79308,Banesë me qira te Muharrem Fejza,"Lëshohet me qira banesa te Muharrem Fejza. Banesa është e mobiluar në tërësi, në gjendje të re dhe është shumë e përshtatshme për banim.
Banesa ka të gjitha pajisjet e nevojshme. Sistemin e ngrohjes e ka me Termokos.
Gjithashtu ka hapësirë parkimi
Çmimi: 400
Rënditja
• Sallon dhe Kuzhinë
• Dhomë gjumi
• Banjo
• Koridor
• Ballkon
• Garazh
Kodi: 3297
Për më shumë informata mund të na beni like faqen tone ne facebook
Smart Real Estate,
bit.ly/2htS4cY
, si dhe
www.instagram.com/realestatesmart/

apo",400 EUR,1,400.00,,,rent,,,,,,,
random,banesa-79394,Banese me qira ne lagjen Ulpiana,"Leshohet banese me qira ne lagjen Ulpiana, siperfaqe 50m2, e mobiluar komplet
Banesa ka kete renditje:
- Sallon
- Kuzhine
- Dhome gjumi
- Banjo
- Ballkon
- Koridor
Cmimi: 300 euro

bit.ly/3n3a6PU

Per me shume informata mund te na kontaktoni ne numrin
049 124 677 WhatsApp dhe Viber +383 49 124 677
044 333 511 WhatsApp dhe Viber +383 44 333 511",300 EUR,50,300.00,50.0,Ulpiana,rent,,,,,,,
random,banesa-77502,Banesë me qira në Arbëri,"Lëshohet me qira banesa në Arbëri, mbrapa statcionit të trenit. Banesa është e re, e mobiluar në tërësi dhe shumë pershtatshme per banim.
Banesa ka të gjitha pajisjet funksionale. Ndodhet ne katin e pare.
Sipërfaqja: 50m²
Çmimi: 350
Banesa ka këtë renditje:
•	Sallon dhe kuzhinë
•	Dhomë gjumi
•	Banjo
•	Koridor

Kodi: 3160

Për më shumë informata mund të na beni like faqen tone ne facebook
Smart Real Estate,
bit.ly/2htS4cY
, si dhe
www.instagram.com/realestatesmart/

apo per me shume oferta apo ba",350 EUR,50,350.00,50.0,Arbëria,rent,,,,,,,
random,banesa-31230,Leshohet banese me qira ne lagjen e Muhaxherve,"Leshohet banese me qira ne lagjen e Muhaxherve ( afer Hotel Afa ) eshte komplet e mobiluar, gjendet ne katin e 4-te, lift funksional.
Siperfaqe: 60m2
Renditja:
Sallon me kuzhine * dhome gjumi * banjo * ballkon * korridor.
Çmimi i qirasë: 250 €

Per me shume informata rreth kesaj banese mund te na shkruani linkun me id ose nje screenshot te shpalljes, apo nje kerkese tuajen per banesa tjera, ne kete numer telefoni:
045 190 019
WhatsApp & Viber
+383 45 190 019",250 EUR,60,250.00,60.0,Muhaxhere,rent,,,,,,,
random,banesa-51959,"Banes ne sitje ne Lagjen e Spitalit, afer shkolles Pavarsia objekti BTP Holding.","Banes ne sitje ne Lagjen e Spitalit, afer shkolles Pavarsia objekti BTP Holding.

Banesa ka 106.7m2, ndodhet ne katin e 7 dhe posedon 2 lifta.
Sistemi i ngrohjes me rryme.

Banesa ka kete renditje:
- 3 dhoma gjumi
- sallon dhe kuzhine
- banjo
- wc
- ballkon
- koridor

Qmimi 850€ m2
bit.ly/3n3a6PU


Per me shume informata mund te na kontaktoni ne numrin


049 124 677
+383 49 124 677",850 EUR,106,850.00,106.0,,sale,,,,,,,
random,banesa-50327,Banese me qira ne lagjen Emshir 2+1,"Banesë me qira në lagjen Emshir, kompleksi Lesna, banesa ka ngrohje qendrore me Termokos eshte e mobiluar ne teresi
Sipërfaqe:70
Çmimi i qirasë:270 per afatgjate
Renditja:
♦Sallon me kuzhinë
♦2Dhomë gjumi ,njera pa mobile
♦Banjo
♦Ballkon
♦Korridor

Për më shumë informata mund të na beni like faqen tone ne facebook Smart Real Estate,
bit.ly/2htS4cY
, ose mund të na kontaktoni në këtë numër telefoni
044/393-777
WhatsApp & Viber
+383 44 393 777",270 EUR,70,270.00,70.0,Emshir,rent,,,,,,,
random,banesa-59424,Banese me qira ne lagjen Bregu i Diellit_2+1,"Banesë me qira në lagjen Bregu i Diellit, kompleksi Vellezrit Asllani tek Xhambazet
banesa eshte extra e mobiluar ne teresi
Banesa ka nxemje qendrore me rryme
Kati:7 lift funksional
Sipërfaqe:90m2
Çmimi i qirasë:400 plus depozita
Renditja:
♦Sallon me kuzhinë
♦2 Dhomë gjumi
♦2 Banjo
♦Ballkon
♦Korridor

Banesa leshohet afat gjate .

Për më shumë informata mund të na beni like faqen tone ne facebook Smart Real Estate,
bit.ly/2htS4cY
, ose mund të na kontaktoni në këtë numër telefoni
044 393 777",400 EUR,90,400.00,90.0,Bregu i Diellit,rent,,,,,,,
random,banesa-50979,Banese me qira ne lagjen e Spitalit,"Leshohet banese me qira ne Lagje te Spitalit,e lire nga data 01.02.2022(vetem per familjar)
Banesa ka kete renditje:
- 2 dhoma gjumi
- sallon dhe kuzhine
- banjo
- ballkon
- koridor
Qmimi 300€
bit.ly/3n3a6PU

Per me shume informata mund te na kontaktoni ne numrin
044 333 511
+383 44 333 511",300 EUR,80,300.00,80.0,Spitali,rent,,,,,,,
random,banesa-61875,Banese me qira te 4 Llullat,"Banesë me qira te 4 Llullat, rr.Ismajl Dumoshi, afer shkolles fillore Gjergj Fishta.
Banesa gjendet afër qendrës dhe ka qasje të shpejtë me SHESH
Kati:5
Sipërfaqe:90
Çmimi i qirasë:300
Renditja:
♦Sallon me kuzhinë
♦2 Dhomë gjumi
♦Banjo
♦Ballkon
♦Korridor

Për më shumë informata mund të na beni like faqen tone ne facebook Smart Real Estate,
bit.ly/2htS4cY
, apo per me shume oferta apo banesa te lira:
www.merrmeqira.com/user/profile/smart

ose mund të na kontaktoni në këtë numër telefoni
044 393 7",300 EUR,90,300.00,90.0,Llullat,rent,,,,,,,
random,banesa-51937,Banese me Qira Ne Qender,"Leshoj Banese me qera per zyre ne qender te Prishtines afer Hotel Swiss Diamond.
Banesa gjendet ne katin e trete.
Banesa ka kete renditje:
- 3 dhoma
- banjo
- ballkon
- koridor
Qmimi 350€
bit.ly/3n3a6PU


Per me shume informata mund te na kontaktoni ne numrin
044 333 511
+383 44 333 511",350 EUR,64,350.00,64.0,Qendra,rent,,,,,,,
random,banesa-80379,Banesë me qira te Bregu i Diellit,"Lëshohet me qira banesa te Bregu i Diellit. Banesa është e mobiluar dhe e përshtatshme për banim.
Banesa ka të gjitha pajisjet e nevojshme funksionale.
Sipërfaqe: 50m²
Çmimi: 250
Rënditja
•	Sallon dhe Kuzhinë
•	Dhomë gjumi
•	Banjo
•	Ballkon
•	Koridor

Kodi: 3477

Për më shumë informata mund të na beni like faqen tone ne facebook
Smart Real Estate,
bit.ly/2htS4cY
, si dhe
www.instagram.com/realestatesmart/

apo per me shume oferta apo banesa te lira:
www.merrmeqira.com/user/profile/smart

gjirafa",250 EUR,50,250.00,50.0,Bregu i Diellit,rent,,,,,,,
random,banesa-33008,Super banese ne shitje ne lagjen Arberia,"Super banese ne shitje ne lagjen Arberia. Banesa eshte pamobiluar, shume moderne dhe e pershtatshme per banim, ka nje siperfaqe te madhe dhe komode, gjendet ne katin e 5-te. Ka siperfaqe 97m2, 2 terasa  27m2.

Renditja:
Sallon me kuzhine, 2 dhoma gjumi, njera eshte me banjo brenda, 2 terasa, korridor, banjo, Wc.
Çmimi: 1000 € m2 ( pranohet kompensim deri 25 000 € )

Per me shume informata mund te na kontaktoni ne kete numer telefoni:
044 393 777
WhatsApp & Viber
+383 44 393 777","1,000 EUR",97,1000.00,97.0,Arbëria,sale,,,,,,,
random,banesa-81136,Banesë me qira te Mati 1,"Lëshohet me qira banesa te Muharrem Fejza. Banesa është e mobiluar në tërësi, e gatshme dhe shumë e përshtatshme për banim.
Banesa ka të gjitha pajisjet e nevojshme funksionale.
Ka hapësirë parkimi.
Sipërfaqe: 86m²
Rënditja
• Sallon dhe Kuzhinë
• 2 Dhoma gjumi
• Banjo
• Koridor
• Depo
• Ballkon
Kodi: 3563
Për më shumë informata mund të na beni like faqen tone ne facebook
Smart Real Estate,
bit.ly/2htS4cY
, si dhe
www.instagram.com/realestatesmart/

apo per me shume oferta apo banesa te lira:
www",1 EUR,86,1.00,86.0,Mati,rent,,,,,,,
random,banesa-48937,Banese me qira ne Aktash,"Leshohet banese me qira ne Aktash
Banesa ka kete renditje:
-  2 dhoma gjumi
- sallon dhe kuzhine
- banjo
- ballkon
- koridor
Qmimi 280€
bit.ly/3n3a6PU

Per me shume informata mund te na kontaktoni ne numrin
044 333 511
+383 44 333 511",280 EUR,80,280.00,80.0,Aktash,rent,,,,,,,
random,banesa-89816,Banese me qira ne lagjen Tophane,"Leshohet banese me qira ne lagjen Tophane, e mobiluar ne teresi. Ndertesa ka ashensore funksional
Siperfaqe: 85m2,
kati i 4-te,
Banesa ka kete renditje:
•	Sallon,
•	Kuzhinë,
•	2Dhomë e gjumi,
•	Koridor,
•	Banjo,
Çmimi: 400€
Kodi: 4039
Për më shumë informata mund të na beni like faqen tone ne facebook
Smart Real Estate,
bit.ly/2htS4cY
, si dhe
www.instagram.com/realestatesmart/

apo per me shume oferta apo banesa te lira:
www.merrmeqira.com/user/profile/smart

gjirafa.com/…

esa&amp;llshp=Qira
os",400 EUR,85,400.00,85.0,Tophane,rent,,,,,,,
random,banesa-50650,Banes ne shitje ne lagjen Arberi 1+1,"Banesë me shitje në lagjen Arberia, rr, Vicianum, kompleksi Tregtia,
Banesa eshte e mobiluar ne teresi,e pershtatshme eshe per zyra rruga kryesore
Kati:1
Sipërfaqe:55m2 Netto ,mundesia e kontrates tek Noteri nuk ka flete poseduese se shpejti kryhet.
Çmimi i shitjes: 1250 me mobile
Renditja:
♦Sallon me kuzhinë
♦1Dhomë gjumi
♦Banjo dhe shpajz
♦Ballkon
♦Korridor
Ne rast se don me leshu me qera kerkesa ka te shumta ne ate vend
Për më shumë informata mund të na beni like faqen tone ne facebook Smart ","1,250 EUR",55,1250.00,55.0,Arbëria,sale,,,,,,,
random,banesa-79775,Banesë me qira te Qafa,"Lëshohet me qira banesa te Qafa. Banesa është e mobiluar në tërësi dhe shumë e përshtatshme për banim.
Ka të gjitha pajisjet funksionale. Ndodhet në katin e 7, ka ashensor.
Sipërfaqe: 75m²
Çmimi: 350
Rënditja
•	Sallon dhe Kuzhinë
•	2 Dhoma gjumi
•	Banjo
•	Ballkon
•	Koridor

Kodi: 3417

Për më shumë informata mund të na beni like faqen tone ne facebook
Smart Real Estate,
bit.ly/2htS4cY
, si dhe
www.instagram.com/realestatesmart/

apo per me shume oferta apo banesa te lira:
www.merrmeqira.com/user",350 EUR,75,350.00,75.0,Qafa,rent,,,,,,,
random,banesa-52333,Banese me Qira Ne Qender,"Lëshojmë banesë me qera në qendër të Prishtinës, te sheshi Zahir Pjaziti.

Banesa ka kete renditje:
-1 dhomë gjumi
- sallon dhe kuzhine
- banjo
- ballkon me pamje nga sheshi Zahir Pajaziti.

Banesa është e sapo renovuar.
Ka dritare të reja që izolojne zhurmën dhe nuk lejojne të depërtojë ftohti gjatë dimrit apo të nxehtit gjatë verës.
Përvec kësajë banesa ka të instaluar edhe nxemjet qëndrore,
poashtu ka edhe ashensor.

Banesa ka të gjitha paisjet shtëpiake si:
-Shporet,
-frigorifer,
-makine per",230 EUR,0,230.00,,Qendra,rent,,,,,,,
random,banesa-9983,Banes moderne me qira ne Emshir,"Leshoj banese me qira ne EMSHIR , 50m2 te mobiluar ne teresi me te gjitha mobiliet
Banesa posedon:
- dhome gjumi
- sallon dhe kuzhine
- banjo
- ballkon
- koridor
Qmimi 230 euro

Per me shume informata ju lutem na kontaktoni ne numrin
WhatsApp & Viber:
044/393-777
",230 EUR,50,230.00,50.0,,rent,,,,,,,
random,banesa-42966,Banese ne shitje ne Mati 1,"Banesë ne shitje në lagjen Mati 1, rr. Muharrem Fejza, banesa eshte komplet e mobiluar
Kati:3
Sipërfaqe:58m2
Çmimi shitjes:850€m2
Renditja:
♦Sallon me kuzhinë
♦Dhomë gjumi
♦Banjo
♦Ballkon
♦Korridor

Për më shumë informata mund të na beni like faqen tone ne facebook Smart Real Estate,
bit.ly/2htS4cY
,  ose mund të na kontaktoni në këtë numër telefoni
044/393-777
WhatsApp & Viber
+383 44 393 777",850 EUR,58,850.00,58.0,Mati,sale,,,,,,,
random,banesa-41550,Banese me qira ne lagjen e Spitalit,"Leshohet banese me qira ne lagjen e Spitalit,Te Super Viva
Banesa ka kete renditje:
- 2 dhoma gjumi
- sallon dhe kuzhine
- banjo
- ballkon
- koridor
-Depo
Qmimi 350€

Per me shume informata mund te na kontaktoni ne numrin
049 124 677
+383 49 124 677
",350 EUR,80,350.00,80.0,Spitali,rent,,,,,,,
random,banesa-73746,Super banese me qera te Rruga B,"Leshohet super banese me qira te Rruga B. Banesa eshte e mobiluar komplet me mobile te reja dhe moderne, ka hapesire te madhe qe e ben shume te pershtatshme per banim.
Banesa posedon edhe 2 garazha
Renditja:
- Sallon
- Kuzhine
- 2 Dhoma gjumi
- Banjo
- Ballkon
- Koridor
Cmimi: 600 euro ( ne cmim perfshihen dhe 2 garazhat ).

bit.ly/3n3a6PU

Per me shume informata mund te na kontaktoni ne numrin
049 124 677 WhatsApp dhe Viber +383 49 124 677
044 333 511 WhatsApp dhe Viber +383 44 333 511

",600 EUR,100,600.00,100.0,Dardania,rent,,,,,,,
random,banesa-24574,Banese me qira ne lagjen Mati 1,"Leshohet banese me qira ne lagjen Mati , kompleksi baneseor Famis. Banesa eshte komplet e mobiluar, gjendet ne katin e 4-te, me siperfaqe 70m2

Banesa ka kete renditje:
* Sallon me kuzhine * Dhome gjumi * Banjo * Ballkon * Korridor .
Qmimi: 230 €

Per me shume informata rreth kesaj banese mund te na shkruani linkun me id ose nje screenshot te shpalljes, apo nje kerkese tuajen per banesa tjera, ne kete numer telefoni:
046 166 499
WhatsApp & Viber
+383 46 166 499",230 EUR,70,230.00,70.0,Mati,rent,,,,,,,
random,banesa-51187,Banese me qira ne Arberi,"Leshohet banese me qira ne Arberi, te Ambasada Amerikane,banesa eshte komplet e mobilur, 90m2
Banesa ka kete renditje:
- 2 dhoma gjumi
- sallon dhe kuzhine
- banjo
- ballkon
- koridor
Qmimi 400€
bit.ly/3n3a6PU


Per me shume informata mund te na kontaktoni ne numrin
049 124 677
+383 49 124 677",400 EUR,90,400.00,90.0,Arbëria,rent,,,,,,,
random,banesa-75382,Banese me qira ne Qender,"Leshohet banese me qira ne Qender mrapa teatrit kombetar, rruga Shaban Polluzha. Komplet e mobiluar e gatshme per banim.
Renditja:
- Sallon
- Kuzhine
- Dhome gjumi
- Banjo
- Ballkon
- Koridor
Cmimi: 260 euro

bit.ly/3n3a6PU

Per me shume informata mund te na kontaktoni ne numrin
049 124 677 WhatsApp dhe Viber +383 49 124 677
044 333 511 WhatsApp dhe Viber +383 44 333 511",260 EUR,60,260.00,60.0,Qendra,rent,,,,,,,
random,banesa-50913,Banese me qira ne Lagje te Spitalit 2+1,"Banesë me qira në lagjen e Spitalit ne rrugen Muharrem Fejza,te Super Viva.Banesa eshte e mobiluar ne teresi,banesa ka edhe garzh.
Kati:1
Sipërfaqe:95 m2
Çmimi i qirasë:500
Renditja:
♦Sallon me kuzhinë
♦2Dhomë gjumi
♦Banjo
♦Ballkon
♦Korridor

Për më shumë informata mund të na beni like faqen tone ne facebook Smart Real Estate,
bit.ly/2htS4cY
,  ose mund të na kontaktoni në këtë numër telefoni
044 393 777
WhatsApp & Viber
+383 44 393 777
",500 EUR,95,500.00,95.0,Spitali,rent,,,,,,,
random,banesa-46937,Banese me qira ne Dardani,"Leshohet banese me qira ne Dardani,Te Bosna,Kati 8
Banesa ka kete renditje:
-  dhoma gjumi
- sallon dhe kuzhine
- banjo
- ballkon
- koridor
-Lift
Qmimi 280€
bit.ly/3n3a6PU


Per me shume informata mund te na kontaktoni ne numrin
044 333 511
+383 44 333 511
",280 EUR,65,280.00,65.0,Dardania,rent,,,,,,,
random,banesa-50700,Banese me qira ne Dardani,"Leshohet banese me qira ne Dardani,Afer Super Vives
Banesa ka kete renditje:
- dhoma gjumi
- sallon dhe kuzhine
- banjo
- ballkon
- koridor
Qmimi 300€
bit.ly/3n3a6PU

Per me shume informata mund te na kontaktoni ne numrin
044 333 511
+383 44 333 511",300 EUR,60,300.00,60.0,Dardania,rent,,,,,,,
random,banesa-76726,Banese me qira ne Bregun e diellit,"Në Bregun e Diellit, Kompleksi ""Dafina"" -Banesat e Standardit lëshohet Banesa me Qira 1+1🏡
👉Çmimi 300 euro /muaji
Apartamenti organizohet nga korridori shpërndarës, salloni i ndenjes bashkë me këndin e gatimit i cili është i veçuar dhe me dalje në ballkon, një dhomë të gjumit, një tualet, një ballkon rreth 40 m² dhe Depo (shpajz).
📌Vendndodhja: Rruga Rrahim Ademi
📐Sipërfaqe: 55m²
🛌1 Dhomë gjumi
🛋Sallon
🍽Kuzhinë
Ballkon rreth 40 m²
🛁Tualet
🚪Depo (shpajz)
⭕️Banesa ndodhet në katin e parë.

bit.ly/",300 EUR,55,300.00,55.0,Bregu i Diellit,rent,,,,,,,
random,banesa-47830,Banese me qira ne lagjen e Spitalit,"Leshohet banese me qira ne Lagje te Spitalit, te Restoran Loriano, Rr.Muharrem Fejza,me kushte shumë të mira banimi, është e mobiluar ne tërësi,
Banesa ka kete renditje:
- dhoma gjumi
- sallon dhe kuzhine
- banjo
- ballkon
- koridor
Qmimi 250€
bit.ly/3n3a6PU

Per me shume informata mund te na kontaktoni ne numrin
049 124 677
+383 49 124 677",250 EUR,60,250.00,60.0,Spitali,rent,,,,,,,
random,banesa-77742,Banese me qira ne Aktash,"Leshohet banese me qira ne lagjen Aktash, Rruga: Hajrullah Abdullahu, nje rruge me poshte ish kolegjit Iliria, komplet e mobiluar.
Renditja:
- Sallon
- Kuzhine
- 2 Dhoma gjumi
- Banjo
- Ballkon
- Koridor
Cmimi: 330 euro

bit.ly/3n3a6PU

Per me shume informata mund te na kontaktoni ne numrin
049 124 677 WhatsApp dhe Viber +383 49 124 677
044 333 511 WhatsApp dhe Viber +383 44 333 511
",330 EUR,85,330.00,85.0,Aktash,rent,,,,,,,
random,banesa-84174,Banese me qira ne Arberi,"Leshohet banese me qira ne lagjen Arberia, e mobiluar në tërësi, kompleksi Ambasador Residence
Banesa ka të gjitha pajisjet e nevojshme funksionale.
Sipërfaqe: 52m2
Çmimi: 370
Rënditja
• Sallon dhe Kuzhinë
• Banjo
• Ballkon
• Koridor
Kodi: 3801
Për më shumë informata mund të na beni like faqen tone ne facebook
Smart Real Estate,
bit.ly/2htS4cY
, si dhe
www.instagram.com/realestatesmart/

apo per me shume oferta apo banesa te lira:
www.merrmeqira.com/user/profile/smart

gjirafa.com/…

esa&amp;lls",370 EUR,52,370.00,52.0,Arbëria,rent,,,,,,,
random,banesa-44585,Banese ne shitje ne lagjen Arberia_3+1,"SHITET Banesa në lagjen me te mire ne Prishtine ,ne Lagjen Arberia  .
Banesa eshte e pamobiluar,e re , shume komode per banim me pamje nga Lindja
Kati: 7-te
Sipërfaqe: 117m2
Çmimi i padiskutueshem ,jo me kompenzime
-
Banesa gjendet  në një ambient të përshtatshëm për banim ,objekti është ndërtim i kompanisë ""Tregtia"".
-
Banesa është e orientuar në lindje dhe e ekspozuar mjaft ndaj Diellit, posedon ngrohje qëndrore me rrymë si dhe parking të mjaftueshem para banesës, në afërsi të banesës ju mundë","110,000 EUR",117,110000.00,117.0,Arbëria,sale,,,,,,,
random,banesa-73740,Banese me qera ne Qender te parku i qytetit,"Leshohet banesa me qera ne Qender, mrapa hotel Sirius,  te parku i qytetit, komplet e mobiluar e gatshme per banim.
kati 3-te, pa lift.
Siperfaqe: 120m2
Renditja:
1.Sallon (ballkon)
2.Kuzhin (ballkon)
3.Koridor
4.Banjo
5. 2 Dhoma Gjumi (ballkon)
Cmimi: 450 euro me te gjitha shpenzimet

bit.ly/3n3a6PU

Per me shume informata mund te na kontaktoni ne numrin
049 124 677 WhatsApp dhe Viber +383 49 124 677
044 333 511 WhatsApp dhe Viber +383 44 333 511",450 EUR,120,450.00,120.0,,rent,,,,,,,
random,banesa-55726,Banese me qira ne lagjen Bregu i Diellit 2+1,"Banesë me qira në lagjen Bregu i Diellit,te banesat e kuqe.Banesa eshte e mobiluar ne teresi.Banesa eshte e paisur me nxemje qendrore dhe klime.
Kati:2
Sipërfaqe:90 m2
Çmimi i qirasë:320
Renditja:
♦Sallon me kuzhinë
♦2Dhomë gjumi
♦Banjo
♦Ballkon
♦Korridor

Për më shumë informata mund të na beni like faqen tone ne facebook Smart Real Estate,
bit.ly/2htS4cY
,  ose mund të na kontaktoni në këtë numër telefoni
044 393 777
WhatsApp & Viber
+38344 393 777
",320 EUR,90,320.00,90.0,Bregu i Diellit,rent,,,,,,,
random,banesa-78480,Banesë me qira në Lagjen e Muhaxherëve,"Ofrohet me qira banesa në Lagjen e Muhaxherëve, mbrapa Hotel Sirius, rr.Tringe Smajli, afer Albi market. Banesa është e mobiluar dhe e gatshme për banim.
Çmimi: 270
Rënditja:
• Sallon dhe Kuzhinë
• Dhomë gjumi
• Banjo
• Ballkon
Kodi: 3222
Për më shumë informata mund të na beni like faqen tone ne facebook
Smart Real Estate,
bit.ly/2htS4cY
, si dhe
www.instagram.com/realestatesmart/

apo per me shume oferta apo banesa te lira:
www.merrmeqira.com/user/profile/smart

gjirafa.com/…

esa&amp;llshp=Qir",270 EUR,1,270.00,,Muhaxhere,rent,,,,,,,
random,banesa-54735,Banese me qira ne lagjen Ulpiana,"Leshohet banese me qira ne Ulpian, te market molla,Kati-3
Banesa ka kete renditje:
- 1 dhoma gjumi
- sallon dhe kuzhine
- banjo
- ballkon
- koridor
Qmimi 240€

bit.ly/3n3a6PU

Per me shume informata mund te na kontaktoni ne numrin
049 124 677
+383 49 124 677
044 333 511
+383 44 333 511",240 EUR,45,240.00,45.0,Ulpiana,rent,,,,,,,
random,banesa-51831,Banese me qira ne lagjen Ulpiana,"Leshoj banesen me qira me ne Ulpiane shfrytezim per zyre 42m2
Banesa gjendet ne lagjen Ulpiana rruga Imzot Nikprelaj E30 ne lokacion mjaft te pershtatshem , afer soliterave dhe pompes Exfis.
Banesa eshte ne katin e pare perpara ka parking te mjaftueshem dhe pamje nga parku dhe rruga e lagjes.
Qiraja: 280€+ rryme&uje (shpenzimet e nxemjes qendrore dhe mbeturinave paguhen nga pronari.

Banesa ka kete renditje:
- 1 dhom gjumi
- sallon dhe kuzhine
- banjo
- ballkon
- koridor
Qmimi 280€
bit.ly/3n3a6P",280 EUR,42,280.00,42.0,Ulpiana,rent,,,,,,,
random,banesa-52154,Banese me qira ne lagjen Lakrishte 1+1,"Banesë me qira në lagjen Lakrishte,kompleksi Nartel.Banesa eshte e mobiluar ne teresi.Lift Funksional.
Kati:13
Sipërfaqe:52 m2
Çmimi i qirasë:
Renditja:
♦Sallon me kuzhinë
♦Dhomë gjumi
♦Banjo
♦Ballkon
♦Korridor

Për më shumë informata mund të na beni like faqen tone ne facebook Smart Real Estate,
bit.ly/2htS4cY
,  ose mund të na kontaktoni në këtë numër telefoni
044 393 777
WhatsApp & Viber
+38344 393 777
",300 EUR,52,300.00,52.0,Lakrishte,rent,,,,,,,
random,banesa-51946,Banese me qira ne lagjen Bregu i Diellit,"Leshohet banese me qira ne Bregun e Diellit,Banesat e Bardha
kati i 4
Banesa ka kete renditje:
- dhom gjumi
- sallon dhe kuzhine
- banjo
- koridor
Qmimi 200€
bit.ly/3n3a6PU


Per me shume informata mund te na kontaktoni ne numrin
044 333 511
+383 44 333 511",250 EUR,50,250.00,50.0,Bregu i Diellit,rent,,,,,,,
random,banesa-71246,Banesë me qira te rruga B,"Lëshohet me qira banesa në rrugën B. Banesa është e mobiluar dhe shumë e përshtatshme për banim.

Banesa është e re e saporenovuar dhe ka sistemin e ngrohjes me Termokos.

Çmimi: 340

Renditja:
• Sallon dhe Kuzhinë
• Dhomë gjumi
• Banjo
• Ballkon

Kodi: 2820

Për më shumë informata mund të na beni like faqen tone ne facebook
Smart Real Estate,
bit.ly/2htS4cY
, si dhe
www.instagram.com/realestatesmart/

apo per me shume oferta apo banesa te lira:
www.merrmeqira.com/user/profile/smart

gjirafa.com",340 EUR,0,340.00,,Dardania,rent,,,,,,,
random,banesa-60215,Banese me qira ne lagjen Mati 1,"Banesë me qira në lagjen  Mati 1,ne rrugen Muhamet Qami.Banesa eshte e mobiluar ne teresi, dhe eshte epershtateshme per banim.
Lift funksional.
Kati:4
Sipërfaqe:56 m2
Çmimi i qirasë:350
Renditja:
♦Sallon me kuzhinë
♦Dhomë gjumi
♦Banjo
♦Ballkon
♦Korridor

Për më shumë informata mund të na beni like faqen tone ne facebook Smart Real Estate,
bit.ly/2htS4cY
, apo per me shume oferta apo banesa te lira:
www.merrmeqira.com/user/profile/smart

ose mund të na kontaktoni në këtë numër telefoni
046 166 49",350 EUR,56,350.00,56.0,Mati,rent,,,,,,,
random,banesa-65221,Banese me qira te 4 Llullat,"Banesë me qira te 4 Llullat, banesa eshte e mobiluar
Kati:1
Çmimi i qirasë:300
Renditja:
♦Sallon me kuzhinë
♦Dhomë gjumi
♦Banjo
♦Ballkon
♦Korridor

Për më shumë informata mund të na beni like faqen tone ne facebook Smart Real Estate,
bit.ly/2htS4cY
, apo per me shume oferta apo banesa te lira:
www.merrmeqira.com/user/profile/smart

ose mund të na kontaktoni në këtë numër telefoni
044 393 777
WhatsApp & Viber
+383 44 393 777",300 EUR,65,300.00,65.0,Llullat,rent,,,,,,,
random,banesa-22904,Banese ( Garsoniere ) me qira te Sllovenia Sporti,"Leshohet banese ( Garsoniere ) me qira eshte komplet e mobiluar, me ashensor funsional, gjendet te Sllovenia Sporti, mrapa Hotel Siriusit, 30m2.
Banesa posedon:
> Sallon me kuzhine
> Banjo
> Ballkoni
> Korridori
Qmimi 200€

Per me shume informata rreth kesaj banese  mund te na shkruani linkun me id ose nje screenshot te shpalljes apo nje kerkese tuajen per banesa tjera ne kete numer kontaktues:
046 166 499
WhatsApp & Viber
+383 46 166 499",200 EUR,30,200.00,30.0,Sllovenia Sport,rent,,,,,,,
random,banesa-61378,Banese me qira ne Emshir,"Leshohet banese me qira ne Emshir , Kompleksi Nartel
Banesa eshte 55m2 kati 7
Banesa ka kete renditje:
- 1 dhoma gjumi
- Sallon
- Kuzhine
- Banjo
- Ballkon
- Koridor
Qmimi 300€ i negociushem

bit.ly/3n3a6PU

Per me shume informata mund te na kontaktoni ne numrin
049 124 677
+383 49 124 677
044 333 511
+383 44 333 511",300 EUR,55,300.00,55.0,Emshir,rent,,,,,,,
random,banesa-58593,Banese me Qira Ne Qender,"Leshohet banese me qira ne Qender,Te mama mantia
Banesa ka kete renditje:
- 2 dhoma gjumi
- sallon dhe kuzhine
- banjo
- ballkon
- koridor
Qmimi 350 euro
bit.ly/3n3a6PU

Per me shume informata mund te na kontaktoni ne numrin
049 124 677
+383 49 124 677
044 333 511
+383 44 333 511",350 EUR,85,350.00,85.0,Qendra,rent,,,,,,,
random,banesa-77074,Banese me qira ne lagjen Arberia,"Leshohet banese me qira ne lagjen Arberia te melodiaPx. Banesa eshte e mobiluar me mobile te reja dhe komode per banim.
Banesa ka kete renditje:
2 Dhoma Gjumi të Gjera: E ndriçuar mirë me hapësirë të mjaftueshme dollapi.
1 VC dhe 1 Banjo Moderne: Të pastëra dhe të pajisura plotësisht.
Dhomë Ndenjeje: Ideale për relaksim dhe mikpritje.
Kuzhinë Funksionale: Pajisje moderne dhe shumë hapësirë për dollapë.
Karakteristika shtesë:
Hyrje e sigurt në ndërtesë
Objekt i ri që pret mysafirët e parë
Ngrohje",450 EUR,99,450.00,99.0,Arbëria,rent,,,,,,,
random,banesa-79853,Banese per zyre me qira ne lagjen Dardania,"Leshohet banese me qira per zyre ne lagjen Dardania, e lokacionin mbrapa postes kryesore. Banesa gjendet ne katin e pare dhe ka 100m2.
4 njesi
Cmimi: 500 euro

bit.ly/3n3a6PU

Per me shume informata mund te na kontaktoni ne numrin
049 124 677 WhatsApp dhe Viber +383 49 124 677
044 333 511 WhatsApp dhe Viber +383 44 333 511",500 EUR,100,500.00,100.0,Dardania,rent,,,,,,,
random,banesa-53075,Banese ne shitje ne lagjen Arberia,"SHITET Banesë  në lagjen Arberia, rruga Vicianum afer kompleksi Tregtia dhe Meridian market, eshte e mobiluar ne teresi,lift funksional ,nxemja me kallda
Kati:4
Sipërfaqe:59.8m2
Çmimi i shitjes:7600  dhe shitet me mobile
Renditja:
♦Sallon me kuzhinë
♦Dhomë gjumi
♦Banjo
♦Ballkon i madh
♦Korridor
Për më shumë informata mund të na beni like faqen tone ne facebook Smart Real Estate,
bit.ly/2htS4cY
, ose mund të na kontaktoni në këtë numër telefoni
044/393-777
WhatsApp & Viber
+383 44 393 777","76,000 EUR",60,76000.00,60.0,Arbëria,sale,,,,,,,
random,banesa-51692,Banese me Qira Ne Qender,"Leshohet banese me qira ne Qender  afër Hotelit Grand në Prishtinë. 80m2
Banesa ka kete renditje:
- 2 dhoma gjumi
- sallon dhe kuzhine
- banjo
- ballkon
- koridor
Qmimi 450€
bit.ly/3n3a6PU


Per me shume informata mund te na kontaktoni ne numrin
044 333 511
+383 44 333 511",450 EUR,80,450.00,80.0,Qendra,rent,,,,,,,
random,banesa-47781,Banese me qira ne lagjen Arberi,"Banesa me qera në lagjen me te mire ne Prishtine ,ne Lagjen Arberia  .
Banesa eshte e mobiluar,e re , e paperdorur,shume komode per banim me pamje nga Lindja
Kati: 1-te
Sipërfaqe: 95m2
Çmimi me marrveshje
-
Banesa është e orientuar në lindje dhe e ekspozuar mjaft ndaj Diellit, posedon ngrohje qëndrore me rrymë si dhe parking të mjaftueshem para banesës, në afërsi të banesës ju mundë ti gjeni të gjitha komoditet qe ju nevoiten pasi që gjendet në një lokacion mjaft të mirë me qasje shumë të lehtë ",500 EUR,95,500.00,95.0,Arbëria,rent,,,,,,,
random,banesa-30330,Leshohet banese me qira ne lagjen Bregu i diellit,"Leshohet banese me qira ne lagjen Bregu i diellit, rruga: Ndue Perleshi, afer banesave te bardha. Banesa eshte komplet e mobiluar, me  mobile te reja, gjendet ne katin perdhese dhe mund te perdoret edhe per zyre

Siperfaqe: 60m2
Renditja:
Sallon me kuzhine, Dhome gjumi, Banjo, Ballkon, Korridor, garazhe, depo.
Çmimi: 250 €

Per me shume informata rreth kesaj banese mund te na shkruani linkun me id ose nje screenshot te shpalljes, apo nje kerkese tuajen per banesa tjera, ne kete numer telefoni:
0",250 EUR,60,250.00,60.0,Bregu i Diellit,rent,,,,,,,
random,banesa-13165,Super Banese me qira ne Pejton,"Leshoj banes me qira ne Pejton, extra e mobiluar, e pa banuar me pare, 75m2
Banesa posedon:
- dy dhoma gjumi
- sallon dhe kuzhine
- banjo
- ballkon
- koridor
Qmimi 450 euro

Per me shume informata rreth kesaj banese dhe ofertave te tjera ju lutem na kontaktoni ne numrin
WhatsApp & Viber:
045 19 0019
",450 EUR,75,450.00,75.0,Pejton,rent,,,,,,,
random,banesa-70266,Banesë me qira në Arbëri,"Lëshohet me qira banesa në Lagjen Arberia. Banesa është e re dhe e mobiluar në tërësi.

Banesa ndodhet te Komuna e Re, nuk ka termokos.

Çmimi: 300

Rënditja
• Sallon dhe Kuzhinë
• Dhomë gjumi
• Banjo
• Ballkon

Kodi: 2795

Për më shumë informata mund të na beni like faqen tone ne facebook
Smart Real Estate,
bit.ly/2htS4cY
, si dhe
www.instagram.com/realestatesmart/

apo per me shume oferta apo banesa te lira:
www.merrmeqira.com/user/profile/smart

gjirafa.com/…

esa&amp;llshp=Qira
ose mund të n",300 EUR,0,300.00,,Arbëria,rent,,,,,,,
random,banesa-73850,Super banese me qira ne lagjen Arberia,"Leshohet banese me qira ne Lagjen Arberia, perballe Ambasades Amerikane, rruga: Ahmet Krasniqi. Eshte komblet e mobiluar, hapesire 126m2.

Banesa ka kete renditje:
Sallon me kuzhine
3 dhoma gjumi
Banjo
2 Ballkona
Korridor
Garazh i brendshem
Cmimi: 800 euro

bit.ly/3n3a6PU

Per me shume informata mund te na kontaktoni ne numrin
049 124 677 WhatsApp dhe Viber +383 49 124 677
044 333 511 WhatsApp dhe Viber +383 44 333 511",800 EUR,126,800.00,126.0,Arbëria,rent,,,,,,,
random,banesa-80114,Banesë me qira në Ulpianë,"Lëshohet me qira banesa në lagjen Ulpiana, përball Menzës së studentëve. Banesa është e mobiluar në tërësi dhe e përshtatshme për banim.
Banesa ka të gjitha pajisjet fuksionale, është e saporenovuar, ndodhet në katin përdhesë. Sistemin e ngrohjes e ka me Termokos.
Sipërfaqe: 55m²
Çmimi: 350
Rënditja
• Sallon dhe Kuzhinë
• Dhomë gjumi
• Banjo
• Koridor
Kodi: 3450
Për më shumë informata mund të na beni like faqen tone ne facebook
Smart Real Estate,
bit.ly/2htS4cY
, si dhe
www.instagram.com/realest",350 EUR,55,350.00,55.0,Ulpiana,rent,,,,,,,
random,banesa-53669,Banes ne shitje ne lagjen Qender 1+1,"Banesë ne shitje në Qender,ne rrugen Ilir Dumoshi.Banesa eshte e mobiluar ne teresi.
Kati:
Sipërfaqe:58 m2
Çmimi I shitjes:55 000
Renditja:
♦Sallon me kuzhinë
♦Dhomë gjumi
♦Banjo
♦Ballkon
♦Korridor
♦Shpajz
Për më shumë informata mund të na beni like faqen tone ne facebook Smart Real Estate,
bit.ly/2htS4cY
,  ose mund të na kontaktoni në këtë numër telefoni
044 393 777
WhatsApp & Viber
+38344 393 777
","55,000 EUR",58,55000.00,58.0,Qendra,sale,,,,,,,
random,banesa-30329,Leshohet banese me qira ne Taslixhe,"Leshohet banese me qira ne Taslixhe, afer Tokebashqes , eshte e mobiluar, gjendet ne katin e 5, 36m2.

Renditja:
Dhome gjumi, kuzhine me trapezari, Banjo.
Qmimi: 200€

Per me shume informata rreth kesaj banese mund te na shkruani linkun me id ose nje screenshot te shpalljes, apo nje kerkese tuajen per banesa tjera, ne kete numer telefoni:
045 190 019
WhatsApp & Viber
+383 45 190 019",200 EUR,36,200.00,36.0,Taslixhe,rent,,,,,,,
random,banesa-63385,Banese me qira ne lagjen Arberia_2+1,"Banesë me qira në lagjen Arberia, banesa eshte e mobiluar, ka pamje te mire, e pershtatshme per familjare
Kati:7
Sipërfaqe:79
Çmimi i qirasë:450
Renditja:
♦Sallon me kuzhinë
♦2 Dhomë gjumi
♦Banjo
♦Ballkon
♦Korridor

Për më shumë informata mund të na beni like faqen tone ne facebook Smart Real Estate,
bit.ly/2htS4cY
, apo per me shume oferta apo banesa te lira:
www.merrmeqira.com/user/profile/smart

ose mund të na kontaktoni në këtë numër telefoni
044 393 777
WhatsApp & Viber
+38344 393 777
",450 EUR,79,450.00,79.0,Arbëria,rent,,,,,,,
random,banesa-56338,Banese me qira ne lagjen Arberia 2+1,"Banesë me qira në lagjen Arberia,ne rrugen Ahmet Krasniqi,,afer Meridianit dhe Viva Fresh Store perballe me Komunen e re kompleksi.
Banesa eshte e mobiluar ne teresi e pabanuar me pare me qeraxhi me te gjitha elementet e reja
Kati:2
Sipërfaqe:85m2
Çmimi i qerase: 400
Renditja:
♦Sallon me kuzhinë
♦2 Dhomë gjumi
♦Banjo dhe shpajz
♦Ballkon
♦Korridor
Për më shumë informata mund të na beni like faqen tone ne facebook Smart Real Estate,
bit.ly/2htS4cY
, ose mund të na kontaktoni në këtë numër telefoni",400 EUR,85,400.00,85.0,Arbëria,rent,,,,,,,
random,banesa-42568,Banese ne shitje ne Emshir,"Shitet banesa ne Emshir te Prishtina Stars, ka pammje shume te mire, ka flete poseduese. Banesa eshte nen vezhgim te kamerave dhe sigurimit 24 ore
Sipërfaqe: 50m2
Çmimi I shitjes 54000€
Renditja:
♦Sallon me kuzhinë
♦Dhomë gjumi
♦Banjo
♦Ballkon
♦Korridor

Për më shumë informata mund të na beni like faqen tone ne facebook Smart Real Estate,
bit.ly/2htS4cY
,  ose mund të na kontaktoni në këtë numër telefoni
044 393 777
WhatsApp & Viber
+383 44 393 777","54,000 EUR",50,54000.00,50.0,Emshir,sale,,,,,,,
random,banesa-81621,Banesë me qira te Bregu i Diellit,"Lëshohet me qira banesa te Bregu i Diellit. E mobiluar në tërësi, në mënyrë moderne. E gatshme dhe shumë e përshtatshme për banim.
Ka të gjitha pajisjet e nevojshme funksionale, Ka hapësirë parkimi.
Sipërfaqe: 72m²
Renditja:
• Sallon dhe Kuzhinë
• Dhomë Gjumi
• Banjo
• Ballkon
• Koridor
Kodi: 3626
Për më shumë informata mund të na beni like faqen tone ne facebook
Smart Real Estate,
bit.ly/2htS4cY
, si dhe
www.instagram.com/realestatesmart/

apo per me shume oferta apo banesa te lira:
www.merrmeq",1 EUR,72,1.00,72.0,Bregu i Diellit,rent,,,,,,,
random,banesa-80119,Banesë me qira në Aktash,"Lëshohet me qira banesa/garsoniere në lagjen Aktash, afër Ministrise se Arsimit dhe Fakultetit Ekonomik rruga Agim Ramadani. Banesa është e mobiluar në tërësi dhe e përshtatshme për banim.
Banesa ka të gjitha pajisjet fuksionale. Sistemin e ngrohjes e ka me Termokos.
Çmimi: i diskutueshem
Rënditja
• Sallon dhe Kuzhinë
• Dhomë gjumi nuk ka
• Banjo
• Koridor dhe ballkon dhe shpajz
Kati perdhese e ulet
Leshohet vetem afat gjate.
Kodi: 3451
Për më shumë informata mund të na beni like faqen tone ne f",1 EUR,1,1.00,,Aktash,rent,,,,,,,
random,banesa-78222,Banesë me qira në Arbëri,"Lëshohen banesat me qira banesa në Lagjen Arbëria. Banesat janë të mobiluar në tërësi, të reja dhe të pabanuara më parë.
Banesat janë shumë të përshtatshme për banim.
Çmimi: 500
Rënditja:
•	Sallon dhe Kuzhinë
•	2 Dhoma gjumi
•	Banjo
•	WC
•	Ballkon
•	Koridor

Kodi: 3305

Për më shumë informata mund të na beni like faqen tone ne facebook
Smart Real Estate,
bit.ly/2htS4cY
, si dhe
www.instagram.com/realestatesmart/

apo per me shume oferta apo banesa te lira:
www.merrmeqira.com/user/profile/smart

",500 EUR,1,500.00,,Arbëria,rent,,,,,,,
random,banesa-53670,Banesë ne shitje në lagjen Mati 1 2+1,"Banesë ne shitje në lagjen Mati 1,ne rrugen Muharrem Fejza dhe ne rrugen C. Kompleksi Banesor CC Company.Banesa eshte ne fazen e ndertimit.
Kati:4
Sipërfaqe:84 m2
Çmimi I shitjes:900 m2
Renditja:
♦Sallon me kuzhinë
♦2Dhomë gjumi
♦Banjo
♦Ballkon
♦Korridor

Për më shumë informata mund të na beni like faqen tone ne facebook Smart Real Estate,
bit.ly/2htS4cY
,  ose mund të na kontaktoni në këtë numër telefoni
044 393 777
WhatsApp & Viber
+38344 393 777
",900 EUR,84,900.00,84.0,Mati,sale,,,,,,,
random,banesa-49269,Banese me qira ne lagjen Ulpiana,"Leshohet banese me qira ne Ulpiane,Kati 1
Banesa ka kete renditje:
- sallon dhe kuzhine ndamas
- banjo
- ballkon
- koridor
Qmimi 250€
bit.ly/3n3a6PU

Per me shume informata mund te na kontaktoni ne numrin
044 333 511
+383 44 333 511",250 EUR,44,250.00,44.0,Ulpiana,rent,,,,,,,
random,banesa-77637,Banesë me qira në Qendër,"Lëshohet me qira banesa në Qendër, mbrapa Qeverisë. Është e mobiluar dhe e përshtatshme për banim.
Ka të gjitha pajisjet funksionale.
Banesa ndodhet në katin e 4, nuk ka ashensor. Ka hapësirë parkimi.
Çmimi:400
Banesa ka këtë renditje:
•	Sallon dhe Kuzhinë
•	2 Dhoma gjumi
•	Banjo
•	Ballkon
•	Depo
•	Koridor

Kodi: 3261

Për më shumë informata mund të na beni like faqen tone ne facebook
Smart Real Estate,
bit.ly/2htS4cY
, si dhe
www.instagram.com/realestatesmart/

apo per me shume oferta apo banes",400 EUR,85,400.00,85.0,Qendra,rent,,,,,,,
random,banesa-52989,Banese me qira ne lagjen e Muhaxhereve,"Leshohet Banesa me Qira ne Lagjen e Muaxherve.

Banesa Posedon:
Sallon me kuzhin
1 Dhoma gjumi
Banjo
Ballkon

Ndodhet ne Rrugen: ""Lordi Bajron"" ne Prishtine
Kati 3
ne kembe  5 min nga Ministria e Arsimit
e Mobiluar komplet e gatshme per banim
Cmimi 290€ + Depozit
bit.ly/3n3a6PU


Per me shume informata mund te na kontaktoni ne numrin

044 333 511
+383 44 333 511
049 124 677
+383 49 124 677",290 EUR,0,290.00,,Muhaxhere,rent,,,,,,,
random,banesa-56406,Banese me qira ne lagjen Mati 1 1+1,"Banesë me qira në lagjen Mati 1,ne rrugen Muharrem Fejza ndertesat e Muratorit,te Super Viva.Banesa eshte e mobiluar ne teresi.Banesa lirohet nga 1 Nentori.

Sipërfaqe:50 m2
Çmimi i qirasë:270
Renditja:
♦Sallon me kuzhinë
♦Dhomë gjumi
♦Banjo
♦Ballkon
♦Korridor

Për më shumë informata mund të na beni like faqen tone ne facebook Smart Real Estate,
bit.ly/2htS4cY
,  ose mund të na kontaktoni në këtë numër telefoni
044 393 777
WhatsApp & Viber
+38344 393 777

",270 EUR,50,270.00,50.0,Mati,rent,,,,,,,
random,banesa-31281,Shitet banese ne Qender te Domi i Pleqve,"Shitet banesa ne Qender, te Domi i pleqve. Shitet e mobiluar komplet.

Siperfaqe: 57m2
Renditja:
Sallon me kuzhine * Dhome gjumi * Banjo * Ballkon * Korridor
Çmimi: 41 000 €

Per me shume informata rreth kesaj banese mund te na shkruani linkun me id ose nje screenshot te shpalljes, apo nje kerkese tuajen per banesa tjera, ne kete numer telefoni:
049 124 677
WhatsApp & Viber
+383 49 124 677","41,000 EUR",57,41000.00,57.0,,sale,,,,,,,
random,banesa-50911,Banese me qira ne lagjen Tophane 2+1,"Banesë me qira në lagjen Tophane,ne rrugen Mahir Domi.Banesa eshte e mobiluar ne teresi dhe posedon edhe garazhen
Kati:1
Sipërfaqe:95 m2
Çmimi i qirasë:500
Renditja:
♦Sallon me kuzhinë
♦2Dhomë gjumi
♦Banjo
♦Ballkon
♦Korridor

Për më shumë informata mund të na beni like faqen tone ne facebook Smart Real Estate,
bit.ly/2htS4cY
,  ose mund të na kontaktoni në këtë numër telefoni
044 393 777
WhatsApp & Viber
+383 44 393 777
",500 EUR,95,500.00,95.0,Tophane,rent,,,,,,,
random,banesa-79580,Banesë me qira në Lakrishtë,"Lëshohet me qira banesa në Lakrishtë, përball Nartelit. Banesa ka kuzhinën e kompletuar.
Ndodhet në katin e 1. Sistemin e ngrohjes e  ka me rrymë.
Sipërfaqe: 86m²
Çmimi: 500
Rënditja
•	Sallon dhe Kuzhinë
•	2 Dhoma gjumi
•	2 Banjo
•	Koridor
•	Ballkon
Banesa ka edhe garazhen 16m² me çmim shtesë +50

Kodi: 3405

Për më shumë informata mund të na beni like faqen tone ne facebook
Smart Real Estate,
bit.ly/2htS4cY
, si dhe
www.instagram.com/realestatesmart/

apo per me shume oferta apo banesa te lira:",500 EUR,86,500.00,86.0,Lakrishte,rent,,,,,,,
random,banesa-84160,Banese me qira ne Lagje te Spitalit,"Lëshohet banese me qira ne lagjen e Spitalit, rr. Muharrem Fejza, kompleksi Art Construcion e mobiluar në tërësi, ka ngrohje qendrore me Termokos
Banesa ka të gjitha pajisjet e nevojshme funksionale.
Sipërfaqe: 99m2
Çmimi: 400
Rënditja:
• Sallon dhe Kuzhinë
• Dy dhome gjumi
• Banjo
• lavenderi
• Ballkon
• Koridor
Kodi: 3815
Për më shumë informata mund të na beni like faqen tone ne facebook
Smart Real Estate,
bit.ly/2htS4cY
, si dhe
www.instagram.com/realestatesmart/

apo per me shume oferta apo ",400 EUR,99,400.00,99.0,Spitali,rent,,,,,,,
random,banesa-56578,Banese me qira ne lagjen Qender 2+1,"Banesë me qira në Qender,ne rrugen Qamil Hoxha te restaurant Pisha.Banesa eshte e mobiluar ne teresi dhe eshte e gateshme per banim nga data 2 Tetor.

Sipërfaqe:75m2
Çmimi i qirasë:270
Renditja:
♦Sallon me kuzhinë
♦2Dhomë gjumi
♦Banjo
♦Ballkon
♦Korridor

Per me shume informata rreth kesaj banese mund te na shkruani linkun me id ose nje screenshot te shpalljes, apo nje kerkese tuajen per banesa tjera, ne kete numer telefoni:
0451 190019
WhatsApp & Viber
+383 45 190 019
",270 EUR,75,270.00,75.0,Qendra,rent,,,,,,,
random,banesa-53227,Banese me qira ne Ulpiane,"Leshohet banese me qira ne Lagjen Ulpiane.
Kati i pare.

Banesa ka kete renditje:
- 2 dhoma
- banjo
- koridor
- depo

Banesa eshte e pa mobiluar perveq kuzhines, e pershtatshme per zyre, ordinance, apo lokal.


Qmimi 450€
bit.ly/3n3a6PU

Per me shume informata mund te na kontaktoni ne numrin

044 333 511
+383 44 333 511
049 124 677
+383 49 124 677
",450 EUR,0,450.00,,Ulpiana,rent,,,,,,,
random,banesa-73881,Banese me qira ne lagjen Ulpiana,"Leshohet banese me qira ne lagjen Ulpiana komplet e mobiluar, shume e pershtatshme per banim per shkak te lokacionit, siperfaqe 75m2.
Banesa ka kete renditje:
- Sallon
- Kuzhine
- 2 Dhoma gjumi
- Banjo
- Ballkon
- Koridor
Cmimi: 400 euro

bit.ly/3n3a6PU

Per me shume informata mund te na kontaktoni ne numrin
049 124 677 WhatsApp dhe Viber +383 49 124 677
044 333 511 WhatsApp dhe Viber +383 44 333 511",400 EUR,75,400.00,75.0,Ulpiana,rent,,,,,,,
random,banesa-54599,Banese me qira ne Dragodan,"Leshohet banese me qira ne dragodan ,mbrapa ministris se shendetsis kati 3
Banesa ka kete renditje:
- 1 dhoma gjumi
- sallon dhe kuzhine
- banjo
- 1 ballkona
- koridor
Qmimi 280€

bit.ly/3n3a6PU

Per me shume informata mund te na kontaktoni ne numrin
049 124 677
+383 49 124 677
044 333 511
+383 44 333 511",280 EUR,65,280.00,65.0,Dragodan,rent,,,,,,,
random,banesa-77455,Banesë me qira te Lagjia e Muhaxherëve,"Lëshohet me qira banesa te lagjia e Muhaxherëve. Është e mobiluar në tërësi dhe shumë e përshtatshme për banim.
Sistemin e ngrohjes e ka në dysheme me energji elektrike. Banesa ndodhet në një lokacion të përshtatshëm, në njerën prej lagjeve në qendër të qytetit.
Sipërfaqe: 90m²
Çmimi:570
Banesa ka këtë renditje:
•	Sallon dhe Kuzhinë
•	2 Dhoma gjumi
•	2 Banjo
•	Ballkon
•	Koridor

Kodi: 3140

Për më shumë informata mund të na beni like faqen tone ne facebook
Smart Real Estate,
bit.ly/2htS4cY
, si ",570 EUR,90,570.00,90.0,,rent,,,,,,,
random,banesa-56331,Banese me qira ne lagjen Aktash 1+1,"Banesë me qira në lagjen Aktash,ne rrugen Hajrullah Avdullahu.Banesa eshte e emobiluar ne teresi.

Sipërfaqe:80 m2
Çmimi i qirasë:200
Renditja:
♦Sallon me kuzhinë
♦Dhomë gjumi
♦Banjo
♦Ballkon
♦Korridor

Për më shumë informata mund të na beni like faqen tone ne facebook Smart Real Estate,
bit.ly/2htS4cY
,  ose mund të na kontaktoni në këtë numër telefoni
044 393 777
WhatsApp & Viber
+38344 393 777
",200 EUR,80,200.00,80.0,Aktash,rent,,,,,,,
random,banesa-74074,Banese me qira ne Lagjen e Spitalit,"Leshohet banese me qira ne Lagjen e Spitalit, (banesat e Avni Gjakoves) me kushte shumë të mira banimi, e mobilur komplet, Banesa ka nxemje me termokos dhe mirembahet nga Ndermarrja Publike Banesore
▪️Afer QKUK-se dhe rruges B dhe marketeve dhe gjerave tjera.
▪️Kati i tret, ndertesa posedon lift
Banesa ka kete renditje:
- Sallon
- Kuzhine
- 2 Dhoma gjumi
- Banjo
- 2 Ballkona
- Koridor
Cmimi: 350 euro

bit.ly/3n3a6PU

Per me shume informata mund te na kontaktoni ne numrin
049 124 677 WhatsApp dhe",350 EUR,80,350.00,80.0,Spitali,rent,,,,,,,
random,banesa-73400,Banesë me qira në Lagjen e Spitalit,"Lëshohet me qira banesa në Lagjen e Spitalit, te Kompleksi Dora.
Banesa është e mobiluar dhe shumë e përshtatshme për banim.

Çmimi: 300

Renditja:
•	Sallon dhe Kuzhinë
•	Dhomë gjumi
•	Banjo
•	Ballkon

Kodi: 2975

Për më shumë informata mund të na beni like faqen tone ne facebook
Smart Real Estate,
bit.ly/2htS4cY
, si dhe
www.instagram.com/realestatesmart/

apo per me shume oferta apo banesa te lira:
www.merrmeqira.com/user/profile/smart

gjirafa.com/…

esa&amp;llshp=Qira
ose mund të na kontakto",300 EUR,0,300.00,,Spitali,rent,,,,,,,
random,banesa-89088,Leshohet Banesa/Zyre me Qira ne Ulpiane te Rrethi Flamurit,"Leshoj me qera për Zyre ne katin e I
Banesa posedon
Kuzhinë
Dhome nr 1
Dhome nr 2
Banjo
Ballkon
Koridor
Depo
Ka nxemje qendrore me Termokos
Nuk bashkepunoj me Agjencione
Rruga deshmore e kombit, Ulpiane (afer rrethit i Flamurit)
Si dhe mirembajtje banesore pasterti , siguri .
Çmimi i  fundit",650 EUR,71,650.00,71.0,,rent,,,,,,,
random,banesa-80050,Banesë me qira në Lagjen e Spitalit,"Lëshohet me qira banesa në Lagjen e Spitalit, banesat e royalit. Banesa është e mobiluar në tërësi dhe është e përshtatshme për banim.
Ka të gjitha pajisjet funksionale. Ndodhet në katin e dytë.
Sipërfaqe: 70m²
Çmimi: 260
Rënditja
• Sallon dhe Kuzhinë
• Dhomë gjumi
• Banjo
• Koridor
• Ballkon
Kodi: 3438
Për më shumë informata mund të na beni like faqen tone ne facebook
Smart Real Estate,
bit.ly/2htS4cY
, si dhe
www.instagram.com/realestatesmart/

apo per me shume oferta apo banesa te lira:
www.m",260 EUR,70,260.00,70.0,Spitali,rent,,,,,,,
random,banesa-59138,Banese me qira ne lagjen Bregu i Diellit,"Banesë me qira në lagjen Bregu i Diellit, banesa eshte e mobiluar ne teresi e pa banuar me pare,
Kati:1
Sipërfaqe:70
Çmimi i qirasë:350
Renditja:
♦Sallon me kuzhinë
♦Dhomë gjumi
♦Banjo
♦Ballkon
♦Korridor

Për më shumë informata mund të na beni like faqen tone ne facebook Smart Real Estate,
bit.ly/2htS4cY
, apo per me shume oferta apo banesa te lira:
www.merrmeqira.com/user/profile/smart

ose mund të na kontaktoni në këtë numër telefoni
044 393 777
WhatsApp & Viber
+38344 393 777",350 EUR,70,350.00,70.0,Bregu i Diellit,rent,,,,,,,
random,banesa-42595,Banese ne shitje ne Breg te Diellit_2+1,"Banesë ne shitje në lagjen Breg te Diellit eshte e renovume, ka flete poseduese
Kati: Perdhes
Sipërfaqe: 75
Çmimi I shitjes: 89000
Renditja:
♦Sallon me kuzhinë
♦2 Dhomë gjumi
♦Banjo
♦Ballkon
♦Korridor

Për më shumë informata mund të na beni like faqen tone ne facebook Smart Real Estate,
bit.ly/2htS4cY
,  ose mund të na kontaktoni në këtë numër telefoni
044/.393-777
WhatsApp & Viber
+383 44 393 777","89,000 EUR",75,89000.00,75.0,Bregu i Diellit,sale,,,,,,,
random,banesa-76729,Banese me qira ne lagjen Emshir,"Leshohet banese me qira ne lagjen Emshir te model Slovenia, rruga Sicila e mobiluar komplet e gatshme per banim.
Siperfaqe: 95m2
Banesa ka kete renditje:
- Sallon
- Kuzhine
-2 Dhoma gjumi
- Banjo
- Ballkon
- Koridor
Cmimi: 300 euro

bit.ly/3n3a6PU

Per me shume informata mund te na kontaktoni ne numrin
049 124 677 WhatsApp dhe Viber +383 49 124 677
044 333 511 WhatsApp dhe Viber +383 44 333 511",300 EUR,95,300.00,95.0,Emshir,rent,,,,,,,
random,banesa-53292,Banese me qira ne Dardani,"Banes 1+1 Dardani tek  busti Bill Clinton 65m2.
Leshohet nga  15 Qershori.

Kati 2 me lift
Renditja:
Sallon
Dhome gjumi
Banjo
Kuzhin e ndare
Shpajz
Ballkon
Sistem te ngrohjes me termokos

Qmimi:300€
bit.ly/3n3a6PU

Per me shume informata mund te na kontaktoni ne numrin

049 124 677
+383 49 124 677
044 333 511
+383 44 333 511",300 EUR,65,300.00,65.0,Dardania,rent,,,,,,,
random,banesa-75936,Super banese me qira te Rruga C,"Leshohet banese me qira te Rruga C, kompleksi Nura Grup. Banesa eshte komplet e mobiluar, super moderne, mobile te reja, gjendet ne katin e 2-e dhe ka siperfaqe 80m2.
Renditja:
- Sallon
- Kuzhine
- 2 Dhoma gjumi
- Banjo
- Ballkon
- Koridor
Cmimi: 350 euro

bit.ly/3n3a6PU

Per me shume informata mund te na kontaktoni ne numrin
049 124 677 WhatsApp dhe Viber +383 49 124 677
044 333 511 WhatsApp dhe Viber +383 44 333 511
",350 EUR,80,350.00,80.0,Lakrishte,rent,,,,,,,
random,banesa-56250,Banese me qira ne lagjen Qender 1+1,"Banesë me qira në Qender,perball Hotel Grandit,prane librarise Buzuku.Banesa eshte e mobiluar ne teresi.Banesa ka nxemje me Termokos.
Kati:9
Sipërfaqe:30 m2
Çmimi i qirasë:250
Renditja:
♦Sallon 2 shtreter
♦kuzhine ndaras
♦Banjo
♦Ballkon nuk ka
♦Korridor
Për më shumë informata mund të na beni like faqen tone ne facebook Smart Real Estate,
bit.ly/2htS4cY
,  ose mund të na kontaktoni në këtë numër telefoni
044 393 777
WhatsApp & Viber
+38344 393 777
",250 EUR,30,250.00,30.0,Qendra,rent,,,,,,,
random,banesa-80001,Banesë me qira te Lagjia e Spitalit,"Lëshohet me qira banesa te Lagjia e Spitalit. Rruga ‘Shaqir Igrishta’. Banesa është e mobiluar në tërësi dhe shumë e përshtatshme për banim.
Banesë është në gjendje të re. Ndodhet në katin e pare, posedon ashensor.
Sipërfaqe: 65m²
Çmimi: 300
Banesa ka këtë renditje:
• Sallon dhe kuzhinë
• Dhomë gjumi
• Banjo
• Ballkon
• Koridor
Kodi: 3437
Për më shumë informata mund të na beni like faqen tone ne facebook
Smart Real Estate,
bit.ly/2htS4cY
, si dhe
www.instagram.com/realestatesmart/

apo per me sh",300 EUR,65,300.00,65.0,Spitali,rent,,,,,,,
random,banesa-77283,Banesë me qira në Lagjen e Muhaxherëve,"Lëshohet me qira banesa në Lagjen e Muhaxherëve. Banesa është e mobiluar dhe ofron kushte të mira banimi.
Sipërfaqe: 50m²
Çmimi: 300
Banesa ka këtë renditje:
•	Sallon dhe Kuzhinë
•	Dhomë gjumi
•	Banjo
•	Ballkon
•	Koridor

Kodi: 3124

Për më shumë informata mund të na beni like faqen tone ne facebook
Smart Real Estate,
bit.ly/2htS4cY
, si dhe
www.instagram.com/realestatesmart/

apo per me shume oferta apo banesa te lira:
www.merrmeqira.com/user/profile/smart

gjirafa.com/…

esa&amp;llshp=Qira
ose",300 EUR,50,300.00,50.0,Muhaxhere,rent,,,,,,,
random,banesa-78966,Banese ( gasoniere ) me qira ne Qender,"Leshohet banese me qira ne Qender. Banesa gjendet ne shtepi private me hyrje te vecante . Banese me qera e mobiluar dhe gjithcka funksionale. Me lokacion perfekt perballe restorant Dida, me qasje te menjehereshme ne qendren e qytetit fhe afer tregut te gjelbert. Banesa ka uje 24h, nxemje qendrore  eshte e mobiluar, e kompletuar me nje sallon, nje banjo dhe nje kuzhine. Gjithcka eshte funksionale dhe e perdorshme.
Cmimi:200 euro

bit.ly/3n3a6PU

Per me shume informata mund te na kontaktoni ne num",200 EUR,40,200.00,40.0,Qendra,rent,,,,,,,
random,banesa-80318,Banesë me qira në Ulpianë,"Lëshohet me qira banesa në lagjen Ulpiana. Banesa është e mobiluar në tërësi dhe e përshtatshme për banim.
Ndodhet në katin e 5, është e renovuar. Sistemin e ngrohjes e ka me Termokos.
Sipërfaqe: 50m²
Çmimi: 300
Rënditja
•	Sallon dhe Kuzhinë
•	Dhomë gjumi
•	Banjo
•	Ballkon
•	Koridor

Kodi: 3470

Për më shumë informata mund të na beni like faqen tone ne facebook
Smart Real Estate,
bit.ly/2htS4cY
, si dhe
www.instagram.com/realestatesmart/

apo per me shume oferta apo banesa te lira:
www.merrmeqir",300 EUR,50,300.00,50.0,Ulpiana,rent,,,,,,,
random,banesa-80860,Banesë me qira te Mati 1,"Lëshohet me qira banesa te Rruga Muharrem Fejza, E mobiluar, e gatshme dhe e përshtatshme për banim.
Ndodhet në katin e 2, ka ashensor.
Sipërfaqe: 57m²
Çmimi: 250
Rënditja
• Sallon dhe Kuzhinë
• Dhomë gjumi
• Banjo
• Koridor
• Depo
• Ballkon
Kodi: 3525
Për më shumë informata mund të na beni like faqen tone ne facebook
Smart Real Estate,
bit.ly/2htS4cY
, si dhe
www.instagram.com/realestatesmart/

apo per me shume oferta apo banesa te lira:
www.merrmeqira.com/user/profile/smart

gjirafa.com/…

esa",250 EUR,57,250.00,57.0,Mati,rent,,,,,,,
random,banesa-78961,Banesë me qira në Ulpianë,"Lëshohet me qira banesa në Ulpianë. Banesa është e mobiluar e përshtatshme për studentë.
Banesa ndodhet ne katin e 5, nuk ka ashensor.
Sipërfaqe: 40m²
Çmimi: 150
Rënditja
•	Kuzhinë
•	Dhoma
•	Banjo
•	Koridor
•	Ballkon nuk ka
Kodi: 3262

Për më shumë informata mund të na beni like faqen tone ne facebook
Smart Real Estate,
bit.ly/2htS4cY
, si dhe
www.instagram.com/realestatesmart/

apo per me shume oferta apo banesa te lira:
www.merrmeqira.com/user/profile/smart

gjirafa.com/…

esa&amp;llshp=Qira
o",180 EUR,1,180.00,40.0,Ulpiana,rent,,,,,,,
random,banesa-52928,Leshohet banesa me qira ne Lagjen e Spitalit,"Leshohet banesa ne Lagjen e Spitalit, rruga Muharrem Fejza.

Banesa ka kete renditje:
- 2 dhoma gjumi
- sallon kuzhine
- banjo
- ballkon
- koridor

Banesa eshte komplet mobiluar, me mobilje te reja.

Qmimi 350€
bit.ly/3n3a6PU


Per me shume informata mund te na kontaktoni ne numrin

044 333 511
+383 44 333 511

049 124 677
+383 49 124 677",350 EUR,0,350.00,,Spitali,rent,,,,,,,
random,banesa-57059,Banese me qira ne lagjen Ulpiane1+1,"Banesë me qira në lagjen Ulpiane,perball Meridianit,afer shkolles Hasan Prishtina dhe Moxartit.Banesa eshte e mobiluar ne teresi.Nxemje me Termokos.Lift nuk ka.Banesa lirohet me 1 Nentor.
Kati:4
Sipërfaqe:70 m2
Çmimi i qirasë:330
Renditja:
♦Sallon me kuzhinë
♦Dhomë gjumi
♦Banjo
♦Ballkon
♦Korridor

Për më shumë informata mund të na beni like faqen tone ne facebook Smart Real Estate,
bit.ly/2htS4cY
,  ose mund të na kontaktoni në këtë numër telefoni
044 393 777
WhatsApp & Viber
+38344 393 777
",330 EUR,70,330.00,70.0,Ulpiana,rent,,,,,,,
random,banesa-59600,Banese me qira ne lagjen Bregu i Diellit,"Leshohet banese me qira ne Breg Diellit ,Kati 5 Kompleksi Standard
Banesa ka kete renditje:
- 1 dhoma gjumi
- Sallon
- Kuzhine
- Banjo
- Ballkon
- Koridor
Qmimi 270€

bit.ly/3n3a6PU

Per me shume informata mund te na kontaktoni ne numrin
044 333 511
+383 44 333 511
049 124 677
+383 49 124 677",270 EUR,65,270.00,65.0,Bregu i Diellit,rent,,,,,,,
random,banesa-73056,Banesë me qira në Aktash,"Lëshohet me qira banesa në Aktash, objekti i Pika Luxury & Green apartments. E mobiluar në tërësi në mënyrë modern dhe shumë e përshtatshme për banim.

Banesa është e lirë nga muaji prill
Çmimi: 500
Renditja:
•	Sallon dhe Kuzhinë
•	Dhomë gjumi
•	Banjo
•	Ballkon

Kodi: 2903

Për më shumë informata mund të na beni like faqen tone ne facebook
Smart Real Estate,
bit.ly/2htS4cY
, si dhe
www.instagram.com/realestatesmart/

apo per me shume oferta apo banesa te lira:
www.merrmeqira.com/user/profile/sma",500 EUR,0,500.00,,Aktash,rent,,,,,,,
random,banesa-42967,Banese ne shitje ne Lagje te Spitalit_2+1,"Banesë ne shitje në lagjen e Spitalit, shume afer Rruges B banesa eshte komplet e mobiluar moderne
Kati:5
Sipërfaqe:70m2
Çmimi I shitjes:62000€
Renditja:
♦Sallon me kuzhinë
♦2 Dhomë gjumi
♦Banjo
♦Ballkon
♦Korridor

Për më shumë informata mund të na beni like faqen tone ne facebook Smart Real Estate,
bit.ly/2htS4cY
,  ose mund të na kontaktoni në këtë numër telefoni
044/393-777
WhatsApp & Viber
+383 44 393 777","62,000 EUR",70,62000.00,70.0,Spitali,sale,,,,,,,
random,banesa-74433,Banese me qira ne Lagje te Spitalit,"Leshohet banese me qira ne Lagje te Spitalit, e mobiluar e gatshme per banim.
Siperfaqe: 83m2
Banesa ka kete renditje:
- Sallon
- Kuzhine
- 2 Dhoma gjumi
- Banjo
- Ballkon
- Koridor
Cmimi: 350 euro

bit.ly/3n3a6PU

Per me shume informata mund te na kontaktoni ne numrin
049 124 677 WhatsApp dhe Viber +383 49 124 677
044 333 511 WhatsApp dhe Viber +383 44 333 511",350 EUR,83,350.00,83.0,Spitali,rent,,,,,,,
random,banesa-91144,BANESA ME QERA NE QENDER,"BANESA ME QERA NE QENDER! (MBI MULLIRIN).
Banesa me siperfaqe 80m2 posedon : sallon, kuzhine, nje dhome gjumi, banjo dhe dy ballkona nje me pamje nga Stadiumi dhe nje nga Sheshi Zahir Pajaziti.
Banesa eshte ne katin e 8-te ka ashensor dhe poashtu ka termokos.
Çmimi - (500€)
Për më shumë informata na kontaktoni.
Agjensioni ZOGU.
+383 44 888-801
+383 49 888-801
✉️
[email protected]
",500 EUR,80,500.00,80.0,Qendra,rent,,,,,,,
random,banesa-62350,Banese me qira ne lagjen Mati 1,"Banesë me qira në lagjen Mati 1, te banesat e Standardit, eshte e mobiluar ne teresi
Sipërfaqe:76
Çmimi i qirasë:320
Renditja:
♦Sallon me kuzhinë
♦2 Dhomë gjumi
♦Banjo
♦Ballkon
♦Korridor

Për më shumë informata mund të na beni like faqen tone ne facebook Smart Real Estate,
bit.ly/2htS4cY
, apo per me shume oferta apo banesa te lira:
www.merrmeqira.com/user/profile/smart

ose mund të na kontaktoni në këtë numër telefoni
044 393 777
WhatsApp & Viber
+38344 393 777
",320 EUR,76,320.00,76.0,Mati,rent,,,,,,,
random,banesa-62347,Banese me qira ne lagjen Arberia_3+1,"Banesë me qira në lagjen Arberia, banesa eshte e pamobiluar, eshte e pershtatshme per zyre
Sipërfaqe:122
Çmimi i qirasë:
Renditja:
♦Sallon me kuzhinë
♦3 Dhomë gjumi
♦2 Banjo
♦Ballkon
♦Korridor
♦shpajz

Për më shumë informata mund të na beni like faqen tone ne facebook Smart Real Estate,
bit.ly/2htS4cY
, apo per me shume oferta apo banesa te lira:
www.merrmeqira.com/user/profile/smart

ose mund të na kontaktoni në këtë numër telefoni
044 393 777
WhatsApp & Viber
+38344 393 777
",700 EUR,122,700.00,122.0,Arbëria,rent,,,,,,,
random,banesa-78126,Banese ( Penthouse ) me qira ne Qender,"Leshohet banese ( penthouse ) me qira ne Qender te 4 Llullat rruga: Bajram Kelmendi. E mobiluar me nje stil te veqante dhe modern.
Kati i 5-te me lift
Siperfaqe: 105m2
Banesa ka kete renditje:
- Sallon
- Kuzhine
-  3 Dhoma gjumi
- Banjo
- Wc
- Ballkon
- Koridor
Cmimi: 590 euro

bit.ly/3n3a6PU

Per me shume informata mund te na kontaktoni ne numrin
049 124 677 WhatsApp dhe Viber +383 49 124 677
044 333 511 WhatsApp dhe Viber +383 44 333 511",590 EUR,105,590.00,105.0,Qendra,rent,,,,,,,
random,banesa-32766,Leshohet banese me qira ne lagjen Ulpiana,"Leshohet banese me qira ne lagjen Ulpiana, ne rrugen kryesore "" Deshmoret e Kombit "". Banesa eshte komplet e mobiluar, gjendet ne katin e 3-te, ka ngrohje qendrore me Termokos. 50m2. Leshohet vetem per familjare

* Renditja:
Sallon me kuzhine. dhome gjumi, banjo, ballkon , korridor.
Çmimi: 250 €

Per me shume informata rreth kesaj banese mund te na shkruani linkun me id ose nje screenshot te shpalljes, apo nje kerkese tuajen per banesa tjera, ne kete numer telefoni:
045 190 019
WhatsApp & Viber
",250 EUR,50,250.00,50.0,Ulpiana,rent,,,,,,,
random,banesa-79297,Banesë me qira në Qendër,"Lëshohet me qira banesa në Qendër, te Hotel Grandi. Banesa është e mobiluar dhe shumë e përshtatshme për banim.
Çmimi: 300
Rënditja
•	Sallon dhe Kuzhinë
•	Dhomë gjumi
•	Banjo
•	Koridor
•	Ballkon

Kodi: 3296

Për më shumë informata mund të na beni like faqen tone ne facebook
Smart Real Estate,
bit.ly/2htS4cY
, si dhe
www.instagram.com/realestatesmart/

apo per me shume oferta apo banesa te lira:
www.merrmeqira.com/user/profile/smart

gjirafa.com/…

esa&amp;llshp=Qira
ose mund të na kontaktoni në ",300 EUR,0,300.00,,Qendra,rent,,,,,,,
random,banesa-81424,Banesë me qira te Bregu i Diellit,"Lëshohet me qira banesa në lagjen Bregu i Diellit, afër rrethit tek Maxi 24h dhe Royal Mall. Banesa është e mobiluar në tërësi e gatshme dhe shumë e përshtatshme për banim.
Banesa Ka të gjitha pajisjet e nevojshme funksionale. Ka hapësirë parkimi.
Sipërfaqe: 68m²
Çmimi: 300
Rënditja
• Sallon dhe Kuzhinë
• Dhomë gjumi
• Banjo
• Ballkona
• Koridor
• Depo
Kodi: 3611
Për më shumë informata mund të na beni like faqen tone ne facebook
Smart Real Estate,
bit.ly/2htS4cY
, si dhe
www.instagram.com/reales",300 EUR,68,300.00,68.0,Bregu i Diellit,rent,,,,,,,
random,banesa-81400,Banesë me qira në Dragodan/Arbëri,"Lëshohet me qira banesa në lagjen Arbëria, mbi Sach Caffe. Është e mobiluar në tërësi, në mënyrë moderne, e gatshme dhe shumë e përshtatshme për banim.
Banesa është e re. Ka të gjitha pajisjet e nevojshme funksionale. Ka hapësirë parkimi.
Sipërfaqe: 106m²
Çmimi: 600
Rënditja
•	Sallon dhe Kuzhinë
•	2 Dhoma gjumi
•	Banjo
•	2 Ballkona
•	Koridor

Kodi: 3610

Për më shumë informata mund të na beni like faqen tone ne facebook
Smart Real Estate,
bit.ly/2htS4cY
, si dhe
www.instagram.com/realestatesmart",600 EUR,106,600.00,106.0,Dragodan,rent,,,,,,,
random,banesa-55828,Banese me qira ne lagjen Parku i Qytetit 2+1,"Banesë me qira në Qender, afër Parkut të Qytetit (ndërtesa e ALBI-t afër kolegjit FAMA.Ndërtesa posedon edhe liftin.
Çmimi është 320€ nëse pagesa bëhet çdo muaj, ndërsa 300€ nëse pagesa bëhet për 3 muaj e më shumë.Është ideale për një qift të punësuar apo edhe ndonjë familje të vogël. Banesa do të jetë e gatshme për banim nga 5 shtatori.
Kati:4
Sipërfaqe:65
Çmimi i qirasë:320
Renditja:
♦Sallon me kuzhinë
♦2Dhomë gjumi
♦Banjo
♦Ballkon
♦Korridor

Për më shumë informata mund të na beni like faqen t",320 EUR,65,320.00,65.0,Parku i Qytetit,rent,,,,,,,
random,banesa-80178,Banesë me qira te rruga B,"Lëshohet me qira banesa në Rrugën B. Banesa është e mobiluar në tërësi, dhe shumë përshtatshme për banim.
Banesa ka të gjitha pajisjet e nevojshme funksionale. Ndodhet në katin e 6, posedon ashensor.
Ka hapësirë të mjaftueshme parkimi.
Sipërfaqja: 73m²
Çmimi: 450
Rënditja
• Sallon dhe Kuzhinë
• 2 Dhoma gjumi
• Banjo
• Koridor
• Ballkon
Kodi: 3460
Për më shumë informata mund të na beni like faqen tone ne facebook
Smart Real Estate,
bit.ly/2htS4cY
, si dhe
www.instagram.com/realestatesmart/

apo p",450 EUR,73,450.00,73.0,Dardania,rent,,,,,,,
random,banesa-64172,Banese me qira ne lagjen Bregu i Diellit,"Banesë me qira në lagjen Bregu i Diellit, kompleksi Vali Residenc, banesa ka te montuar vetem kuzhinen
Kati:7
Sipërfaqe:120
Çmimi i qirasë:450
Renditja:
♦Sallon me kuzhinë
♦3 Dhomë gjumi
♦2 Banjo
♦Ballkon
♦Korridor
♦depo

Për më shumë informata mund të na beni like faqen tone ne facebook Smart Real Estate,
bit.ly/2htS4cY
, apo per me shume oferta apo banesa te lira:
www.merrmeqira.com/user/profile/smart

ose mund të na kontaktoni në këtë numër telefoni
044 393 777
WhatsApp & Viber
+383 44 393 77",450 EUR,120,450.00,120.0,Bregu i Diellit,rent,,,,,,,
random,banesa-55723,Banese me qira ne lagjen Dardania 1+1,"Banesë me qira në lagjen Dardania,mbi Kurriz,Banesa eshte e mobiluar ne teresi dhe me te gjitha orendit e nevojsheme.Banesa posedon lift funksional.
Kati:8
Sipërfaqe:45 m2
Çmimi i qirasë:250
Renditja:
♦Sallon me kuzhinë
♦Dhomë gjumi
♦Banjo
♦Ballkon
♦Korridor

Për më shumë informata mund të na beni like faqen tone ne facebook Smart Real Estate,
bit.ly/2htS4cY
,  ose mund të na kontaktoni në këtë numër telefoni
044 393 777
WhatsApp & Viber
+38344 393 777
",250 EUR,45,250.00,45.0,Dardania,rent,,,,,,,
random,banesa-80912,Banese me qira ne lagjen Aktash,"Lëshohet me qira banesa në Aktash, Banes është e mobiluar në tërësi, e gatshme dhe e përshtatshme për banim.
Sipërfaqe: 64m²
Çmimi: 290
Rënditja
•	Sallon dhe Kuzhinë
•	Dhomë gjumi
•	Banjo
•	Koridor
•	Ballkon

Kodi: 3529

Për më shumë informata mund të na beni like faqen tone ne facebook
Smart Real Estate,
bit.ly/2htS4cY
, si dhe
www.instagram.com/realestatesmart/

apo per me shume oferta apo banesa te lira:
www.merrmeqira.com/user/profile/smart

gjirafa.com/…

esa&amp;llshp=Qira
ose mund të na k",290 EUR,64,290.00,64.0,Aktash,rent,,,,,,,
random,banesa-53664,Banes ne shitje ne lagjen Sllovenia e sportit  1+1,"Banesë ne shitje në lagjen Sllovenia e sportit afer te Parku i Qytetit,ne rrugen Isa Kastrati.Banesa eshte e mobiluar ne teresi.

Sipërfaqe:50 m2
Çmimi I shitjes:45 000
Renditja:
♦Sallon me kuzhinë
♦Dhomë gjumi
♦Banjo
♦Ballkon
♦Korridor

Për më shumë informata mund të na beni like faqen tone ne facebook Smart Real Estate,
bit.ly/2htS4cY
,  ose mund të na kontaktoni në këtë numër telefoni
044 393 777
WhatsApp & Viber
+38344 393 777
","54,000 EUR",50,54000.00,50.0,Sllovenia Sport,sale,,,,,,,
random,banesa-44185,Banese (garsoniere) me qira ne lagjen Arberia,"Banesë (Garsoniere) me qira në lagjen Arberia. Banesa eshte komplet e mobiluar, moderne shume komode per banim,nxemja me kallda
Kati: 2-te
Sipërfaqe: 45m2
Çmimi I qirasë: 180 €
Renditja:
♦Sallon me kuzhinë
♦Banjo
♦Ballkon nuk ka
♦Shpajz
♦Korridor

Për më shumë informata mund të na beni like faqen tone ne facebook Smart Real Estate,
bit.ly/2htS4cY
, ose mund të na kontaktoni në këtë numër telefoni
044 393 777
WhatsApp & Viber
+383 44 393 777",180 EUR,45,180.00,45.0,Arbëria,rent,,,,,,,
random,banesa-52537,Banese me qira ne lagjen Bregu i Diellit,"Leshohet banese me qira ne Bregun e Diellit, afer xhambazeve dhe raiffeisen bankes.
Banesa eshte komplet e mobiluar dhe eshte ne gjendje shume te mire.
Gjindet ne katin e 3 dhe ka 70 m2.

Banesa ka kete renditje:
- 2 dhoma gjumi
- sallon dhe kuzhine
- banjo
- koridor
- ballkon

Qmimi 220€
bit.ly/3n3a6PU


Per me shume informata mund te na kontaktoni ne numrin
044 333 511
+383 44 333 511
",220 EUR,70,220.00,70.0,Bregu i Diellit,rent,,,,,,,
random,banesa-79396,Banese me qira ne lagjen Bregu i diellit,"Banesa me Qira në Bregu i Diellit
Adresa: Rruga “Hilmi Rakovica”, Bregu i Diellit

• Sipërfaqe: 50 m²
• Përbëhet nga:
• 1 Dhomë gjumi
• Sallon i madh i bashkangjitur me kuzhinë
• Banjo me WC
• Korridor
• Ballkon me pamje të bukur nga qyteti

Banesa gjithashtu posedon një nen-kulim, të arritshëm përmes shkallëve të brendshme.

Çmimi i qirasë: 250 EURO në muaj.

bit.ly/3n3a6PU

Per me shume informata mund te na kontaktoni ne numrin
049 124 677 WhatsApp dhe Viber +383 49 124 677
044 333 511 WhatsAp",250 EUR,50,250.00,50.0,Bregu i Diellit,rent,,,,,,,
random,banesa-47474,Shitet banesa ne lagjen Arberia_2+1,"Banesë ne shitje në lagjen Arberia, Vip Tregtia,banesa eshte e mobiluar ne teresi, pamje kah lindja, kontrata behet te Avokat. Pranimi Teknik pritet qe te behet se shpejti
Sipërfaqe:75
Çmimi I shitjes:1150 plus 5000 garazha
Renditja:
♦Sallon me kuzhinë
♦2 Dhomë gjumi
♦Banjo
♦Ballkon
♦Korridor

Për më shumë informata mund të na beni like faqen tone ne facebook Smart Real Estate,
bit.ly/2htS4cY
,  ose mund të na kontaktoni në këtë numër telefoni
044/393-777
WhatsApp & Viber
+383 44 393 777
","1,150 EUR",75,1150.00,75.0,Arbëria,sale,,,,,,,
random,banesa-64026,Banese me qira ne Rrugen B,"Banesë me qira në lagjen Rruga B, rr.Shaqir Igrishta, e mobiliuar e gatshme për banim dhe me gjendje shumë të mirë, parking te jashtem
Sipërfaqe:91
Çmimi i qirasë:450
Renditja:
♦Sallon me kuzhinë
♦2 Dhomë gjumi
♦2 Banjo
♦Ballkon
♦Korridor

Për më shumë informata mund të na beni like faqen tone ne facebook Smart Real Estate,
bit.ly/2htS4cY
, apo per me shume oferta apo banesa te lira:
www.merrmeqira.com/user/profile/smart

ose mund të na kontaktoni në këtë numër telefoni
044 393 777
WhatsApp & Vi",450 EUR,91,450.00,91.0,Lakrishte,rent,,,,,,,
random,banesa-8277,Banes me qira Mrapa Teatrit Kombetare 2+1,"Leshoj banes me qira rapa Teatrit Kombetar, banesa eshte e mobiluar ne teresi, gjendet ne katin e 1-re, 100m2
Banesa posedon:
- dy dhoma gjumi
- sallon dhe kuzhine
- banjo
- ballkon
- koridor
Qmimi 300 euro

Per me shume informata ju lutem n kontaktoni ne numrin
WatsApp & Viber:
045190019",300 EUR,100,300.00,100.0,,rent,,,,,,,
random,banesa-77718,Banesë me qira te Lagjia e Muhaxherëve,"Lëshohet me qira banesa te Lagjia e Muhaxherëve, përball kolegjit Fama dhe afër Ambasadës së Zvicrës. Është e mobiluar dhe shumë e përshtatshme për banim.
Ka të gjitha pajisjet funksionale. Sistemin e ngrohjes e ka me Termokos.
Ndodhet në katin e 5, posedon ashensor.
Çmimi:350
Banesa ka këtë renditje:
•	Sallon dhe Kuzhinë
•	Dhomë gjumi
•	Banjo
•	Koridor

Kodi: 3265

Për më shumë informata mund të na beni like faqen tone ne facebook
Smart Real Estate,
bit.ly/2htS4cY
, si dhe
www.instagram.com/rea",350 EUR,1,350.00,,,rent,,,,,,,
random,banesa-40615,Banes komode me qira ne Qender,"Leshohet banese(zyre) me qira ne Qender,60m2
mbrapa teatrit
Banesa ka kete renditje:
- 2 dhoma gjumi
- sallon dhe kuzhine
- banjo
- ballkon
- koridor
Qmimi 350€

Per me shume informata mund te na kontaktoni ne numrin
049 124 677
+383 49 124 677",350 EUR,60,350.00,60.0,Qendra,rent,,,,,,,
random,banesa-78914,Banesë me qira në Qendër,"Lëshohet me me qira banesa në Qendër, në ndërtesën ngjitur me Postën Kryesore. Është e mobiluar në mënyrë moderne dhe është e përshtatshme për banim.
Banesa ka të gjitha pajisjet e nevojshme dhe ka hapësirë të mjaftueshem për familjarë.
Sistemin e ngrohjes e ka me Termokos.
Sipërfaqe: 96m²
Çmimi: 500
Rënditja
•	Sallon dhe Kuzhinë
•	2 Dhoma gjumi
•	Banjo
•	Koridor
•	Ballkon

Kodi: 3259

Për më shumë informata mund të na beni like faqen tone ne facebook
Smart Real Estate,
bit.ly/2htS4cY
, si dhe
w",500 EUR,96,500.00,96.0,Qendra,rent,,,,,,,
random,banesa-78203,Banesë me qira në Lakrishtë,"Lëshohet me qira banesa në Lakrishtë. Banesa është e mobiluar dhe e përshtatshme për banim.
Sistemin e ngrohjes e ka me Termokos.
Çmimi: 350
Banesa ka këtë renditje:
•	Sallon dhe Kuzhinë
•	2 Dhoma gjumi
•	Banjo
•	Ballkon
•	Koridor

Kodi: 3295

Për më shumë informata mund të na beni like faqen tone ne facebook
Smart Real Estate,
bit.ly/2htS4cY
, si dhe
www.instagram.com/realestatesmart/

apo per me shume oferta apo banesa te lira:
www.merrmeqira.com/user/profile/smart

gjirafa.com/…

esa&amp;llsh",350 EUR,1,350.00,,Lakrishte,rent,,,,,,,
random,banesa-53203,Banese me qira ne lagjen e Muhaxhereve,"Leshohet banese me qira ne Lagjen e Muhaxhereve.
52m2.

Kati 4.

Banesa ka kete renditje:
- dhom gjumi
- sallon me kuzhine
- banjo
- koridor
- ballkon

Qmimi 200€
bit.ly/3n3a6PU

Per me shume informata mund te na kontaktoni ne numrin

044 333 511
+383 44 333 511
049 124 677
+383 49 124 677
",200 EUR,52,200.00,52.0,Muhaxhere,rent,,,,,,,
random,banesa-59840,Banese  Zyre me qira ne lagjen e Spitalit,"Leshohet banese  me qira ne mbrapa Rr-B
Banesa eshte afer Furres Qerimi 3
Rruga Jakov Xoxa
Banesa ka kete renditje:
- 2 dhoma gjumi
- Sallon
- Kuzhine
- Banjo
- Ballkon
- Koridor
Qmimi 350€

bit.ly/3n3a6PU

Per me shume informata mund te na kontaktoni ne numrin
049 124 677
+383 44 333 511
044 333 511
+383 49 124 677",350 EUR,75,350.00,75.0,Spitali,rent,,,,,,,
random,banesa-8346,Banes moderne me qira ne Lagje te Spitalit,"Leshoj banese me qera ne Lagjen e Spitalit, ndertimi Kawa Group kati i i 2, e mobiluar ne teresi me mobile moderne, 65m2
Banesa posedon:
- dhome gjumi
- sallon dhe kuzhine
- banjo
- ballkon
- koridor
Qmimi 300 euro ( me garazh)

Per me shume informata ju lutem na kontaktoni ne numrin:
045 190 019
WhatsApp & Viber:
+383 45 190 019",300 EUR,65,300.00,65.0,Spitali,rent,,,,,,,
random,banesa-29923,Leshohet banese ( garsoniere ) me qira te Qafa,"Leshohet banese ( garsoniere ) me qira te Qafa, e mobiluar, 30m2.

Banesa posedon :
Nje dhome me shtrat, kuzhine dhe banjo
Qmimi: 200 €
( Pagesa behet qdo 3 muaj )

Per me shume informata rreth kesaj banese mund te na shkruani linkun me id ose nje screenshot te shpalljes, apo nje kerkese tuajen per banesa tjera, ne kete numer telefoni:
045 190 019
WhatsApp &Viber
+383 45 190 019",200 EUR,30,200.00,30.0,Qafa,rent,,,,,,,
random,banesa-59646,Banese me qira ne Mati 1_2+1,"Banesë me qira në lagjen Mati 1, rr.Muharrem Fejza, ndertesa eshte e re posedon dy ashensor funskional
Kati:7
Sipërfaqe:95
Çmimi i qirasë:550
Renditja:
♦Sallon me kuzhinë
♦2 Dhomë gjumi
♦Banjo
♦Ballkon
♦Korridor

Për më shumë informata mund të na beni like faqen tone ne facebook Smart Real Estate,
bit.ly/2htS4cY
, apo per me shume oferta apo banesa te lira:
www.merrmeqira.com/user/profile/smart

ose mund të na kontaktoni në këtë numër telefoni
044 393 777
WhatsApp & Viber
+38344 393 777
",550 EUR,95,550.00,95.0,Mati,rent,,,,,,,
random,banesa-9783,Banes me qira ne Ulpiane e renovuar,"Leshoj Banese ne lagjen Ulpiana, respektivisht Mbrapa NLB bank, e tera e renovuar ( ne perfundim), kati i 4-te, pa nxemje qendrore,76m2
Banesa posedon
- Sallon me kuzhine,
- 2 dhoma gjumi
- Banjo,
- Ballkon
- Koridor
Qmimi 300 euro

Per me shume informata ju lutem na kontaktoni ne numrin
WhatsApp & Viber:
045 190019",300 EUR,76,300.00,76.0,,rent,,,,,,,
random,banesa-80254,Zyre me qira në Ulpianë,"Lëshohet me qira banesa/zyre në lagjen Ulpiana. Banesa është e në gjendje të re, e përshtatshme për punë.
Ndodhet në katin e parë, ka kuzhinën e mobiluar. Sistemin e ngrohjes me Termokos.
Sipërfaqe: 58m²
Çmimi: 450
Rënditja
•	Kuzhinë
•	3 Hapësira pune
•	Koridor
•	Banjo
•	Ballkon

Kodi: 3468

Për më shumë informata mund të na beni like faqen tone ne facebook
Smart Real Estate,
bit.ly/2htS4cY
, si dhe
www.instagram.com/realestatesmart/

apo per me shume oferta apo banesa te lira:
www.merrmeqira.co",450 EUR,58,450.00,58.0,Ulpiana,rent,,,,,,,
random,banesa-41753,Banese me qira ne lagjen Bregu i Diellit,"Leshohet banese me qira ne lagjen Bregu i diellit, kompleksi "" Dafina "". Eshte komplet e mobiluar, ndodhet ne katin e 4-te, lift funksional, 80m2.
Banesa ka kete renditje:
- 2 dhoma gjumi
- sallon dhe kuzhine
- banjo
- ballkon
- koridor
-Depo
-Garazhe
Qmimi 350€
bit.ly/3n3a6PU


Per me shume informata mund te na kontaktoni ne numrin
044 333 511
+383 44 333 511




",350 EUR,70,350.00,70.0,Bregu i Diellit,rent,,,,,,,
random,banesa-91712,Banes ne Shitje,"Banes ne shitje Rruga C
Banesa ndodhet tek Kompleki Banesor Valoni 5
Banesa posedon 89.7m²/kati 6(gjashte) dhe ka orientim nga perëndimi
Ndërtesa ku ndodhet banesa është e pajisur me ashensor dhe ka hapësirë të mjaftueshme për vendparkim
Qëndrimi ditor | Kuzhina | 2 Dhoma gjumi | Tualet | Banjo| Ballkon

Qmimi per m2: 1,250 EUR
Garazha (kati -3): 10,000 EUR
Depo: 1,000 EUR

Nr. Tel: 044 577 677
www.geo-rks.com
1506
","1,250 EUR",90,1250.00,90.0,,sale,,,,,,,
random,banesa-58187,Banese me qira (zyre) ne lagjen Arberia,"Banesë me qira në lagjen Arberia, afer Minimax-it, banesa leshohet per zyre
Kati:4
Sipërfaqe:124
Çmimi i qirasë:500
Renditja:
♦4 Dhomë gjumi
♦Banjo
♦Ballkon
♦Korridor
♦WC
♦Depo

Për më shumë informata mund të na beni like faqen tone ne facebook Smart Real Estate,
bit.ly/2htS4cY
,  ose mund të na kontaktoni në këtë numër telefoni
044 393 777
WhatsApp & Viber
+38344 393 777
",500 EUR,124,500.00,124.0,Arbëria,rent,,,,,,,
random,banesa-64027,Banese me qira ne lagjen Arberi_2+1,"Banesë me qira në lagjen Arberi, te Meridiani, eshte e mobiluar ne teresi moderne
Kati:7
Sipërfaqe:77
Çmimi i qirasë:500
Renditja:
♦Sallon me kuzhinë
♦2 Dhomë gjumi
♦Banjo
♦Ballkon
♦Korridor

Për më shumë informata mund të na beni like faqen tone ne facebook Smart Real Estate,
bit.ly/2htS4cY
, apo per me shume oferta apo banesa te lira:
www.merrmeqira.com/user/profile/smart

ose mund të na kontaktoni në këtë numër telefoni
044 393 777
WhatsApp & Viber
+38344 393 777
",500 EUR,77,500.00,77.0,Arbëria,rent,,,,,,,
random,banesa-80249,Banesë me qira në Arbëri,"Lëshohet me qira banesa në Arbëri Banesa është e mobiluar dhe shumë e përshtatshme për banim.
Banesa ndodhet në katin e 3.
Sipërfaqe: 53m²
Çmimi: 350
Rënditja
•	Sallon dhe Kuzhinë
•	Dhomë gjumi
•	Banjo
•	Koridor
•	Ballkon

Kodi: 3466

Për më shumë informata mund të na beni like faqen tone ne facebook
Smart Real Estate,
bit.ly/2htS4cY
, si dhe
www.instagram.com/realestatesmart/

apo per me shume oferta apo banesa te lira:
www.merrmeqira.com/user/profile/smart

gjirafa.com/…

esa&amp;llshp=Qira
os",350 EUR,53,350.00,53.0,Arbëria,rent,,,,,,,
random,banesa-74999,Super banese ne shitje ne lagjen Ulpiana,"Shitet banesa ne lagjen Ulpiana, pozicionohet në një lokacion shumë të përshtatshëm, e orientuar nga lindja, duke i shtuar edhe lagjen më të frekuentuar të kryeqytetit, të cilat janë disa nga tiparet që e favorizojnë këtë banesë. Banesa eshte komplet e mobiluar dhe shume e pershtatshme per banim. Sistemin e ngrohjes e ka me Termokos.
Vendosja e ashensorit eshte ne procedur.
Siperfaqe: 70m2
Banesa ka kete renditje:
- Sallon
- Kuzhine
- 2 Dhoma gjumi
- Banjo
- Ballkon
- Koridor
Cmimi:  135 000 eur","135,000 EUR",70,135000.00,70.0,Ulpiana,sale,,,,,,,
random,banesa-47828,Banese me qira ne lagjen Bregu i Diellit,"Leshohet banese me qira ne Breg te Diellit, kati 4 pa lift,banesa eshte komplet e renovuar
Banesa ka kete renditje:
- dhoma gjumi
- sallon dhe kuzhine
- banjo
- ballkon
- koridor
Qmimi 200€
bit.ly/3n3a6PU

Per me shume informata mund te na kontaktoni ne numrin
049 124 677
+383 49 124 677",200 EUR,60,200.00,60.0,Bregu i Diellit,rent,,,,,,,
random,banesa-60759,Banese me qira ne lagjen e Spitalit,"Leshohet banese me qira ne Lagje te Spitalit ,Kati 5 Kompleksi Berisha Group Park Rezidenc
Banesa ka kete renditje:
- 2 dhoma gjumi
- Sallon
- Kuzhine
- Banjo
- Vc
- Ballkon
- Koridor

Qmimi 350€

bit.ly/3n3a6PU

Per me shume informata mund te na kontaktoni ne numrin
049 124 677
+383 49 124 677
044 333 511
+383 44 333 511",350 EUR,90,350.00,90.0,Spitali,rent,,,,,,,
random,banesa-52113,Leshohet banese me qira ne lagjen Dardania,"Leshohet banese me qira ne lagjen Dardania.
Kati: perdhese
Banesa ka kete renditje:
- dhom gjumi
- sallon dhe kuzhine
- banjo
- koridor
Qmimi 350€
bit.ly/3n3a6PU


Per me shume informata mund te na kontaktoni ne numrin
044 333 511
+383 44 333 511
",250 EUR,50,250.00,50.0,Dardania,rent,,,,,,,
random,banesa-40142,Banes komode me qira ne Qender,"
Leshohet banese me qira ne Qender
Banesa ka kete renditje:
- 2 dhoma gjumi
- sallon dhe kuzhine
- banjo
- ballkon
- koridor
-Shpajz
Qmimi 300€

Per me shume informata mund te na kontaktoni ne numrin
049 124 677
+383 49 124 677",300 EUR,85,300.00,85.0,Qendra,rent,,,,,,,
random,banesa-80436,Banesë në shitje te Lagjia e Spitalit,"Banesë në SHITJE te Lagjia e Spitalit. Banesa është e re, e mobiluar në tërësi në mënyrë moderne dhe shumë e përshtatshme për banim.
Banesa ka të gjitha pajisjet e nevojshme funksionale. Sistemin e ngrohjes e ka me Termokos. Ka hapërisë të mjaftueshme për banim si dhe ka hapësirë parkimi.
Sipërfaqe: 134m²
Çmimi: 1300
Rënditja
• Sallon dhe Kuzhinë
• 3 Dhoma gjumi
• 2 Banjo
• Koridor
• Ballkon
Kodi: 3487
Për më shumë informata mund të na beni like faqen tone ne facebook
Smart Real Estate,
bit.ly/2",1 EUR,134,1.00,134.0,Spitali,sale,,,,,,,
random,banesa-50191,Banese ne shitje ne lagjen Arberia,"Banesë ne shitje në lagjen Arberi, mbi Hekurudhe, banesa ka pamje nga lindja eshte e mobiluar ne teresi, po ashtu mund te perdoret per afarizem
Kati:3
Sipërfaqe:72
Çmimi I shitjes:1200m2
Renditja:
♦Sallon me kuzhinë
♦Dhomë gjumi
♦Banjo
♦Ballkon
♦Korridor

Për më shumë informata mund të na beni like faqen tone ne facebook Smart Real Estate,
bit.ly/2htS4cY
,  ose mund të na kontaktoni në këtë numër telefoni
044/393-777
WhatsApp & Viber
+383 44 393 777
","1,200 EUR",72,1200.00,72.0,Arbëria,sale,,,,,,,
random,banesa-55028,Banese me qira ne lagjen Arberia 2+1,"Banesë me qira në lagjen Arberia ,Banesa eshte e mobiluar ne teresi. perballe me Meridian rruga Vicianum
Kati:5 lift funksional
Sipërfaqe:90 m2
Çmimi i qirasë: 450 i diskutueshem
Renditja:
♦Sallon me kuzhinë
♦2Dhomë gjumi
♦Banjo
♦Ballkon
♦Korridor
Për më shumë informata mund të na beni like faqen tone ne facebook Smart Real Estate,
bit.ly/2htS4cY
, ose mund të na kontaktoni në këtë numër telefoni
044 393 777
WhatsApp & Viber
+383 44 393 777
",450 EUR,90,450.00,90.0,Arbëria,rent,,,,,,,
random,banesa-32499,Leshohet banese  me qira ne lagjen Emshir,"Leshohet banese  me qira ne lagjen Emshir. Banesa eshte komplet e mobiluar, 75m2.

Renditja:
Sallon me kuzhine, 2 dhoma gjumi, banjo, ballkon, korridor.
Çmimi: 250 €

Vetem per familjare, vetem per afatgjate.
Per me shume informata rreth kesaj banese mund te na shkruani linkun me id ose nje screenshot te shpalljes, apo nje kerkese tuajen per banesa tjera, ne kete numer telefoni:
045 190019
WhatsApp & Viber
+383 45 190 019",250 EUR,75,250.00,75.0,Emshir,rent,,,,,,,
random,banesa-53675,Banes ne shitje ne lagjen Ulpiane 1+1,"Banesë ne shitje në lagjen Ulpiane,ne rrugen Imzot Nikprelaj.Banesa eshte e mobiluar ne teresi.
Kati:4
Sipërfaqe:44
Çmimi I shitjes:58 000
Renditja:
♦Sallon me kuzhinë
♦Dhomë gjumi
♦Banjo
♦Ballkon
♦Korridor

Për më shumë informata mund të na beni like faqen tone ne facebook Smart Real Estate,
bit.ly/2htS4cY
,  ose mund të na kontaktoni në këtë numër telefoni
044 393 777
WhatsApp & Viber
+38344 393 777
","58,000 EUR",44,58000.00,44.0,Ulpiana,sale,,,,,,,
random,banesa-80084,Penthouse me qira në Arbëri,"Lëshohet me qira PentHouse në lagjen Arbëria. Banesa është e mobiluar në tërësi, e përshtatshme dhe me hapësirë të mjaftueshme për banim.
Ka të gjitha pajisjet fuksionale. Sistemin e ngrohjes e ka me Termokos. Ndodhet në një loakcion të përshtatshëm.
Banesa gjithashtu ka edhe hapësirë parkimi, ka garazh.
Sipërfaqja: 172m²
Çmimi: 850
Rënditja
•	Sallon dhe Kuzhinë
•	4 Dhoma gjumi
•	2 Banjo
•	2 Depo
•	Ballkon
•	Koridor

Kodi: 3446

Për më shumë informata mund të na beni like faqen tone ne facebook
",850 EUR,172,850.00,172.0,Arbëria,rent,,,,,,,
random,banesa-52151,Banese ne shitje ne lagjen Tophane 4+1,"Banesë ne shitje në lagjen Tophane, ne rrugen Pjeter Bogdani.Bnesa eshte e mobiluar ne teresi me te gjitha paisjet.Banesa eshte me dy hyrje te ndara,banesa ka dy ora  rrymes dy ora te ujit dhe mund te ndahet vetem me nje mure dy banesa.
Kati:
Sipërfaqe:129 m2
Çmimi I shitjes:950 m2
Renditja:
♦Sallon me kuzhinë
♦4Dhomë gjumi
♦2Banjo
♦Ballkon
♦Korridor

Për më shumë informata mund të na beni like faqen tone ne facebook Smart Real Estate,
bit.ly/2htS4cY
,  ose mund të na kontaktoni në këtë numër te",950 EUR,129,950.00,129.0,Tophane,sale,,,,,,,
random,banesa-55529,Banese me qira ne lagjen Arberia 2+1,"Banesë me qira në lagjen Arberia,ne rrugen Ferid Curri.,afer Minimax ,ndertim i Berisha Group.
Banesa eshte e mobiluar ne teresi,dhe eshte
e pershtateshme per banim.Lift funksional.
Kati:4
Sipërfaqe:90 m2
Çmimi i qirasë:400 me garazh,plus depozita
Renditja:
♦Sallon me kuzhinë
♦2Dhomë gjumi
♦Banjo dhe wc
♦2 Ballkona
♦Korridor

Për më shumë informata mund të na beni like faqen tone ne facebook Smart Real Estate,
bit.ly/2htS4cY
, ose mund të na kontaktoni në këtë numër telefoni
044 393 777
WhatsApp",400 EUR,90,400.00,90.0,Arbëria,rent,,,,,,,
random,banesa-83590,Banese me qira te 4 Llullat,"Lëshohet me qira banesa/Garsoniere  në lagjen 4Llullat , rruga Bajram Kelmendi perballe me Mama Mantia shume mire e mobiluar e renovuar , e gatshme dhe shumë e përshtatshme për banim.
Ndodhet në katin e 4, posedon ashensor.
Sipërfaqe: 42m²
Çmimi: 250 plus depozita
Rënditja
• Sallon dhe Kuzhinë
• Dhoma gjumi nuk ka
• Banjo
• Ballkon
• Shpajz
Kodi: 3773
Për më shumë informata mund të na beni like faqen tone ne facebook
Smart Real Estate,
bit.ly/2htS4cY
, si dhe
www.instagram.com/realestatesmart/

",250 EUR,42,250.00,42.0,Llullat,rent,,,,,,,
random,banesa-49249,Banese me qira ne lagjen Ulpiana,"Leshohet banese me qira ne Ulpiane,te fontana,(e lire nga data 15 e kti muaji)
Banesa ka kete renditje:
- 2 dhoma gjumi
- sallon dhe kuzhine
- banjo
- ballkon
- koridor
Qmimi 250€
bit.ly/3n3a6PU

Per me shume informata mund te na kontaktoni ne numrin
044 333 511
+383 44 333 511",250 EUR,60,250.00,60.0,Ulpiana,rent,,,,,,,
random,banesa-60140,Garsoniere me qera ne lagjen Parku i Qytetit,"Banesë me qira në Qender afer hotel Siriusit (afer Parkut te Qytetit, ne rrugen Gustav Majer.Banesa eshte ndertim i ri.
Çmimi i qiras është 220€ me shpenzime( uji dhe mbeturinat ) kurse rrymën e paguan qiramarrësi. Depozitimi në avancë në vlerën prej 150€ është i domosdoshëm.
Kati:3
Sipërfaqe:30 m2
Çmimi i qirasë:220
Renditja:
♦Sallon me kuzhinë
♦Dhomë gjumi
♦Banjo
♦Ballkon
♦Korridor

Për më shumë informata mund të na beni like faqen tone ne facebook Smart Real Estate,
bit.ly/2htS4cY
, apo per m",220 EUR,30,220.00,30.0,Parku i Qytetit,rent,,,,,,,
random,banesa-56333,Banese me qira ne lagjen Tophane 1+1,"Banesë me qira në lagjen Tophane,ne rrugen Meto Bajraktari.Banesa eshte e mobiluar ne teresi.Lift funksional.
Kati:5
Sipërfaqe:65 m2
Çmimi i qirasë:250
Renditja:
♦Sallon me kuzhinë
♦Dhomë gjumi
♦Banjo
♦Ballkon
♦Korridor

Për më shumë informata mund të na beni like faqen tone ne facebook Smart Real Estate,
bit.ly/2htS4cY
,  ose mund të na kontaktoni në këtë numër telefoni
044 393 777
WhatsApp & Viber
+38344 393 777
",250 EUR,65,250.00,65.0,Tophane,rent,,,,,,,
random,banesa-78138,Banesë me qira në Dardani,"Lëshohet me qira banesa në Dardani, afër Bill Klinton.Banesa është e mobiluar dhe e gatshme për banim.
Banesa ndodhet në katin e parë.
Sipërfaqe: 60m²
Çmimi: 250
Banesa ka këtë renditje:
•	Sallon
•	Kuzhinë
•	Banjo
•	Koridor
•	Ballkon

Kodi: 3289

Për më shumë informata mund të na beni like faqen tone ne facebook
Smart Real Estate,
bit.ly/2htS4cY
, si dhe
www.instagram.com/realestatesmart/

apo per me shume oferta apo banesa te lira:
www.merrmeqira.com/user/profile/smart

gjirafa.com/…

esa&amp;l",250 EUR,60,250.00,60.0,Dardania,rent,,,,,,,
random,banesa-91776,Banese Zyre me QIRA RRUGA B,"Banesë Zyre me qira te Rruga B

▪️Çmimi: 1000€💶

▪️Afër Royal Mall, kompleksi Agrotrade, me 122m2, kati 2 me lift, me sistem të ngrohjes qendrore me rrymë, me kushte shumë të mira banimi, është e pa mobiluar, si dhe ka këtë renditje:

▪️Dhomë e dites me kuzhinë,
▪️3 Dhoma gjumi(njëra me banjo)
▪️Banjo,
▪️Depo,
▪️2 Ballkona,
▪️2 Garazha.

ID e pronës: 7310

Professional Real Estate
📞 046 991 989
","1,000 EUR",122,1000.00,122.0,,rent,,,,,,,
random,banesa-79371,Banese me qira ne lagjen Bregu i diellit,"Lëshohet banesë me Qira në lagjen Bregu i diellit,  Kompleksi ""DAFINA"" - Banesat e STANDARDIT, afer Royal Mall.

Banesa gjendet në katin e dytë me këtë rënditje:

• Sallon dhe kuzhinë
• Dy dhoma gjumi
• Banjo
• WC
• Shpajz
Cmimi: 350 euro

Banesa ka sipërfaqe prej 89 m² e mobiluar si në foto.

Lëshohet vetëm për familjar!!

bit.ly/3n3a6PU

Per me shume informata mund te na kontaktoni ne numrin
049 124 677 WhatsApp dhe Viber +383 49 124 677
044 333 511 WhatsApp dhe Viber +383 44 333 511",350 EUR,89,350.00,89.0,Bregu i Diellit,rent,,,,,,,
random,banesa-75239,Garsoniere me qira ne lagjen Ulpiana,"Leshohet banese  ( garsoniere ) me qira ne lagjen Ulpiana afer furres Ulpiana.
Garsonjera posedon:
- Klime (ngrohje / ftohje)
- Makine te rrobave
- Frigorifer
- Hekur
Cmimi: 150 euro

bit.ly/3n3a6PU

Per me shume informata mund te na kontaktoni ne numrin
049 124 677 WhatsApp dhe Viber +383 49 124 677
044 333 511 WhatsApp dhe Viber +383 44 333 511
",150 EUR,20,150.00,20.0,Ulpiana,rent,,,,,,,
random,banesa-61537,Banese me qira ne lagjen e Spitalit,"Leshohet banese me qira ne Lagjen E Spitalit muharrem Fejza
Kati 1
Banesa ka kete renditje:
- 1 dhome gjumi
- sallon dhe kuzhine
- banjo
- ballkon
- koridor
-Shpajz
Qmimi 250€

Per me shume informata mund te na kontaktoni ne numrin
049 124 677
+383 49 124 677",250 EUR,60,250.00,60.0,Spitali,rent,,,,,,,
random,banesa-52054,Leshohet banesa me qira ne Bregun e Diellit,"Leshohet banese me qira ne Breg te Diellit, te shkolla fillore ""Ismail Qemaili"".
Banesa ka kete renditje:
- 1 dhom gjumi
- sallon dhe kuzhine
- banjo
- ballkon
- koridor
Qmimi 240€
bit.ly/3n3a6PU


Per me shume informata mund te na kontaktoni ne numrin
044 333 511
+383 44 333 511",240 EUR,60,240.00,60.0,Bregu i Diellit,rent,,,,,,,
random,banesa-75575,Banesë me qira në Arbëri,"Lëshohet me qira banesa në lagjen Arbëri rruga Vicianum mbi Restaurant Sensens perballe me komunen e re dhe Albi Market. Banesa është e mobiluar dhe shumë e përshtatshme për banim per qift apo 1 apo 2 persona
Banesa ndodhet në katin e 5 dhe posedon ashensor funksional .
Banesa ka sistemin e ngrohjes me Termokos.
Çmimi: , plus depozita e obliguar.
Rënditja
• Sallon dhe Kuzhinë
• Dhomë gjumi
• Banjo
• Ballkon
Kodi: 2835
Për më shumë informata mund të na beni like faqen tone ne facebook
Smart Real ",1 EUR,1,1.00,,Arbëria,rent,,,,,,,
random,banesa-78219,Banesë me qira në Emshir,"Lëshohet me qira banesa ne Lagjen Emshir. Banesa është e gatshme për banim.
Ndodhet në katin e 2. Ka hapësirë të mjaftueshme për familjarë.
Sipërfaqja: 105m²
Çmimi: 450
Banesa ka këtë renditje:
• Sallon dhe Kuzhinë
• 3 Dhoma gjumi
• 2 Banjo
• Ballkon
• Depo
• Koridor
Kodi: 3299
Për më shumë informata mund të na beni like faqen tone ne facebook
Smart Real Estate,
bit.ly/2htS4cY
, si dhe
www.instagram.com/realestatesmart/

apo per me shume oferta apo banesa te lira:
www.merrmeqira.com/user/profile",450 EUR,105,450.00,105.0,Emshir,rent,,,,,,,
random,banesa-77095,Banesë me qira në Arbëri,"Lëshohet me qira banesa në Arbëri. Banesa është e mobiluar në tërësi dhe e përshtatshme për banim.
Banesa ka sistemin e ngrohjes me Termokos. Ndodhet ne katin e 8, ka ashensor funksional.
Sipërfaqe: 55m²
Çmimi: 250
Banesa ka këtë renditje:
•	Sallon dhe Kuzhinë
•	Dhomë gjumi
•	Banjo
•	Ballkon
•	Koridor

Për më shumë informata mund të na beni like faqen tone ne facebook
Smart Real Estate,
bit.ly/2htS4cY
, si dhe
www.instagram.com/realestatesmart/

apo per me shume oferta apo banesa te lira:
www.me",300 EUR,1,300.00,55.0,Arbëria,rent,,,,,,,
random,banesa-74373,Banese me qira ne Lagje te Muhaxhereve,"Leshohet banese me qira ne lagjen e Muhaxherve, afër Hotel Afa, Kompleksi Trio Construction .komplet e mobiluar e gatshme per banim.
Banesa ka kete renditje:
Siperfaqe: 60m2
- Sallon
- Kuzhine
- Dhome gjumi
- Banjo
- Ballkon
- Koridor
Cmimi: 350 euro

bit.ly/3n3a6PU

Per me shume informata mund te na kontaktoni ne numrin
049 124 677 WhatsApp dhe Viber +383 49 124 677
044 333 511 WhatsApp dhe Viber +383 44 333 511
",350 EUR,60,350.00,60.0,Muhaxhere,rent,,,,,,,
random,banesa-47040,Banese me qira ne lagjen Bregu i Diellit,"Leshohet banese me qira ne lagjen Bregu i Diellit, kompleksi Rrezja. Banesa eshte objekt i ri, komplet e mobiluar, gjendet ne katin e 3-te, me lift funksional, dhe ka nje siperfaqe prej 107m2
Banesa ka kete renditje:
* Sallon me kuzhine
* 3 Dhoma gjumi
* 2 Banjo
* Ballkon
* Korridor
Qmimi: 250 €

Per me shume informata mund te na kontaktoni ne numrin
044 333 511
+383 44 333 511",250 EUR,105,250.00,105.0,Bregu i Diellit,rent,,,,,,,
random,banesa-22917,Leshohet banese me qira ne Arberi,"Leshoj Banese me qera ne lagjen Arberia afer Komunes se re dhe Meridian marketit, 90 m2, kati i 1, Lift funksional me.pamje nga rruga.
Banesa posedon:
Sallon i madh.
Kuzhine
2 dhoma.gjumi
Banjo
wc.
Qmimi 330 dhe depoziti i obliguar

Per me shume informata rreth kesaj banese mund te na shkruani linkun  me id ose nje screenshot te shpalljes apo nje kerkese tuajen per banesa tjera ne kete numer kontaktues:
046 166 499
WhatsApp & Viber
+383 46 166 499

",330 EUR,90,330.00,90.0,Arbëria,rent,,,,,,,
random,banesa-78487,Banesë me qira te rruga B,"Ofrohet me qira banesa në rrugën B, mbrapa Hebs. Banesa është e mobiluar në tërësi, ka kushte të mira banimi dhe është shumë e përshtatshme.
Ndodhet në katin e 5, posedon ashensor.
Sipërfaqe: 60m²
Çmimi: 350
Rënditja:
• Sallon dhe Kuzhinë
• Dhomë gjumi
• Banjo
• Ballkon
• Koridor
Kodi: 3224
Për më shumë informata mund të na beni like faqen tone ne facebook
Smart Real Estate,
bit.ly/2htS4cY
, si dhe
www.instagram.com/realestatesmart/

apo per me shume oferta apo banesa te lira:
www.merrmeqira.com",350 EUR,60,350.00,60.0,Dardania,rent,,,,,,,
random,banesa-68475,Banesë me qira në Arbëri,"Lëshohet me qira banesa në Arbëri. Banesa është e mobiluar dhe shumë e përshtatshme për banim.

Banesa është në gjendje të re dhe ndodhet te rruga Ahmet Krasniqi.

Banesa ka gjithashtu hapësirë të mjaftueshme parkimi.

Sipërfaqe; 57m²
Çmimi: 480

Rënditja
• Sallon dhe kuzhinë
• Dhomë gjumi
• Banjo
• Ballkon
Garazh

Kodi: 2709

Për më shumë informata mund të na beni like faqen tone ne facebook
Smart Real Estate,
bit.ly/2htS4cY
, si dhe
www.instagram.com/realestatesmart/

apo per me shume oferta a",480 EUR,57,480.00,57.0,Arbëria,rent,,,,,,,
random,banesa-68120,Banesë me qira në Lakrishtë,"Lëshohet me qira banesa në Lakrishtë, te Beni Dona.

Banesa është e mobiluar dhe shumë e përshtatshme për banim.

Banesa ka të gjitha pajisjet e nevojshme, ndodhet te Kompleksi Donika II.

Sipërfaqe: 55m²
Çmimi: 500

Rënditja
• Sallon dhe Kuzhinë
• Dhomë gjumi
• Banjo
• Ballkon

Për më shumë info kontaktoni në 045190019",500 EUR,55,500.00,55.0,Lakrishte,rent,,,,,,,
random,banesa-74688,Banesë me qira në Dardani,"Leshohet me qira banesa në Dardani, është e mobiluar në tërësi dhe shumë e përshtatshme për banim.
Ndodhet ne katin e 9, posedon ashensor eshte e renovuar.
Banesa eshte e lire nga muaji maj.
Sipërfaqe: 45m²
Çmimi: 250
Renditja:
•	Sallon dhe Kuzhinë
•	Dhomë gjumi
•	Banjo
•	Depo

Kodi: 3013

Për më shumë informata mund të na beni like faqen tone ne facebook
Smart Real Estate,
bit.ly/2htS4cY
, si dhe
www.instagram.com/realestatesmart/

apo per me shume oferta apo banesa te lira:
www.merrmeqira.com/",250 EUR,45,250.00,45.0,Dardania,rent,,,,,,,
random,banesa-40603,Banese me qira ne Qender,"Leshohet banese me qira ne Qender,Perball Grandit
Banesa ka kete renditje:
- 1 dhome gjumi
- sallon dhe kuzhine
- banjo
- ballkon
- koridor
-Depo
Qmimi 350€

Per me shume informata mund te na kontaktoni ne numrin
049 124 677
+383 49 124 677",350 EUR,55,350.00,55.0,Qendra,rent,,,,,,,
random,banesa-56072,Banese me qira ne lagjen Ulpiane 2+1,"Banesë me qira në lagjen Ulpiane,te Fontana te Soliterat.Banesa eshte e mobiluar ne teresi.Lift funksional.Leshohet edhe per studenta.
Kati:8
Sipërfaqe:80 m2
Çmimi i qirasë:300
Renditja:
♦Sallon me kuzhinë ndamas
♦2Dhomë gjumi
♦Banjo
♦Ballkon
♦Korridor

Për më shumë informata mund të na beni like faqen tone ne facebook Smart Real Estate,
bit.ly/2htS4cY
,  ose mund të na kontaktoni në këtë numër telefoni
044 393 777
WhatsApp & Viber
+38344 393 777
",400 EUR,80,400.00,80.0,Ulpiana,rent,,,,,,,
random,banesa-47061,Banese me qira ne lagjen Bregu i Diellit,"Leshohet banese me qira ne Breg te Diellit, te Toni Market,Rruga Antigona Fazliu,Kati 1
Banesa ka kete renditje:
- 2 dhoma gjumi
- sallon dhe kuzhine
- banjo
- ballkon
- koridor
Qmimi 200€
bit.ly/3n3a6PU

Per me shume informata mund te na kontaktoni ne numrin
044 333 511
+383 44 333 511",200 EUR,75,200.00,75.0,Bregu i Diellit,rent,,,,,,,
random,banesa-60869,Banese me qira ne Lagje te Spitalit,"Banesë me qira në lagjen e Spitalit, banesa eshte e mobiluar ne teresi
Kati:2
Sipërfaqe: 53
Çmimi i qirasë: 250
Renditja:
♦Sallon me kuzhinë
♦Dhomë gjumi
♦Banjo
♦Ballkon
♦Korridor

Për më shumë informata mund të na beni like faqen tone ne facebook Smart Real Estate,
bit.ly/2htS4cY
, apo per me shume oferta apo banesa te lira:
www.merrmeqira.com/user/profile/smart

ose mund të na kontaktoni në këtë numër telefoni
044 393 777
WhatsApp & Viber
+383 44 393 777
",250 EUR,53,250.00,53.0,Spitali,rent,,,,,,,
random,banesa-84169,Banese me qira ne Mati 1 _2+1,"Leshohet banese me qira ne Mati 1, e mobiluar në tërësi me te gjitha paisjet funksionale, banesa ka ngrohje qendrore
Ndodhet ne katin e 2-te,
Sipërfaqe: 90m2
Çmimi: 350
Rënditja
• Sallon dhe Kuzhinë
• 2 Dhome gjumi
• Banjo
• Ballkon
• Koridor
• shpajz
Kodi: 3806
Për më shumë informata mund të na beni like faqen tone ne facebook
Smart Real Estate,
bit.ly/2htS4cY
, si dhe
www.instagram.com/realestatesmart/

apo per me shume oferta apo banesa te lira:
www.merrmeqira.com/user/profile/smart

gjirafa.",350 EUR,90,350.00,90.0,Mati,rent,,,,,,,
random,banesa-59598,Banese me qira ne lagjen Arberia,"Banesë me qira në lagjen Arberia rr.Vicianum, banesa eshte e mobiluar ne teresi
Kati:4
Sipërfaqe:60
Çmimi i qirasë:250
Renditja:
♦Sallon me kuzhinë
♦Dhomë gjumi
♦Banjo
♦Ballkon
♦Korridor

Për më shumë informata mund të na beni like faqen tone ne facebook Smart Real Estate,
bit.ly/2htS4cY
, apo per me shume oferta apo banesa te lira:
www.merrmeqira.com/user/profile/smart

ose mund të na kontaktoni në këtë numër telefoni
044 393 777
WhatsApp & Viber
+383 44 393 777
",250 EUR,60,250.00,60.0,Arbëria,rent,,,,,,,
random,banesa-91634,Lëshohët banesa me qera në lagjën  Bregu i Diellit,"Lëshohët banesa me qera në lagjën  Bregu i Diellit, Kompleksi (ILIRIA Building). Banesa është në katin e nëntë, ka sipërfaqe prej 96m², dhe përbëhet nga një sallon me kuzhinë dhe tryezari, dy dhoma gjumi, një banjo plus një wc, një ballkon, ashensor, klimatizim, sigurim fizik, kamera…Në banesë ka ngrohje qëndrore, uje dhe rrymë 24h,… Banesa është e mobiluar në tërësi.  Për më shumë ju lutemi të na kontaktoni në këtë Nr, tel ose na vizitoni në web faqën tonë.....


045 / 774 - 477
www.prishtinaes",550 EUR,96,550.00,96.0,,rent,,,,,,,
random,banesa-76713,Banese me qira ne Bregun e diellit,"Leshohet banese me qira ne lagjen Bregu i diellit, rruga Isa Kastrati, afer shkolles Iliria mrapa pompes Shell. Banesa gjendet ne katin e 4-te
Renditja:
- Sallon
- Kuzhine
- Dhome gjumi
- Banjo
- Ballkon
- Koridor
Cmimi: 250 euro

bit.ly/3n3a6PU

Per me shume informata mund te na kontaktoni ne numrin
049 124 677 WhatsApp dhe Viber +383 49 124 677
044 333 511 WhatsApp dhe Viber +383 44 333 511",250 EUR,60,250.00,60.0,Bregu i Diellit,rent,,,,,,,
random,banesa-70236,Banesë me qira në Emshir,"Lëshohet me qira banesa në Lagjen Emshir. Banesat e Prishtina Star.
Banesa është e mobiluar dhe e gatshme për banim.

Banesa ka të gjitha pajisjet e mundshme.

Sipërfaqja: 120m²
Çmimi: 490

Rënditja
• Sallon dhe Kuzhinë ndaras
• 3 Dhoma gjumi
• Banjo
• WC
• Depo
• Ballkon

Kodi: 2794

Për më shumë informata mund të na beni like faqen tone ne facebook
Smart Real Estate,
bit.ly/2htS4cY
, si dhe
www.instagram.com/realestatesmart/

apo per me shume oferta apo banesa te lira:
www.merrmeqira.com/user/",490 EUR,120,490.00,120.0,Emshir,rent,,,,,,,
random,banesa-79829,Banese me qira ne lagjen Bregu i diellit,"Leshohet banese me qira ne lagjen Bregu i diellit te banesat e bardha, gjendet ne katin e 3-te, e mobiluar e gatshme per banim.
Banesa ka kete renditje:
- Sallon
- Kuzhine
- Dhome gjumi
- Banjo
- Ballkon
- Koridor
Cmimi: 270 euro

bit.ly/3n3a6PU

Per me shume informata mund te na kontaktoni ne numrin
049 124 677 WhatsApp dhe Viber +383 49 124 677
044 333 511 WhatsApp dhe Viber +383 44 333 511",270 EUR,67,270.00,67.0,Bregu i Diellit,rent,,,,,,,
random,banesa-61057,Banese me qira ne lagje te Spitalit_3+1,"Banesë me qira në lagjen e Spitalit, banesa eshte e pamobiluar ka te montuar vetem kuzhinen
Sipërfaqe:103
Çmimi i qirasë:350
Renditja:
♦Sallon me kuzhinë
♦3 Dhomë gjumi
♦Banjo
♦Ballkon
♦Korridor

Për më shumë informata mund të na beni like faqen tone ne facebook Smart Real Estate,
bit.ly/2htS4cY
, apo per me shume oferta apo banesa te lira:
www.merrmeqira.com/user/profile/smart

ose mund të na kontaktoni në këtë numër telefoni
044 393 777
WhatsApp & Viber
+383 44 393 777
",350 EUR,103,350.00,103.0,Spitali,rent,,,,,,,
random,banesa-58590,Banese me qira afer Teatrit Dodona,"Leshohet banese me qira afer teatrit dodona
Banesa ka kete renditje:
- dhoma gjumi
- sallon dhe kuzhine
- banjo
- ballkon
- koridor
Qmimi 250€(100€ depozit)
bit.ly/3n3a6PU

Per me shume informata mund te na kontaktoni ne numrin
049 124 677
+383 49 124 677
044 333 511
+383 44 333 511",250 EUR,60,250.00,60.0,,rent,,,,,,,
random,banesa-56658,Banese me qira ne lagjen Mati 1 1+1,"Banesë me qira në lagjen Mati 1,ne rrugen Muharrem Fejza.Banesa eshte e mobiluar ne teresi.Lift funksional,po ashtu banesa ka edhe Garazh.
Kati:76 m2
Çmimi i qirasë:300
Renditja:
♦Sallon me kuzhinë
♦Dhomë gjumi
♦Banjo
♦Ballkon
♦Korridor

Për më shumë informata mund të na beni like faqen tone ne facebook Smart Real Estate,
bit.ly/2htS4cY
,  ose mund të na kontaktoni në këtë numër telefoni
044 393 777
WhatsApp & Viber
+38344 393 777
",300 EUR,76,300.00,76.0,Mati,rent,,,,,,,
random,banesa-84176,Banese me qira ne Lagje te Spitalit,"Lëshohet me qira banesa ne lagje te Spitalit afer Rruges A, e pa  mobiluar në tërësi, ,
Banesa ndodhet ne katin e 7-te
Sipërfaqe: 84m2
Çmimi: 250
Rënditja
• Sallon dhe Kuzhinë
• 2 Dhoma gjumi
• 2 Banjo
• Wc
• Ballkona
• Koridor
Kodi: 3799
Për më shumë informata mund të na beni like faqen tone ne facebook
Smart Real Estate,
bit.ly/2htS4cY
, si dhe
www.instagram.com/realestatesmart/

apo per me shume oferta apo banesa te lira:
www.merrmeqira.com/user/profile/smart

gjirafa.com/…

esa&amp;llshp=Qir",250 EUR,84,250.00,84.0,Spitali,rent,,,,,,,
random,banesa-70625,Banesë me qira te Lagjia e Spitalit,"Lëshohet me qira banesa në Lagjen e Spitalit, afër hyrjes në QKUK, rr.Holger Pedersen Hy1.

Banesa është e mobiluar në tërësi dhe shumë e përshtatshme për banim.

Banesa ka sistemin e ngrohjes me Termokos. Ndodhet në katin e 2.
Banesa është e lirë nga data 15 shkurt.
Çmimi: 250
Renditja:
• Sallon dhe Kuzhinë
• Dhomë gjumi
• Banjo
• Ballkon

Kodi: 2808

Për më shumë informata mund të na beni like faqen tone ne facebook
Smart Real Estate,
bit.ly/2htS4cY
, si dhe
www.instagram.com/realestatesmart/
",250 EUR,60,250.00,60.0,Spitali,rent,,,,,,,
random,banesa-69219,Banesë me qira te Muharrem Fejza,"Lëshohet me qira banesa në Rrugën Muharrem Fejzës, afër Super Vivës, te kompleksi TB Projekt.

Banesa është e mobiluar dhe shumë e përshtatshme për banim. Banesa ka sistemin e ngrohjes me Termokos.

Çmimi: 500

Rënditja
• Sallon dhe Kuzhinë
• 2 Dhoma
• Banjo
• Ballkon

Kodi: 2745

Për më shumë informata mund të na beni like faqen tone ne facebook
Smart Real Estate,
bit.ly/2htS4cY
, si dhe
www.instagram.com/realestatesmart/

apo per me shume oferta apo banesa te lira:
www.merrmeqira.com/user/prof",500 EUR,0,500.00,,,rent,,,,,,,
random,banesa-50209,Banese ne shitje ne lagjen Bregu i Diellit_2+1,"Banesë ne shitje në lagjen Bregu i Diellit, banesa eshte e mobiluar ne teresi,
Kati:4
Sipërfaqe:96
Çmimi I shitjes:72000
Renditja:
♦Sallon me kuzhinë
♦2 Dhomë gjumi
♦Banjo
♦Ballkon
♦Korridor
♦Shpajz

Për më shumë informata mund të na beni like faqen tone ne facebook Smart Real Estate,
bit.ly/2htS4cY
,  ose mund të na kontaktoni në këtë numër telefoni
044/393-777
WhatsApp & Viber
+383 44 393 777
","72,000 EUR",96,72000.00,96.0,Bregu i Diellit,sale,,,,,,,
random,banesa-78631,Banesë me qira në Aktash,"Ofrohet me qira banesa në Aktash, ne rrugen Abdyl Frasheri, perball salles 1 Tetori. Banesa është e mobiluar në tërësi dhe e përshtatshme për banim.
Çmimi: 300
Rënditja:
•	Sallon dhe Kuzhinë
•	2 Dhoma gjumi
•	Banjo
•	Depo
•	Ballkon
•	Koridor

Kodi: 3228

Për më shumë informata mund të na beni like faqen tone ne facebook
Smart Real Estate,
bit.ly/2htS4cY
, si dhe
www.instagram.com/realestatesmart/

apo per me shume oferta apo banesa te lira:
www.merrmeqira.com/user/profile/smart

gjirafa.com/…

e",300 EUR,1,300.00,,Aktash,rent,,,,,,,
random,banesa-56933,Banese me qira ne lagjen Dardani 1+1,"Banesë me qira në lagjen Dardania, ne rrugen Tirana,te pastiçeria Luçja përballë sheshit Bill Klinton.Banesa eshte  e mbiluar ne teresi.
Banesa eshte me Termokos.Hyrja e banesës e mirëmbajtur nga Ndërmarrja Publike Banesore
Kati:3
Sipërfaqe:55
Çmimi i qirasë:300
Renditja:
♦Sallon me kuzhinë
♦Dhomë gjumi
♦Banjo
♦Ballkon
♦Korridor
Për më shumë informata mund të na beni like faqen tone ne facebook Smart Real Estate,
bit.ly/2htS4cY
,  ose mund të na kontaktoni në këtë numër telefoni
044 393 777
What",300 EUR,55,300.00,55.0,Dardania,rent,,,,,,,
random,banesa-81139,Banesë me qira te rruga C,"Lëshohet me qira banesa te Rruga C, Lagjia Kodrina. Banesa është e re, e pamobiluar.
Banesa ka hapësirë parkimi dhe bodrum.
Sipërfaqe: 90m²
Çmimi: 400
Rënditja
• Sallon dhe Kuzhinë
• 2 Dhoma gjumi
• 2 Banjo
• Koridor
• Depo
• 2 Ballkona
Kodi: 3567
Për më shumë informata mund të na beni like faqen tone ne facebook
Smart Real Estate,
bit.ly/2htS4cY
, si dhe
www.instagram.com/realestatesmart/

apo per me shume oferta apo banesa te lira:
www.merrmeqira.com/user/profile/smart

gjirafa.com/…

esa&amp;",400 EUR,90,400.00,90.0,Lakrishte,rent,,,,,,,
random,banesa-51935,Banese me qira ne Rrugen B,"Leshohet banese me qira te rruga B perkatesisht mbrapa Hebs
Banesa ka kete renditje:
- 2 dhoma gjumi
- sallon dhe kuzhine
- banjo
- ballkon
- koridor
Qmimi 350€
bit.ly/3n3a6PU


Per me shume informata mund te na kontaktoni ne numrin
044 333 511
+383 44 333 511
",350 EUR,90,350.00,90.0,Lakrishte,rent,,,,,,,
random,banesa-8450,Banes moderne me qira ne Emshir,"Leshoj banes me qira ne Emshir, afer Stacionit te Autobusave banesa eshte e  mobiluar me mobile moderne, gjendet ne katin 3-te, 80m2
Banesa posedon:
- dy dhoma gjumi
- sallon dhe kuzhine
- banjo
- ballkon
- koridor
Qmimi 300 euro

Per me shume informata ju lutem na kontaktoni ne numrin:
045 190 019
WhatsApp & Viber:
+383 45 190 019",300 EUR,80,300.00,80.0,,rent,,,,,,,
random,banesa-78576,Banese me qira ne lagjen Tasligje,"Leshohet banese me qira ne lagjen Tasligje, gjendet ne rrugen Zenel Salihu afer shkolles Elena Gjika.
Kati i 2-te
Siperfaqe: 65m2
Banesa ka kete renditje:
- Sallon
- Kuzhine
- Dhome gjumi
- Banjo
- Ballkon
- Koridor
Cmimi: 300 euro

bit.ly/3n3a6PU

Per me shume informata mund te na kontaktoni ne numrin
049 124 677 WhatsApp dhe Viber +383 49 124 677
044 333 511 WhatsApp dhe Viber +383 44 333 511
",300 EUR,65,300.00,65.0,Taslixhe,rent,,,,,,,
random,banesa-70025,Banesë me qira te Muharrem Fejza,"Lëshohet me qira banesa te rruga Muharrem Fejza, afër dyner Buki. Banesa është e mobiluar në tërësi dhe e përshtatshme për banim.

Banesa ndodhet në katin e 5 posedon ashensor. Sistemin e ngrohjes e ka me termokos.

Çmimi: 270

Rënditja
• Sallon dhe Kuzhinë
• Dhomë gjumi
• Banjo
• Ballkon

Kodi: 2789

Për më shumë informata mund të na beni like faqen tone ne facebook
Smart Real Estate,
bit.ly/2htS4cY
, si dhe
www.instagram.com/realestatesmart/

apo per me shume oferta apo banesa te lira:
www.mer",270 EUR,50,270.00,50.0,,rent,,,,,,,
random,banesa-77150,Banesë me qira në Ulpianë,"Lëshohet me qira banesa në Ulpianë, afër Kishës katolike. Banesa është e mobiluar në tërësi dhe e përshtatshme për banim.
Sipërfaqja:38m²
Çmimi: 210
Banesa ka këtë renditje:
•	Sallon dhe Kuzhinë
•	Dhomë gjumi
•	Banjo
•	Depo
•	Koridor

Kodi: 3115

Për më shumë informata mund të na beni like faqen tone ne facebook
Smart Real Estate,
bit.ly/2htS4cY
, si dhe
www.instagram.com/realestatesmart/

apo per me shume oferta apo banesa te lira:
www.merrmeqira.com/user/profile/smart

gjirafa.com/…

esa&amp;l",210 EUR,38,210.00,38.0,Ulpiana,rent,,,,,,,
random,banesa-62771,Banese me qira ne Lagje te Muhaxhereve_2+1,"Banesë me qira në lagjen e Muhaxhereve, banesa eshte super e mobiluar
Sipërfaqe:100
Çmimi i qirasë:400
Renditja:
♦Sallon me kuzhinë
♦2 Dhomë gjumi
♦2 Banjo
♦Ballkon
♦Korridor

Për më shumë informata mund të na beni like faqen tone ne facebook Smart Real Estate,
bit.ly/2htS4cY
, apo per me shume oferta apo banesa te lira:
www.merrmeqira.com/user/profile/smart

ose mund të na kontaktoni në këtë numër telefoni
044 393 777
WhatsApp & Viber
+38344 393 777
",400 EUR,100,400.00,100.0,Muhaxhere,rent,,,,,,,
random,banesa-78362,Banese me qira ne Lagje te Muhaxherve,"Leshohet banesa me qera ne Rr.Bedri Shala, Lagjja e Muhaxhereve kati 7 - ndertesa mbi agjensionin Visa Metric
Banesa eshte e mobiluar dhe ka renditjen si meposhte:
Salloni bashke me kuzhine
Dhoma e fjetjes
Korridori
Banjo
Ballkon
Banesa ka 2 lifte funksionale
Cmimi: 330 euro

bit.ly/3n3a6PU

Per me shume informata mund te na kontaktoni ne numrin
049 124 677 WhatsApp dhe Viber +383 49 124 677
044 333 511 WhatsApp dhe Viber +383 44 333 511",330 EUR,63,330.00,63.0,Muhaxhere,rent,,,,,,,
random,banesa-60641,Banese me qira ne lagjen Ulpiana,"Banesë me qira në lagjen Ulpiana, banesa eshte e mobiluar ne teresi
Çmimi i qirasë:170
Renditja:
♦Sallon me kuzhinë
♦Banjo
♦Ballkon
♦Korridor

Për më shumë informata mund të na beni like faqen tone ne facebook Smart Real Estate,
bit.ly/2htS4cY
, apo per me shume oferta apo banesa te lira:
www.merrmeqira.com/user/profile/smart

ose mund të na kontaktoni në këtë numër telefoni
044 393 777
WhatsApp & Viber
+383 44 393 777
",170 EUR,40,170.00,40.0,Ulpiana,rent,,,,,,,
random,banesa-91715,Banes me qera Rruga C,"Banes me qera ne Rrugen C
Banesa posedon 100m²/kati 4 dhe ka ngrohje qendrore me Termokos
Qëndrimi ditor | Kuzhina | 2 Dhoma gjumi | 2 Banjo | Ballkon | Depo

Çmimi: 500 €

Nr. Tel: 044 577 677
www.geo-rks.com
1508
",500 EUR,100,500.00,100.0,,rent,,,,,,,
random,banesa-47067,Banese me Qira ne Pejton,"Leshohet banese me qira ne Pejton,Te meridiani,kati 1
Banesa ka kete renditje:
- 2 dhoma gjumi
- sallon dhe kuzhine
- banjo
- ballkon
- koridor
Qmimi 400€
bit.ly/3n3a6PU


Per me shume informata mund te na kontaktoni ne numrin
044 333 511
+383 44 333 511

",400 EUR,80,400.00,80.0,Pejton,rent,,,,,,,
random,banesa-43674,Banese ne shitje ne Lagje te Spitalit,"Banesë ne shitje në Lagje te Spitalit, banesa eshte e mobiluar ne teresi, ka ngrohje qendrore me Termokos, ka ndriqim te mjaftueshem natyral
Kati:7-te
Sipërfaqe:70m2
Çmimi I shitjes:71000€
Renditja:
♦Sallon me kuzhinë
♦Dhomë gjumi
♦Banjo
♦Ballkon
♦Korridor

Për më shumë informata mund të na beni like faqen tone ne facebook Smart Real Estate,
bit.ly/2htS4cY
,  ose mund të na kontaktoni në këtë numër telefoni
044/393-777
WhatsApp & Viber
+383 44 393 777","71,000 EUR",70,71000.00,70.0,Spitali,sale,,,,,,,
random,banesa-73705,Shitet banesa ne Rrugen B,"Banesa ne shitje te ANNA RESIDENCE
Kryqëzimi rruges B dhe rruges A dhe ka pamje nga rruga kryesore , banesa e gatshme per banim
Sipërfaqja e baneses 95.17m2 , kati i 6-te, Nxemja nën dysheme.
Renditja :
-  Qëndrimi ditor (salloni) kuzhinë ,
- 2 dhoma gjumit
- Banjo ,
- shpajz (depo) ,
- wc ndamas
- ballkon
Cmimi:  1300 euro m2

bit.ly/3n3a6PU

Per me shume informata mund te na kontaktoni ne numrin
049 124 677 WhatsApp dhe Viber +383 49 124 677
044 333 511 WhatsApp dhe Viber +383 44 333 511","1,300 EUR",95,1300.00,95.0,Lakrishte,sale,,,,,,,
random,banesa-55658,Banese me qira ne lagjen Arberia 1+1,"Banesë me qira në lagjen Arberia, ne rrugen Vicianum, afer Meridian Market dhe Albi market.Banesa eshte e mobiluar ne teresi me kushte te mira banimi.Lift funksional ,banesa eshte vendos termokosi mirembajtja nga NPB shume pak e banuar
Kati:2 lift funksional
Sipërfaqe:55m2
Çmimi i qirasë:280 plus depozita
Renditja:
♦Sallon me kuzhinë
♦Dhomë gjumi
♦Banjo
♦Ballkon
♦Korridor
Banesa preferohet per 1 person apo qift

Për më shumë informata mund të na beni like faqen tone ne facebook Smart Real Estate",280 EUR,55,280.00,55.0,Arbëria,rent,,,,,,,
random,banesa-91729,Banesë me qira në Qendër,"Banesë me qira në Qendër

Çmimi: 300€

Së bashku me qira duhet të paguhen dhe 30€ për mirëmbajtje, mbeturina dhe lift.

Afër xhamisë së 4 Llullave, kati 3 me lift, me 65m², me klimë, me kushte shumë të mira banimi, është e mobiluar në tërësi, si dhe ka këtë renditje:

Dhomë e ditës
Kuzhinë me tryezari
Dhomë gjumi,
Banjo, dhe
Ballkon.

Për më shumë informata mund të na kontaktoni:
📞044 449 403",300 EUR,60,300.00,60.0,Qendra,rent,,,,,,,
random,banesa-74050,Banesë në shitje në Lakrishtë,"SHITET banesa në lagjen Lakrishtë, te banesat e ‘Shqipërisë’. Banesa është e mobiluar dhe shumë e përshtatshme për banim.

Banesa e ka sistemin e ngrohjes e ka me Termokos.
Ndodhet në katin e 2.

Çmimi: 1300m²

Renditja:
•	Sallon dhe Kuzhinë
•	3 Dhoma gjumi
•	2 Banjo
•	Depo
•	2 Ballkone

Kodi: 3006

Për më shumë informata mund të na beni like faqen tone ne facebook
Smart Real Estate,
bit.ly/2htS4cY
, si dhe
www.instagram.com/realestatesmart/

apo per me shume oferta apo banesa te lira:
www.merrm","1,300 EUR",0,1300.00,1300.0,,sale,,,,,,,
random,banesa-50142,Banese ne shitje ne lagjen Mati 1,"Banesë ne shitje në lagjen Mati 1, rr.Muharrem Fejza, banesa eshte e mobiluar ne teresi,
Kati:1
Sipërfaqe:76
Çmimi I shitjes:71000
Renditja:
♦Sallon me kuzhinë
♦2 Dhomë gjumi
♦Banjo
♦Ballkon
♦Korridor
♦Shpajz
♦wc

Për më shumë informata mund të na beni like faqen tone ne facebook Smart Real Estate,
bit.ly/2htS4cY
,  ose mund të na kontaktoni në këtë numër telefoni
044/393-777
WhatsApp & Viber
+383 44 393 777
","71,000 EUR",76,71000.00,76.0,Mati,sale,,,,,,,
random,banesa-52143,Banes ne shitje ne lagjen Emshir 1+1,"Ofrohet PËR #Shitje- Banesë e këndshme në Lagjen Emshir në Prishtinë
67.7m²│Dhomë gjumi│Banjo dhe WC│Sallon me kuzhine dhe shpajz | Kati 1-t
▬
Banesa ndodhet në katin e 1-të, në kuadër të kompleksit ""Fitorja në lagjen Emshir shumë pranë ""Roof Bistro"", rruga Ali Vitia /Sylejman Vuqiterna,pamje të hapur, organizim të mirë, e mobiluar lezetshem ,e përshtashem për persona qe deshirojne me leshu me qera pasiqe veq eshte e banuar me qeraxhi.
Banesa posedon fleteposeduese, perkthimi mbrenda dites si dh",850 EUR,67,850.00,67.0,Emshir,sale,,,,,,,
random,banesa-81374,Banesë me qira te 4 Llullat,"Lëshohet me qira banesa te 4 Llullat. Banesa është e mobiluar e gatshme dhe shumë e përshtatshme për banim.
Ndodhet në katin e parë. Lirohet nga data 2 shkurt.
Sipërfaqe:105m²
Çmimi: 400
Banesa ka këtë renditje:
• Sallon dhe kuzhinë
• 3 Dhoma gjumi
• Banjo
• Ballkon
• Koridor
Kodi: 3607
Për më shumë informata mund të na beni like faqen tone ne facebook
Smart Real Estate,
bit.ly/2htS4cY
, si dhe
www.instagram.com/realestatesmart/

apo per me shume oferta apo banesa te lira:
www.merrmeqira.com/use",400 EUR,105,400.00,105.0,Llullat,rent,,,,,,,
random,banesa-59838,Banese me qira ne lagjen Dodona,"Leshohet banese kate shtepie me qira ne Lagje Dodona
Banesa eshte afer Teatrit Dodona
Banesa ka kete renditje:
- 1 dhoma gjumi
- Sallon
- Kuzhine
- Banjo
- Vc
- Ballkon
- Koridor
Qmimi 250€

bit.ly/3n3a6PU

Per me shume informata mund te na kontaktoni ne numrin
049 124 677
+383 44 333 511
044 333 511
+383 49 124 677",250 EUR,65,250.00,65.0,Dodona,rent,,,,,,,
random,banesa-63275,Banese me qira te Sllovenia Sporti_3+1,"Banesë me qira në lagjen Sllovenia Sporti, banesa eshte e mobiluar ne teresi
Kati:2
Sipërfaqe:100
Çmimi i qirasë:500
Renditja:
♦Sallon me kuzhinë
♦3 Dhomë gjumi
♦2 Banjo
♦2 Ballkona
♦Korridor

Për më shumë informata mund të na beni like faqen tone ne facebook Smart Real Estate,
bit.ly/2htS4cY
, apo per me shume oferta apo banesa te lira:
www.merrmeqira.com/user/profile/smart

ose mund të na kontaktoni në këtë numër telefoni
044 393 777
WhatsApp & Viber
+383 44 393 777
",500 EUR,100,500.00,100.0,Sllovenia Sport,rent,,,,,,,
random,banesa-91783,Banesë me qira në Lagjen e Spitalit📍,"Banesë me qira në Lagjen e Spitalit📍

▪️Çmimi: 300€💶

▪️Në rrugën ""Muharrem Fejza"", te Frizer Toni, me 62m², kati 7 me lift, me kushte shumë të mira banimi është e mobiluar në tërësi si dhe ka këtë renditje:

▪️Dhomë e dites me kuzhinë,
▪️Dhomë gjumi,
▪️Banjo, dhe
▪️Ballkon.

Për më shumë informata mund të na kontaktoni:
📞043 835 299",300 EUR,62,300.00,62.0,Spitali,rent,,,,,,,
random,banesa-61381,Banese me qira ne lagjen e Muhaxhereve,"Leshohet banese me qira ne Lagjen e muhaxherve , afer kulles se zotnis Kompleksi Besa comerc
Banesa eshte 65m2 kati 3 me ashensor
Banesa ka kete renditje:
- 1 dhoma gjumi
- Sallon
- Kuzhine
- Banjo
- Ballkon
- Koridor
Qmimi 300€

bit.ly/3n3a6PU

Per me shume informata mund te na kontaktoni ne numrin
049 124 677
+383 49 124 677
044 333 511
+383 44 333 511",300 EUR,65,300.00,65.0,Muhaxhere,rent,,,,,,,
random,banesa-59837,SHITET BANESA NE  AKTASH!,"SHITET  BANESA NE AKTASH PERBALL SALLES 1 TETORI!
Lagjia ""AKTASH""
98m2 kati 4
Banesa eshte me parakontrat te Noteri
Banesa eshte komplet e mobiluar
Banesa ka kete renditje:
- 2 dhoma gjumi
- sallon dhe kuzhine
- banjo
- WC
- ballkon
- koridor
- Depo
Qmimi 980 euro m2!
bit.ly/3n3a6PU


Per me shume informata mund te na kontaktoni ne numrin
049 124 677
+383 49 124 677

",980 EUR,98,980.00,98.0,,sale,,,,,,,
random,banesa-73010,Banesë me qira në Emshir,"Lëshohet me qira banesa në Emshir, te kompleksi Dardha. E mobiluar në tërësi dhe shumë e përshtatshme për banim.

Banesa ndodhet në katin e 3 dhe posedon ashensor, sistemin e ngrohjes e ka me Termokos.
Banesa është e lirë nga data 1 prill.
Sipërfaqe: 68m²
Çmimi: 350
Renditja:
•	Sallon dhe Kuzhinë
•	2 Dhoma gjumi
•	Banjo
•	Ballkon

Kodi: 2900

Për më shumë informata mund të na beni like faqen tone ne facebook
Smart Real Estate,
bit.ly/2htS4cY
, si dhe
www.instagram.com/realestatesmart/

apo per m",350 EUR,68,350.00,68.0,Emshir,rent,,,,,,,
random,banesa-60509,Banesa me qira te Qafa,"Banesë me qira te Qafa, banesa eshte e mobiluar ne teresi
Kati:3
Sipërfaqe:65
Çmimi i qirasë:
Renditja:
♦Sallon me kuzhinë
♦Dhomë gjumi
♦Banjo
♦Ballkon
♦Korridor

Për më shumë informata mund të na beni like faqen tone ne facebook Smart Real Estate,
bit.ly/2htS4cY
, apo per me shume oferta apo banesa te lira:
www.merrmeqira.com/user/profile/smart

ose mund të na kontaktoni në këtë numër telefoni
044 393 777
WhatsApp & Viber
+38344 393 777
",350 EUR,65,350.00,65.0,Qafa,rent,,,,,,,
random,banesa-82589,Shitet banesa në Ulpianë,"SHITET banesa në Ulpianë, Rr. Egnatia. Banesa është e mobiluar në tërësi, e gatshme dhe shumë e përshtatshem për banim.
Ka të gjitha pajisjet e nevojshme funksionale. Sistemin e ngrohjes e ka me Termokos. Ndodhet në katin e parë, ka hapësirë parkimi.
Gjithashtu ka fletëposeduese.
Sipërfaqe: 66.80m²
Çmimi: 2200m² (e mobiluar)
Renditja
• Sallon dhe Kuzhinë
• Dhomë gjumi
• Banjo
• 2 Ballkona
• Koridor
Kodi: 3705
Për më shumë informata mund të na beni like faqen tone ne facebook
Smart Real Estate,
b",1 EUR,66,1.00,66.0,Ulpiana,sale,,,,,,,
random,banesa-53794,Banese me qira ne lagjen Arberia 2+1,"Banesë me qira në lagjen Arberia,super eksluzive afer Minimax rruga Ferid Curri afer Ambasades Amerikane , ndertim i Pushkolli Group afer do te vije rruga kryesore.
Kati:3
Sipërfaqe:94 m2
Çmimi i qirasë:400 plus depozita
Renditja:
♦Sallon me kuzhinë
♦2Dhomë gjumi
♦Banjo dhe wc
♦Ballkon
♦Korridor.
Për më shumë informata mund të na beni like faqen tone ne facebook Smart Real Estate,
bit.ly/2htS4cY
, ose mund të na kontaktoni në këtë numër telefoni
044 393 777
WhatsApp & Viber
+38344 393 777",400 EUR,94,400.00,94.0,Arbëria,rent,,,,,,,
random,banesa-59203,Banese me qira ne lagjen Ulpiana,"Leshohet banese me qira ne Ulpiane
Banesa ka kete renditje:
- dhoma gjumi
- sallon dhe kuzhine ndamas
- banjo
- ballkon
- koridor
Qmimi 400€
bit.ly/3n3a6PU

Per me shume informata mund te na kontaktoni ne numrin
049 124 677
+383 49 124 677
044 333 511
+383 44 333 511",400 EUR,65,400.00,65.0,Ulpiana,rent,,,,,,,
random,banesa-91726,Banesë me qira në Lagjen e Spitalit 📍,"Banesë me qira në Lagjen e Spitalit 📍

▪️Çmimi: 500€💶

▪️Në rrugën ""Muharrem Fejza"", me 120m2, kati me lift, me sistem të ngrohjes qendrore me termokos, me kushte shumë të mira banimi është e mobiluar në tërësi, si dhe ka këtë renditje:

▪️Dhomë e ditës me kuzhinë,
▪️3 Dhoma të gjumit,
▪️Banjo,
▪️Wc, dhe
▪️Ballkon.

Për më shumë informata mund të na kontaktoni:
📞044 449 403",500 EUR,120,500.00,120.0,Spitali,rent,,,,,,,
random,banesa-41620,Banese ne shitje ne Rrugen C,"Banesë ne shitje në Rrugen C ( kompleksi HIG CENTER ). Banesa eshte ne ndertim e siper perfundon ne vitin 2021.
Kati: 7-te
Sipërfaqe:87m2
Çmimi I shitjes: 1100 € m2
Renditja:
*Sallon me kuzhinë
*2 Dhoma gjumi
*Banjo
*Ballkon
*Korridor

Për më shumë informata mund të na beni like faqen tone ne facebook Smart Real Estate,
bit.ly/2htS4cY
,  ose mund të na kontaktoni në këtë numër telefoni
044 393 777
WhatsApp & Viber
+383 44 393 777","1,100 EUR",87,1100.00,87.0,Lakrishte,sale,,,,,,,
random,banesa-68994,Banesë me qira në Arbëri,"Lëshohet me qira banesa në Arbëri. Banesa është e mobiluar dhe shumë e përshtatshme për banim.

Banesa ndodhet në katin e 5 dhe posedon ashensor.

Banesa ka sistemin e ngrohjes me Termokos.

Çmimi: 300

Rënditja
• Sallon dhe Kuzhinë
• Dhomë gjumi
• Banjo
• Ballkon

Kodi: 2735

Për më shumë informata mund të na beni like faqen tone ne facebook
Smart Real Estate,
bit.ly/2htS4cY
, si dhe
www.instagram.com/realestatesmart/

apo per me shume oferta apo banesa te lira:
www.merrmeqira.com/user/profile/",300 EUR,0,300.00,,Arbëria,rent,,,,,,,
random,banesa-54320,Banese me qira ne lagjen e Spitalit,"Leshohet banese me qira ne Lagje te spitalit, te Super viva 2,Kati 6
Banesa ka kete renditje:
- 2 dhoma gjumi
- sallon dhe kuzhine
- banjo
- ballkon
- koridor
Qmimi 300€

bit.ly/3n3a6PU

Per me shume informata mund te na kontaktoni ne numrin
049 124 677
+383 49 124 677
044 333 511
+383 44 333 511
",300 EUR,90,300.00,90.0,Spitali,rent,,,,,,,
random,banesa-91761,Banes me qera Qender,"Banes me qera ne Qender
Banesa ndodhet afer parkut te qytetit, Rr.Isa Kastrati–Albing Rezidencë
Banesa posedon 35m² (garsoniere)/kati 1
Qëndrimi ditor | Kuzhina | Banjo

Çmimi: 300 €

Nr. Tel: 044 577 677
www.geo-rks.com
1523
",300 EUR,35,300.00,35.0,,rent,,,,,,,
random,banesa-30234,Leshohet banese me qira ne lagjen Bregu i diellit,"Leshohet banese me qira ne lagjen Bregu i diellit, eshte komplet e mobiluar, gjendet ne katin e 6-te, nxemje me termokos, 65m2.

Renditja:
Sallon me kuzhine / Dhome  gjumi / 2 Ballkona / 2 Shpajza / Banjo / Ballkon / Korridor
Qmimi: 300 €

Per me shume informata rreth kesaj banese mund te na shkruani linkun me id ose nje screenshot te shpalljes, apo nje kerkese tuajen per banesa tjera, ne kete numer telefoni:
044 393 777
WhatsApp & Viber
+383 44 393 777",300 EUR,65,300.00,65.0,Bregu i Diellit,rent,,,,,,,
random,banesa-53899,Banese me qira ne lagjen Arberia 2+1,"Banesë me qira në lagjen Arberia,super eksluzive afer Minimax rruga Ferid Curri afer Ambasades Amerikane , ndertim i Pushkolli Group afer do te vije rruga kryesore.e pabanuar me pare .
Kati:3
Sipërfaqe:95 m2
Çmimi i qirasë:me.marrveshje
Renditja:
♦Sallon me kuzhinë
♦2Dhomë gjumi
♦Banjo dhe wc
♦Ballkon
♦Korridor.
Posedon Garazh
Për më shumë informata mund të na beni like faqen tone ne facebook Smart Real Estate,
bit.ly/2htS4cY
, ose mund të na kontaktoni në këtë numër telefoni
044 393 777
WhatsAp",350 EUR,95,350.00,95.0,Arbëria,rent,,,,,,,
random,banesa-89811,Banese me qira ne lagjen Bregu i Diellit,"Leshohet banese me qira ne lagjen Bregu i Diellit, eshte e mobiluar
Kati I pare
Banesa ka kete renditje:
•	Sallon
•	Kuzhine
•	2 Dhome gjumi
•	Banjo
•	Ballkon
•	Koridor
Cmimi: 250 euro
Kodi:4034
Smart Real Estate,
bit.ly/2htS4cY
, si dhe
www.instagram.com/realestatesmart/

apo per me shume oferta apo banesa te lira:
www.merrmeqira.com/user/profile/smart

gjirafa.com/…

esa&amp;llshp=Qira
ose mund të na kontaktoni në këtë numër telefoni
044 393 777
WhatsApp & Viber +383 44 393 777
",250 EUR,70,250.00,70.0,Bregu i Diellit,rent,,,,,,,
random,banesa-81029,Banesë me qira në Arbëri,"Lëshohet me qira banesa gasoniere në lagjen Arbëria. Banes është e gatshme dhe e përshtatshme për banim.
Banesa ka të gjitha pajisjet e nevojshme funksionale.
Çmimi: 200
Rënditja
• Sallon
• Kuzhinë
• Banjo
• Koridor
Kodi: 3559
Për më shumë informata mund të na beni like faqen tone ne facebook
Smart Real Estate,
bit.ly/2htS4cY
, si dhe
www.instagram.com/realestatesmart/

apo per me shume oferta apo banesa te lira:
www.merrmeqira.com/user/profile/smart

gjirafa.com/…

esa&amp;llshp=Qira
ose mund t",200 EUR,1,200.00,,Arbëria,rent,,,,,,,
random,banesa-81622,Banesë me qira te Bregu i Diellit,"Lëshohet me qira banesa te Bregu i Diellit, te Royal Mall. E re, e mobiluar në tërësi, në mënyrë moderne. E gatshme dhe shumë e përshtatshme për banim.
Ka të gjitha pajisjet e nevojshme funksionale, Ndodhet në katin e dytë.
Sipërfaqe: 52m²
Çmimi: 600
Renditja:
• Sallon dhe Kuzhinë
• Dhomë Gjumi
• Banjo
• Ballkon
• Koridor
Kodi: 3625
Për më shumë informata mund të na beni like faqen tone ne facebook
Smart Real Estate,
bit.ly/2htS4cY
, si dhe
www.instagram.com/realestatesmart/

apo per me shume of",600 EUR,55,600.00,55.0,Bregu i Diellit,rent,,,,,,,
random,banesa-77234,Banesë me qira te Mati 1,"Lëshohet me qira banesa te Mati-1, rruga Shaqir Igrishta. Banesa është e mobiluar në tërësi, në mënyrë moderne dhe shumë e përshtatshme për familjarë.
Banesa është e re, ka të gjitha pajsisjet e nevojshme.
Sipërfaqja: 86.16m²
Çmimi:500
Banesa ka këtë renditje:
•	Sallon dhe Kuzhinë
•	2 Dhoma gjumi
•	Banjo
•	WC
•	Dy ballkone
•	Koridor

Kodi: 3118

Për më shumë informata mund të na beni like faqen tone ne facebook
Smart Real Estate,
bit.ly/2htS4cY
, si dhe
www.instagram.com/realestatesmart/

apo pe",500 EUR,86,500.00,86.0,Mati,rent,,,,,,,
random,banesa-8554,Banes komode me qira ne Breg te Diellit- Fakulteti Teknik,"Leshoj banes me qira ne Breg te Diellit te Fakulteti Teknik, eshte e mobiluar ne teresi, kati i 2-te, 65m2
Banesa posedon:
- dhome gjumi
- sallon dhe kuzhine
- banjo
- ballkon
- koridor
Qmimi 300 euro

Per me shume informata ju lutem na kontaktoni ne numrin
WhatsApp & Viber:
045 190 019",300 EUR,65,300.00,65.0,,rent,,,,,,,
random,banesa-55491,Banese me qira ne lagjen Parku i Qytetit +1,"Banesë me qira në lagjen Parku i Qytetit,banesa gjendet te busti Isa Kastrati.Banesa eshte e mobiluar ne teresi.Banesa eshte e lire prej Korriku.
Kati:2
Sipërfaqe:80 m2
Çmimi i qirasë:300
Renditja:
♦Sallon me kuzhinë
♦2Dhomë gjumi
♦Banjo
♦Ballkon
♦Korridor

Për më shumë informata mund të na beni like faqen tone ne facebook Smart Real Estate,
bit.ly/2htS4cY
,  ose mund të na kontaktoni në këtë numër telefoni
044 393 777
WhatsApp & Viber
+38344 393 777
",300 EUR,80,300.00,80.0,Parku i Qytetit,rent,,,,,,,
random,banesa-84090,Banese me qira ne lagjen Arberia,"Leshohet banese me qira ne lagjen Arberia e mobiluar në tërësi me te gjitha paisjet funksionale modern, banesa ka ngrohje qendrore me Termokos
Banesa ndodhet ne katin e 4-te
Sipërfaqe: 60m2
Çmimi: 300 plus depozita
Rënditja
• Sallon dhe Kuzhinë
• Dhome gjumi
• Banjo
• Ballkon
• Koridor
Banesa leshohet per qift apo Vella Moter
Kodi: 3824
Për më shumë informata mund të na beni like faqen tone ne facebook
Smart Real Estate,
bit.ly/2htS4cY
, si dhe
www.instagram.com/realestatesmart/

apo per me shum",300 EUR,60,300.00,60.0,Arbëria,rent,,,,,,,
random,banesa-78221,Banesë me qira në Lagjen e Muhaxherëve,"Lëshohet me qira banesa ne Lagjen e Muhaxhereve, perball Kolegjit Fama, afer Ambasades së Zvicres. Banesa është e mobiluar në tërësi dhe shumë e përshtatshme për banim.
Ndodhet në katin e 6, ka ashensor funksional. Banesa ka sistemin e ngrohjes me Termokos.
Çmimi: 450
Banesa ka këtë renditje:
• Sallon dhe Kuzhinë
• Dhomë gjumi
• Banjo
• Ballkon
• Koridor
Kodi: 3298
Për më shumë informata mund të na beni like faqen tone ne facebook
Smart Real Estate,
bit.ly/2htS4cY
, si dhe
www.instagram.com/real",450 EUR,1,450.00,,Muhaxhere,rent,,,,,,,
random,banesa-89810,Banese me qira ne lagjen Ulpiana,"Leshohet banese me qira në Ulpianë, banesa gjendet në rrugën kryesore “Dëshmorët e Kombit”,eshte e mobiluar
Siperfaqe:75m2
Kati 4
Banesa ka kete renditje:
• 2 dhoma gjumi
• 1 banjo
• sallon dhe kuzhine
• Ballkon
• Depo
Cmimi: 500euro
Kodi:4033
Smart Real Estate,
bit.ly/2htS4cY
, si dhe
www.instagram.com/realestatesmart/

apo per me shume oferta apo banesa te lira:
www.merrmeqira.com/user/profile/smart

gjirafa.com/…

esa&amp;llshp=Qira
ose mund të na kontaktoni në këtë numër telefoni
044 393 777",500 EUR,75,500.00,75.0,Ulpiana,rent,,,,,,,
random,banesa-77031,Banesë me qira në Lagjen e Muhaxherëve,"Lëshohet me qira banesa në Lagjen e Muhaxherëve, te permendorja e Isa Kastratit dhe parku i qytetit. E mobiluar dhe e përshtatshme pë banim.
Banesa ndodhet në katin e 5.
Sipërfaqe: 69m²
Çmimi: 250
Banesa ka këtë renditje:
•	Sallon dhe Kuzhinë
•	2 Dhoma gjumi
•	Banjo
•	Ballkon

Kodi: 3095

Për më shumë informata mund të na beni like faqen tone ne facebook
Smart Real Estate,
bit.ly/2htS4cY
, si dhe
www.instagram.com/realestatesmart/

apo per me shume oferta apo banesa te lira:
www.merrmeqira.com/u",250 EUR,1,250.00,69.0,Muhaxhere,rent,,,,,,,
random,banesa-53035,Leshohet banese me qira ne Breg te Diellit,"Leshohet banese me qira ne Breg te Diellit, te Standardi,Kati 1

Banesa ka kete renditje:
- 2 dhoma gjumi
- sallon dhe kuzhine
- banjo
- ballkon
- koridor

Qmimi 280€
bit.ly/3n3a6PU

Per me shume informata mund te na kontaktoni ne numrin

049 124 677
+383 49 124 677
044 333 511
+383 44 333 511",280 EUR,0,280.00,,Bregu i Diellit,rent,,,,,,,
random,banesa-79011,Banesë me qira te Lagjia e Spitalit,"Lëshohet me qira banesa në Lagjen e Spitalit. Banesa është e mobiluar dhe e pershtatshme për banim.
Banesa sistemin e ngrohjes e ka me Termokos.
Çmimi: 300
Rënditja
•	Sallon dhe Kuzhinë
•	2 Dhoma gjumi
•	Banjo
•	Depo
•	Koridor
•	Ballkon

Kodi: 3266

Për më shumë informata mund të na beni like faqen tone ne facebook
Smart Real Estate,
bit.ly/2htS4cY
, si dhe
www.instagram.com/realestatesmart/

apo per me shume oferta apo banesa te lira:
www.merrmeqira.com/user/profile/smart

gjirafa.com/…

esa&am",300 EUR,1,300.00,,Spitali,rent,,,,,,,
random,banesa-68996,Banesë me qira në Arbëri,"Lëshohet me qira banesa në Arbëri, afër Minimax. Banesa është e mobiluar dhe shumë e përshtatshme për banim.

Banesa ndodhet në katin e 2 dhe posedon ashensor.

Banesa ka hapësirë të mjaftueshme parkimi.

Sipërfaqja: 113m²
Çmimi: 450

Rënditja
• Sallon dhe Kuzhinë
• 3 Dhoma gjumi
• Banjo
• WC
• Ballkon

Kodi: 2736

Për më shumë informata mund të na beni like faqen tone ne facebook
Smart Real Estate,
bit.ly/2htS4cY
, si dhe
www.instagram.com/realestatesmart/

apo per me shume oferta apo banesa te",450 EUR,113,450.00,113.0,Arbëria,rent,,,,,,,
random,banesa-59301,Banese me qira ne lagjen Arberia_2+1,"Banesë me qira në lagjen Arberia, banesa eshte e mobiluar ne teresi, shume moderne. Kuzhina është funksionale dhe tejet lukzose me të gjitha pajisjet. Mobiliet siq shihen jane tejet të bukura sidomos pjesa e qendrimit ditorë e cila është e punuar me finesë.
Kati:5
Sipërfaqe:90
Çmimi i qirasë:750
Renditja:
♦Sallon me kuzhinë
♦2 Dhomë gjumi
♦Banjo
♦Ballkon
♦Korridor

Për më shumë informata mund të na beni like faqen tone ne facebook Smart Real Estate,
bit.ly/2htS4cY
, apo per me shume oferta apo b",750 EUR,90,750.00,90.0,Arbëria,rent,,,,,,,
random,banesa-59956,Banese me qira ne lagjen Arberia 1+1,"Banesë me qira në lagjen Arberia,banesa eshte afer Minimax-it.Bnesa eshte e mobiluar ne teresi dhe e gateshme per banim me dt.24.03.23.banesa ka ngrohjjen me rryme.
Kati:1
Sipërfaqe:57 m2
Çmimi i qirasë:300
Renditja:
♦Sallon me kuzhinë
♦Dhomë gjumi
♦Banjo
♦Ballkon
♦Korridor

Për më shumë informata mund të na beni like faqen tone ne facebook Smart Real Estate,
bit.ly/2htS4cY
, apo per me shume oferta apo banesa te lira:
www.merrmeqira.com/user/profile/smart

ose mund të na kontaktoni në këtë numë",300 EUR,57,300.00,57.0,Arbëria,rent,,,,,,,
random,banesa-60351,Banese me qira ne Aktash,"Leshohet banese me qira ne Aktash ,Kati 1 Kompleksi Pika
Banesa ka kete renditje:
- 2 dhoma gjumi
- Sallon
- Kuzhine
- Banjo
- VC
- Ballkon
- Korido
- Garazha
Qmimi 500€

bit.ly/3n3a6PU

Per me shume informata mund te na kontaktoni ne numrin
049 124 677
+383 49 124 677
044 333 511
+383 44 333 511",500 EUR,100,500.00,100.0,Aktash,rent,,,,,,,
random,banesa-60887,Banese me qira ne lagjen Arberia_1+1,"Banesa me qera në lagjen me te mire ne Prishtine ,ne Lagjen Arberia .
Banesa eshte e mobiluar,e re ,shume komode per banim me pamje nga Lindja
Kati: 4-te
Sipërfaqe: 65m2
Çmimi 320 plus depozita
-
Banesa gjendet në një ambient të përshtatshëm për banim ,objekti është ndërtim i kompanisë ""Tregtia"".
-
Banesa është e orientuar në lindje dhe e ekspozuar mjaft ndaj Diellit, posedon ngrohje qëndrore me rrymë si dhe parking të mjaftueshem para banesës, në afërsi të banesës ju mundë ti gjeni të gjitha ko",320 EUR,65,320.00,65.0,Arbëria,rent,,,,,,,
random,banesa-53195,Banese me qira ne lagjen Bregu i Diellit,"Leshohet banese me qira ne Breg te Diellit, perball Royall Mall.
Banesa gjindet ne katin perdhes.

Banesa ka kete renditje:

- sallon dhe kuzhine
- banjo

Qmimi 150€
bit.ly/3n3a6PU

Per me shume informata mund te na kontaktoni ne numrin

044 333 511
+383 44 333 511
049 124 677
+383 49 124 677",150 EUR,0,150.00,,Bregu i Diellit,rent,,,,,,,
random,banesa-60000,Banese me qira ne lagjen Arberia 1+1,"Banesë me qira në lagjen Arberia afer komunes se re rruga Vicianum kompleksi Tregtia,banesa eshte e mobiluar ne teresi.
Kati:2 lift funksional
Sipërfaqe:60 m2
Çmimi i qirasë:270
Renditja:
♦Sallon me kuzhinë
♦Dhomë gjumi
♦Banjo dhe Shpajz
♦Ballkon
♦Korridor

Për më shumë informata mund të na beni like faqen tone ne facebook Smart Real Estate,
bit.ly/2htS4cY
, ose mund të na kontaktoni në këtë numër telefoni
046 166 499
WhatsApp & Viber
+383 46 166 499",270 EUR,60,270.00,60.0,Arbëria,rent,,,,,,,
random,banesa-89793,Banese me qira ne lagjen Arberia,"Ofrohet me qira banesa me sipërfaqe 80m², me lokacion në Dragodan, në Rrugën ""Vicianum"", në kompleksin Tregtia, ndërtim nga Tregtia, afër Meridian.
Banesa ka orientim nga lindja dhe veriu dhe ka këtë renditje të hapësirave të brendshme:
qëndrim ditor, kuzhinë, dy dhoma gjumi, banjo  e renovuar, dhe ballkon.
Sistemin e ngrohjes e ka të mundësuar me termokos.
Ndërtesa ku ndodhet banesa është e pajisur me ashensor dhe ofron hapësirë të mjaftueshme për vendparkim.
Lagjja Dragodan është një nga zonat",400 EUR,80,400.00,80.0,Arbëria,rent,,,,,,,
random,banesa-78136,Banesë me qira në Aktash,"Lëshohet me qira banesa në Aktash, përball shkolles Naim Frasheri, afër Ambasades së Zvicrës. Banesa është super e mobiluar dhe e përshtatshme për banim.
Banesa ndodhet në katin e 4, posedon ashensor. Sistemin e ngrohjes e ka me Termokos.
Banesa ka hapësirë për parkim.
Sipërfaqe: 90m²
Çmimi: 600
Banesa ka këtë renditje:
•	Sallon dhe Kuzhinë
•	2 Dhomë gjumi(njëra me banjo)
•	2 Banjo
•	Ballkon
•	Koridor
•	Garazh

Kodi: 3288

Për më shumë informata mund të na beni like faqen tone ne facebook
Smart ",600 EUR,90,600.00,90.0,Aktash,rent,,,,,,,
random,banesa-91774,Banes me qera Te Qafa,"Banes me qera Te Qafa
Banesa ndodhet ne Rr. Lidhja e Prizrenit
Banesa posedon 80m²/kati 4
Qëndrim ditor dhe kuzhinë | 2 Dhoma gjumi | Banjo | Ballkon

Çmimi: 350€

Nr. Tel: 044  044 577 677
www.geo-rks.com
1531
",350 EUR,80,350.00,80.0,,rent,,,,,,,
random,banesa-50702,Banese me qira ne Dardani,"Leshohet banese me qira ne ne lagjen Dardania perball shkolles fillore Dardania
Banesa ka kete renditje:
- 2 dhoma gjumi
- sallon dhe kuzhine
- banjo
- ballkon
- koridor
Qmimi 300€
bit.ly/3n3a6PU

Per me shume informata mund te na kontaktoni ne numrin
044 333 511
+383 44 333 511",300 EUR,90,300.00,90.0,Dardania,rent,,,,,,,
random,banesa-52109,Banese me qira Te Parku i Qytetit,"Leshohet banese me qira ne Parkun e qytetit, te Fitnesi ""Life Style""

Banesa ka kete renditje:
- 1 dhom gjumi
- sallon dhe kuzhine
- banjo
Qmimi 280€
bit.ly/3n3a6PU


Per me shume informata mund te na kontaktoni ne numrin
044 333 511
+383 44 333 511
",280 EUR,70,280.00,70.0,Parku i Qytetit,rent,,,,,,,
random,banesa-78359,Banese me qira ne lagjen Ulpiana,"Leshohet banese me qira ne lagjen Ulpiana, rruga: Muje Krasniqi, e mobiluar komplet.
Banesa ka kete renditje:
- Sallon
- Kuzhine
- Dhome gjumi
- Banjo
- Ballkon
- Koridor
Cmimi: 320 euro

bit.ly/3n3a6PU

Per me shume informata mund te na kontaktoni ne numrin
049 124 677 WhatsApp dhe Viber +383 49 124 677
044 333 511 WhatsApp dhe Viber +383 44 333 511",320 EUR,55,320.00,55.0,Ulpiana,rent,,,,,,,
random,banesa-80390,Shitet banesa në Emshir,"🏢SHITET banesa ne lagjen Kalabria, afër UBT-së, në kompleksin EXDC. Banesa është e mobiluar në tërësi, e gatshme dhe shumë e përshtatshme për banim.
Ka të gjitha pajisjet e nevojshme funksionale. Sistemin e ngrohjes e ka me Termokos.
Banesa është në katin e 5, posedon ashensor. Ka hapësirë për parkim🚗. Objekti është në gjendje të rregullt dhe ndodhet në një loakcion të përshtatshëm dhe të sigurtë. Ka fletë poseduese.📄
Sipërfaqe: 63m²
Rënditja
• Sallon dhe Kuzhinë
• Dhomë gjumi
• Banjo
• Ballkon
",1 EUR,63,1.00,63.0,Emshir,sale,,,,,,,
random,banesa-50177,Banese ne shitje ne Rrugen C_2+1,"Banesë ne shitje në rrugen C, banesa eshte e pa mobiluar,
Kati:4
Sipërfaqe:95
Çmimi I shitjes:850
Renditja:
♦Sallon me kuzhinë
♦2 Dhomë gjumi
♦Banjo
♦Ballkon
♦Korridor
♦Wc

Për më shumë informata mund të na beni like faqen tone ne facebook Smart Real Estate,
bit.ly/2htS4cY
,  ose mund të na kontaktoni në këtë numër telefoni
044/393-777
WhatsApp & Viber
+383 44 393 777
",850 EUR,95,850.00,95.0,Lakrishte,sale,,,,,,,
random,banesa-50380,Banese me qira ne lagjen Arberia 2+1,"Banesë me qira në lagjen
Kati:
Sipërfaqe:
Çmimi i qirasë:
Renditja:
♦Sallon me kuzhinë
♦Dhomë gjumi
♦Banjo
♦Ballkon
♦Korridor

Për më shumë informata mund të na beni like faqen tone ne facebook Smart Real Estate,
bit.ly/2htS4cY
,  ose mund të na kontaktoni në këtë numër telefoni
044 393 777
WhatsApp & Viber
+383 44 393 777
",300 EUR,90,300.00,90.0,Arbëria,rent,,,,,,,
random,banesa-78361,Banese me qira ne lagjen Bregu i diellit,"Leshohet banese me qira ne lagjen bregu i diellit ne rrugen Sali Nivica. Banesa eshte e mobiluar komplet.
Banesa ka kete renditje:
- Sallon
- Kuzhine
- 2 Dhoma gjumi
- Banjo
- Ballkon
- Koridor
Cmimi: 300 euro

bit.ly/3n3a6PU

Per me shume informata mund te na kontaktoni ne numrin
049 124 677 WhatsApp dhe Viber +383 49 124 677
044 333 511 WhatsApp dhe Viber +383 44 333 511",300 EUR,75,300.00,75.0,Bregu i Diellit,rent,,,,,,,
random,banesa-77534,Gasoniere me qira ne lagjen Bregu i diellit,"Ofrohet për Qira Banesë e tipit gasonjere në Bregun i Diellit, në rrugen Enver Maloku, banesa gjendet në një vend ku ka afer shtëpin e shendetit, qerdhen, shkollen fillore dhe poashtu ka qasje shumë të shpejt tek rruga B, ndodhet në katin e parë, është e mobiluar dhe e gatshme per banim.
Posedon: Ngrohje me Termokos
Renditja: Sallon | Kuzhinë | Banjo | Koridor
Cmimi: 230€

bit.ly/3n3a6PU

Per me shume informata mund te na kontaktoni ne numrin
049 124 677 WhatsApp dhe Viber +383 49 124 677
044 33",230 EUR,50,230.00,50.0,Bregu i Diellit,rent,,,,,,,
random,banesa-78582,Garsoniere me qira ne Qender,"Leshohet banese ( garsoniere ) me qira ne Qender, e mobiluar ne katin e 1-are.
Banesa ka kete renditje:
1 dhome e pajisur me kuzhine dhe shtreter
Banjo
Korridor
Cmimi: 150 euro

bit.ly/3n3a6PU

Per me shume informata mund te na kontaktoni ne numrin
049 124 677 WhatsApp dhe Viber +383 49 124 677
044 333 511 WhatsApp dhe Viber +383 44 333 511
",150 EUR,18,150.00,18.0,Qendra,rent,,,,,,,
random,banesa-53906,Lokal me qira ne lagjen Arberia,"Lokal me qira në lagjen Arberia,ne rrugen Vicianum afer Sach Pizza.Lokali eshte me nje hapsir te madhe me mundesi ndarjeje sipas nevojes.Nje njyje sanitare dhe depo.Lokali eshte i pershtatshem per zyre.Lokali eshte eshte pa inventar.
Kati:perdhes
Sipërfaqe:115 m2
Çmimi i qirasë:me marrveshje
Renditja:
♦Sallon me kuzhinë
♦Dhomë gjumi
♦Banjo
♦Ballkon
♦Korridor
Për më shumë informata mund të na beni like faqen tone ne facebook Smart Real Estate,
bit.ly/2htS4cY
,  ose mund të na kontaktoni në këtë n",1 EUR,115,1.00,115.0,Arbëria,rent,,,,,,,
random,banesa-89808,Banese me qira ne lagjen Prishtina  e Re,"Leshohet me qira banesa ne lagjen Prishtina e re, kompleksi Capital Hill, banesa eshte gjysem e mobiluar,
Banesa ka kete renditje:
• Sallon me kuzhine
• tri dhoma gjumi
• banjo
• WC
• ballkon

Qmimi 400 euro

Kodi:4031

Smart Real Estate,
bit.ly/2htS4cY
, si dhe
www.instagram.com/realestatesmart/

apo per me shume oferta apo banesa te lira:
www.merrmeqira.com/user/profile/smart

gjirafa.com/…

esa&amp;llshp=Qira
ose mund të na kontaktoni në këtë numër telefoni
044 393 777
WhatsApp & Viber +383 4",400 EUR,90,400.00,90.0,Pristina e Re,rent,,,,,,,
random,banesa-56829,Banese me qira ne lagjen Rruga B 2+1,"Banesë me qira në lagjen ne Rrugen B,afer Royal Mall, kompleksi Dafina te Standardi.Banesa eshte e mobiluar ne teresi.Banesa ka pamje te mrekulkueshme,lift funksional.Nxemje me Termokos-Vetanake.Preferohet qift.
Kati:6
Sipërfaqe:75 m2
Çmimi i qirasë:350
Renditja:
♦Sallon me kuzhinë
♦2Dhomë gjumi
♦Banjo
♦Ballkon
♦Korridor

Për më shumë informata mund të na beni like faqen tone ne facebook Smart Real Estate,
bit.ly/2htS4cY
,  ose mund të na kontaktoni në këtë numër telefoni
044 393 777
WhatsApp & ",350 EUR,75,350.00,75.0,,rent,,,,,,,
random,banesa-56103,Banese me qira ne lagjen Ulpiane 1+1,"Banesë me qira në lagjen Ulpiane,Banesa eshte e mobiluar ne teresi dhe eshte e lire nga data 01.11.22
Kati:2
Sipërfaqe:50 m2
Çmimi i qirasë:300
Renditja:
♦Sallon me kuzhinë
♦Dhomë gjumi
♦Banjo
♦Ballkon
♦Korridor

Për më shumë informata mund të na beni like faqen tone ne facebook Smart Real Estate,
bit.ly/2htS4cY
,  ose mund të na kontaktoni në këtë numër telefoni
044 393 777
WhatsApp & Viber
+38344 393 777
",300 EUR,50,300.00,50.0,Ulpiana,rent,,,,,,,
random,banesa-8285,Banes moderne me qira ne Lagje te Spitalit,"Leshoj banes me qira ne Lagje te Spitalit, banesa eshte e mobiluar ne teresi, me mobilie moderne, gjndet ne katin e 9-te, 80m2, lift funksional,
Banesa posedon:
- dy dhoma gjumi
- sallon dhe kuzhine
- banjo
- ballkon
- koridor
Qmimi 280 euro

Per me shume informata ju lutem na kontaktoni ne numrin
WhatsApp & Viber:
045/190019",280 EUR,80,280.00,80.0,Spitali,rent,,,,,,,
random,banesa-31631,Banese  ( garsoniere) me qira ne Bregun i diellit,"Leshohet banese  ( garsoniere) me qira ne lagjen Bregu i diellit, te banesat e hinta. Banesa eshte komplet e mobiluar, gjendet ne katin e 2-te, dhe ka nje siperfaqe: 40m2.

Renditja:
1 Dhome dhe kuzhine  * Banjo
Çmimi: 180 €

Per me shume informata rreth kesaj banese mund te na shkruani linkun me id ose nje screenshot te shpalljes, apo nje kerkese tuajen per banesa tjera, ne kete numer telefoni:
045 190 019
WhatsApp & Viber
+383 45 190 019",180 EUR,40,180.00,40.0,Bregu i Diellit,rent,,,,,,,
random,banesa-79986,Banesë me qira te Lagjia e Spitalit,"Lëshohet me qira banesa në rrugën Muharrem Fejza. Banesa është e mobiluar në tërësi në mënyrë moderne dhe shumë e përshtatshme për banim.
Banesa ka të gjitha pajisjet e nevojshme. Ndodhet në katin e 2. Banesa posedon Termokos
Çmimi: 350
Rënditja
• Sallon dhe Kuzhinë
• 2 Dhoma gjumi
• Banjo
• Ballkon
• Koridor
Kodi: 3430
Për më shumë informata mund të na beni like faqen tone ne facebook
Smart Real Estate,
bit.ly/2htS4cY
, si dhe
www.instagram.com/realestatesmart/

apo per me shume oferta apo bane",350 EUR,1,350.00,,Spitali,rent,,,,,,,
random,banesa-52119,Banese me qira ne lagjen Dardania 1+1,"Banesë me qira në lagjen Dardania,afer Termokosit.Banesa eshte e mobiluar ne teresi dhe ka nxemje me Termokos.
Kati:2
Sipërfaqe:50 m2
Çmimi i qirasë:200
Renditja:
♦Sallon me kuzhinë ndaras
♦Dhomë gjumi
♦Banjo
♦Ballkon
♦Korridor

Për më shumë informata mund të na beni like faqen tone ne facebook Smart Real Estate,
bit.ly/2htS4cY
,  ose mund të na kontaktoni në këtë numër telefoni
044 393 777
WhatsApp & Viber
+38344 393 777

",200 EUR,50,200.00,50.0,Dardania,rent,,,,,,,
random,banesa-69512,Banesë me qira te Muharrem Fejza,"Lëshohet me qira banesa te Muharrem Fejza. Banesa është e mobiluar dhe e përshtatshme për banim.

Banesa është e re dhe ndodhet në katin e 6.

Çmimi: 280

Rënditja
• Sallon dhe Kuzhinë
• Dhomë gjumi
• Banjo
• Ballkon

Kodi: 2757

Për më shumë informata mund të na beni like faqen tone ne facebook
Smart Real Estate,
bit.ly/2htS4cY
, si dhe
www.instagram.com/realestatesmart/

apo per me shume oferta apo banesa te lira:
www.merrmeqira.com/user/profile/smart

gjirafa.com/…

esa&amp;llshp=Qira
ose mun",280 EUR,0,280.00,,,rent,,,,,,,
random,banesa-8552,Banes moderne me qira ne Lakrishte,"Leshoj  banes moderne me qira ne Lakrishte, kati i 11-te, lift funksional, 85m2,
Banesa posedon:
- dy dhoma gjumi
- sallon dhe kuzhine
- banjo
- ballkon
- koridor
Qmimi 320 euro

Per me shume informata ju lutem na kontaktoni ne numrin
WhatsApp & Viber:
045190019",320 EUR,85,320.00,85.0,,rent,,,,,,,
random,banesa-60637,Banese me qira ne lagjen Arberia,"Banesë me qira në lagjen Arberia, banesa eshte e mobiluar ne teresi, moderne
Sipërfaqe:60
Çmimi i qirasë:350
Renditja:
♦Sallon me kuzhinë
♦Dhomë gjumi
♦Banjo
♦Ballkon
♦Korridor

Për më shumë informata mund të na beni like faqen tone ne facebook Smart Real Estate,
bit.ly/2htS4cY
, apo per me shume oferta apo banesa te lira:
www.merrmeqira.com/user/profile/smart

ose mund të na kontaktoni në këtë numër telefoni
044 393 777
WhatsApp & Viber
+38344 393 777
",350 EUR,60,350.00,60.0,Arbëria,rent,,,,,,,
random,banesa-60762,Banese me qira ne Emshir,"Leshohet banese me qira ne Lagje te Spitalit ,Kati 3 Kompleksi Nartel te Maxi Market
Banesa ka kete renditje:
- 2 dhoma gjumi
- Sallon
- Kuzhine
- Banjo
- Vc
- Ballkon
- Koridor

Qmimi 450€

bit.ly/3n3a6PU

Per me shume informata mund te na kontaktoni ne numrin
049 124 677
+383 49 124 677
044 333 511
+383 44 333 511",450 EUR,90,450.00,90.0,Emshir,rent,,,,,,,
random,banesa-59114,Banese me qira ne Lagje te Spitalit_2+1,"Banesë me qira në lagjen e Spitalit, banes eshte e mobiluar ne teresi
Çmimi i qirasë:400
Renditja:
♦Sallon me kuzhinë
♦2 Dhomë gjumi
♦Banjo
♦Ballkon
♦Korridor

Për më shumë informata mund të na beni like faqen tone ne facebook Smart Real Estate,
bit.ly/2htS4cY
,  ose mund të na kontaktoni në këtë numër telefoni
044 393 777
WhatsApp & Viber
+383 44 393 777
",400 EUR,80,400.00,80.0,Spitali,rent,,,,,,,
random,banesa-80348,Banesë në shitje te Mati 1,"SHITET banesa te Mati-1, e përfunduar dhe e gatshme për banim.
Ndodhet në katin e 5, në një lokacion shumë të përshtatshëm.
Ka hapësirë të mjaftueshme parkimi. Objekti është i ndertuar me standarte të larta dhe kualitative.
Sipërfaqe: 114.48m²
Çmimi: 1200m²
Rënditja
• Sallon dhe Kuzhinë
• 3 Dhoma gjumi
• Banjo
• Depo
• Ballkon
• Koridor
Kodi: 3471
Për më shumë informata mund të na beni like faqen tone ne facebook
Smart Real Estate,
bit.ly/2htS4cY
, si dhe
www.instagram.com/realestatesmart/

apo ",1 EUR,114,1.00,114.0,Mati,sale,,,,,,,
random,banesa-60001,Banese me qira ne lagjen Arberia 2+1,"Banesë me qira në lagjen Arberia afer komunes se re rruga Vicianum kompleksi Tregtia,banesa eshte e mobiluar ne teresi.
Kati:2 lift funksional
Sipërfaqe:85 m2
Çmimi i qirasë:450 plus depozita
Renditja:
♦Sallon me kuzhinë
♦2Dhomë gjumi
♦Banjo
♦Ballkon
♦Korridor
Banesa leshohet per afat gjate
Për më shumë informata mund të na beni like faqen tone ne facebook Smart Real Estate,
bit.ly/2htS4cY
, ose mund të na kontaktoni në këtë numër telefoni
046 166 499
WhatsApp & Viber
+383 46 166 499
",450 EUR,86,450.00,86.0,Arbëria,rent,,,,,,,
random,banesa-83586,Super banese me qira ne lagjen Arberi_3+1,"Lëshohet me qira banesa penthouse ne Lagjen Arberia/Dragodan afer komunes se re dhe Five Star rruga Vicianum kompleksi Tregtia e mobiluar në tërësi, e gatshme dhe shumë e përshtatshme për banim. Banesa ka të gjitha pajisjet e nevojshme funksionale. Ka hapsire parkingu kati 8 lift Funksional
Sipërfaqe: 257 m2
Çmimi:
Rënditja
• Sallon i madh dhe Kuzhinë
• 3 Dhome gjumi
• 3 Banjo
• 3 Ballkona secila dhome
• Shpajz
• Koridor
Kodi: 3771
Për më shumë informata mund të na beni like faqen tone ne facebo","1,300 EUR",227,1300.00,227.0,Arbëria,rent,,,,,,,
random,banesa-73888,Banese ( zyre ) me qira ne Qender,"Leshohet banese ( zyre ) me qira ne Qender, rruga: Agim Ramdani perballe ministrise se Arsimit , e pamobiluar.
Siperfaqe: 60m2
Banesa ka kete renditje
Sallon
Kuzhine
Dhome gjumi
Banjo
Ballkon
Korridor
Kati 4-te
Cmimi :300 euro

bit.ly/3n3a6PU

Per me shume informata mund te na kontaktoni ne numrin
049 124 677 WhatsApp dhe Viber +383 49 124 677
044 333 511 WhatsApp dhe Viber +383 44 333 511",300 EUR,60,300.00,60.0,Qendra,rent,,,,,,,
random,banesa-79375,Banesë me qira në Ulpianë,"Lëshohet me qira banesa në Ulpianë. Banesa është e mobiluar në tërësi dhe është e përshtatshme për banim.
Ndodhet në katin e 4, nuk ka ashensor.
Sipërfaqe: 64m²
Çmimi: 450
Rënditja
•	Sallon dhe Kuzhinë
•	Dhomë gjumi
•	Banjo
•	Koridor
•	Depo
•	Ballkon

Kodi: 3306

Për më shumë informata mund të na beni like faqen tone ne facebook
Smart Real Estate,
bit.ly/2htS4cY
, si dhe
www.instagram.com/realestatesmart/

apo per me shume oferta apo banesa te lira:
www.merrmeqira.com/user/profile/smart

gjirafa",450 EUR,64,450.00,64.0,Ulpiana,rent,,,,,,,
random,banesa-52215,Banese me qira ne lagjen Lakrishte 1+1,"Banesë me qira në lagjen Lakrishte,kompleksi Nartel.Banesa eshte e mobiluar ne teresi.Lift Funksional.
Kati:13
Sipërfaqe:52 m2
Çmimi i qirasë:300
Renditja:
♦Sallon me kuzhinë
♦Dhomë gjumi
♦Banjo
♦Ballkon
♦Korridor

Për më shumë informata mund të na beni like faqen tone ne facebook Smart Real Estate,
bit.ly/2htS4cY
, ose mund të na kontaktoni në këtë numër telefoni
044 393 777
WhatsApp & Viber
+38344 393 777",300 EUR,52,300.00,52.0,Lakrishte,rent,,,,,,,
random,banesa-31252,Ekstra banese me qira ne lagjen Lakrishte,"Ekstra banese me qira ne lagjen Lakrishte, kompleksi "" Ramiz Sadiku "", mrapa NLB Bank. Banesa eshte komplet e mobiluar, moderne, gjendet ne katin e 9-te, lift funksional, ngrohje qendrore me Termokos.
Siperfaqe: 67m2
Renditja:
Sallon me kuzhine * dhome gjumi * banjo * ballkon * korridor
Çmimi: 350 €

Per me shume informata rreth kesaj banese mund te na shkruani linkun me id ose nje screenshot te shpalljes, apo nje kerkese tuajen per banesa tjera, ne kete numer telefoni:
045 190 019
WhatsApp & Vi",350 EUR,67,350.00,67.0,Lakrishte,rent,,,,,,,
random,banesa-81658,Banesë me qira te Lagjia e Muhaxherëve,"Lëshohet me qira banesa në Lagjen e Muhaxherëve, afër statcionit policor. Banesa është e re, e pamobiluar, e gatshme për banim dhe mund të shfrytëzohet edhe për zyre.
Ndodhet në katin e IV. Sistemin e ngrohjes e ka me Termokos.
Sipërfaqe: 87.5m²
Çmimi: 500
Renditja:
• Sallon dhe Kuzhinë
• 2 Dhoma
• Banjo&WC
• Ballkon
• Koridor
Kodi: 3628
Për më shumë informata mund të na beni like faqen tone ne facebook
Smart Real Estate,
bit.ly/2htS4cY
, si dhe
www.instagram.com/realestatesmart/

apo per me shu",500 EUR,87,500.00,87.0,,rent,,,,,,,
random,banesa-50180,Banese ne shitje te Sllovenia Sporti,"Banesë ne shitje në lagjen Sllovenia Sporti, afer Parkut te Qytetit, banesa eshte e mobiluar ne teresi
Kati:3
Sipërfaqe:51
Çmimi I shitjes:55000
Renditja:
♦Sallon me kuzhinë
♦Dhomë gjumi
♦Banjo
♦Ballkon
♦Korridor

Për më shumë informata mund të na beni like faqen tone ne facebook Smart Real Estate,
bit.ly/2htS4cY
,  ose mund të na kontaktoni në këtë numër telefoni
044/393-777
WhatsApp & Viber
+383 44 393 777
","55,000 EUR",51,55000.00,51.0,Sllovenia Sport,sale,,,,,,,
random,banesa-78128,Banesë në shitje në Emshir,"SHITET banesa në lagjen Emshir, te kompleksi ‘Europarku’. Është e mobiluar në tërësi, e renovuar dhe e përshtatshme për banim.
Banesa ka të gjitha pajisjet funksionale. Sistemin e ngrohjes e ka me Termokos.
Banesa është në katin e 4, ndodhet në një vend të përshtatshëm me qasje të lehtë në qytet.
Banesa ka siperfaqe prej 60.3 m2 (kati 4) dhe podrumin 4m2(kati -2).
Çmimi:1399m²
Kontrata behet te avokati.
Banesa ka këtë renditje:
•	Sallon dhe Kuzhinë
•	Dhomë gjumi
•	Banjo
•	Ballkon
•	Koridor

Kodi",1 EUR,60,1.00,60.0,,sale,,,,,,,
random,banesa-32687,Leshohet banese e re e sapondertuar te Rruga B,"Leshohet banese e re e sapondertuar te Rruga B, te Dervishollet. Banesa eshte e pamobiluar, ka pamje nga rruga dhe eshte shume e pershtatshme per zyre. 90m2.

* Renditja:
* Sallon me kuzhine, 2 dhoma gjumi, 2 banjo, ballkon, korridor.
* Çmimi: 500 € ( posedon edhe garazhe )

Per me shume informata rreth kesaj banese mund te na shkruani linkun me id ose nje screenshot te shpalljes, apo nje kerkese tuajen per banesa tjera, ne kete numer telefoni:
045 190 019
WhatsApp & Viber
+383 45 190 019",500 EUR,90,500.00,90.0,Dardania,rent,,,,,,,
random,banesa-59300,Banese me qira ne lagjen Dardania,"Banesë me qira në lagjen Dardania. Banesa është e mobiluar në tërësi me të gjitha elementet e nevojshme duke ofruar kushte shumë të mira banimi, kati perdhese e ulet ,afer Parkut Dardania
Sipërfaqe: 72m2
Çmimi I qirasë: 280 € plus depozita , ne qmim te perfshire edhe termokosi .
Renditja:
♦Sallon me kuzhinë
♦2 Dhoma gjumi
♦Banjo
♦Ballkon nuk ka
♦Korridor
♦Shpajz 2
Leshohet per afat gjate
Për më shumë informata mund të na beni like faqen tone ne facebook Smart Real Estate,
bit.ly/2htS4cY
,
www.in",280 EUR,72,280.00,72.0,Dardania,rent,,,,,,,
random,banesa-60061,Banese me qira ne Lagje te Spitalit,"Leshohet banese me qira ne Lagje te Spitalit, te frutaria banesat e pozhegut.
Banesa ka kete renditje:
- Sallon
- Kuzhine
- Dhome gjumi
- Banjo
- Ballkon
- Koridor
Cmimi: 300 euro

bit.ly/3n3a6PU

Per me shume informata mund te na kontaktoni ne numrin
049 124 677 WhatsApp dhe Viber +383 49 124 677
044 333 511 WhatsApp dhe Viber +383 44 333 511",300 EUR,60,300.00,60.0,Spitali,rent,,,,,,,
random,banesa-80798,Banesë me qira në Emshir,"Lëshohet me qira banesa në Emshir. Banesa është e mobiluar në tërësi,  e gatshme dhe shumë e përshtatshme për banim.
Banesa ka të gjitha pajisjet e nevojshme funksionale.
Çmimi: 400
Rënditja
• Sallon dhe Kuzhinë
• 2 Dhoma gjumi
• 2 Banjo
• Ballkon
• Koridor
Kodi: 3517
Për më shumë informata mund të na beni like faqen tone ne facebook
Smart Real Estate,
bit.ly/2htS4cY
, si dhe
www.instagram.com/realestatesmart/

apo per me shume oferta apo banesa te lira:
www.merrmeqira.com/user/profile/smart

gj",400 EUR,1,400.00,,Emshir,rent,,,,,,,
random,banesa-91782,Banes me qira ne Dragodan,"📢Banesë me #qera në Prishtinë.
📍Dragodan/Arbëri!
Ofrohet me qera banesa me një sipërfaqe prej 70m² në katin Vdhe ka këtë rënditje :
✅Qëndrim Ditor,
✅Kuzhinë dhe trapezari,
✅Dhomë gjumi,
✅Banjo,
✅Koridor,
✅Terasë,
✅Depoziti i Obliguar...
♦Çmimi: 490€/muaj
Agjencioni Per Patundshmëri Swiss
Swiss Real Estate
📞Tel&Viber +38345265043+38345905717
📧
[email protected]

H16",390 EUR,0,390.00,70.0,Dragodan,rent,,,,,,,
random,banesa-60165,Banese me qira ne lagjen Ulpiana,"Leshohet banesa me qira ne Lagjen Ulpiana 150m2
Banes eshte ne Ulpian (perball beni dones
Banesa ka kete renditje:
2 sallona
3dhoma gjumi
3banjo
1 depo
3 ballkona
Kati 3 (ska lift)
Me termokos
E mobiluar tersisht
Me klime
Qmimi 600

bit.ly/3n3a6PU

Per me shume informata mund te na kontaktoni ne numrin
049 124 677
+383 49 124 677
044 333 511
+383 44 333 511",600 EUR,150,600.00,150.0,Ulpiana,rent,,,,,,,
random,banesa-41751,Banese me qira ne lagjen e Spitalit,"Leshohet banese me qira ne Lagjen e Spitalit,Mbas Super Vives
Banesa ka kete renditje:
- 2 dhoma gjumi
- sallon dhe kuzhine
- banjo
- ballkon
- koridor
-Depo
Qmimi 270€
bit.ly/3n3a6PU


Per me shume informata mund te na kontaktoni ne numrin
044 333 511
+383 44 333 511




",270 EUR,85,270.00,85.0,Spitali,rent,,,,,,,
random,banesa-75348,Banesë me qira në Velani,"Leshohet me qira banesa në Velani, Banesa është e re, e pabanuar më parë.
E mobiluar në tërësi, në mënyrë moderne dhe shumë e pershtatshme per banim.
Banesa ka sistemin e ngrohjes me rrymë elektrike, ndodhet ne katin e 6.
Renditja:
•	Sallon dhe Kuzhinë
•	2 Dhoma gjumi
•	Banjo
•	WC
•	Koridor
•	Ballkon
•	Depo

Kodi: 3035

Për më shumë informata mund të na beni like faqen tone ne facebook
Smart Real Estate,
bit.ly/2htS4cY
, si dhe
www.instagram.com/realestatesmart/

apo per me shume oferta apo bane",1 EUR,0,1.00,,Velania,rent,,,,,,,
random,banesa-57421,Banese me qira ne lagjen Arberia 3+1,"Banesë me qira në lagjen Arberia,ne rrugen Vicianum ne kompleksin Dumnica Group, afer Five Stare dhe Meridianit si dhe Komunes se re.Banesa eshte e mobiluar ne teresi.
Kati:6
Sipërfaqe:120 m2
Çmimi i qirasë:500
Renditja:
♦Sallon me kuzhinë
♦3Dhomë gjumi
♦Banjo
♦Ballkon
♦Korridor

Për më shumë informata mund të na beni like faqen tone ne facebook Smart Real Estate,
bit.ly/2htS4cY
,  ose mund të na kontaktoni në këtë numër telefoni
044 393 777
WhatsApp & Viber
+38344 393 777
",500 EUR,120,500.00,120.0,Arbëria,rent,,,,,,,
random,banesa-52639,Banese me qira ne Emshir,"Leshohet banese me qira ne Emshir.


Banesa ka kete renditje:
- 2 dhoma gjumi
- sallon dhe kuzhine
- banjo
- 2 ballkona(njeri i mbyllur)
- depo

Banesa ka siperfaqe 90m2.
Banesa pervec ngrohjes qendrore me rryme ka edhe Klime sistem shume eficent qe sherben gjate dimrit per ngrohje dhe veres per ftohje.
Banesa poashtu ka edhe garazhen me 2 vendparkingje.
Banesa ofrohet per kohezgjatje 1 vit e me shume.

Qmimi 330€
bit.ly/3n3a6PU


Per me shume informata mund te na kontaktoni ne numrin
044 333 51",330 EUR,90,330.00,90.0,Emshir,rent,,,,,,,
random,banesa-47334,Banese me qira ne lagjen Ulpiana,"Leshohet banese me qira ne Ulpiane
Banesa ka kete renditje:
- dhoma gjumi
- sallon dhe kuzhine
- banjo
- ballkon
- koridor
Qmimi 320€
bit.ly/3n3a6PU


Per me shume informata mund te na kontaktoni ne numrin
044 333 511
+383 44 333 511





",320 EUR,65,320.00,65.0,Ulpiana,rent,,,,,,,
random,banesa-74003,Banese me qira ne Lagjen e Spitalit ( e pamobiluar ),"Leshohet banese me qera ne Lagjen e Spitalit , rruga: Muharrrem Fejza, e pamobiluar, gjendet ne katin e 4-te te objektit.

Banesa ka kete renditje
Sallon
Kuzhine
2 dhoma gjumi
Ballkon
Banjo
Korridor
Garazhe
Cmimi 350 euro

bit.ly/3n3a6PU

Per me shume informata mund te na kontaktoni ne numrin
049 124 677 WhatsApp dhe Viber +383 49 124 677
044 333 511 WhatsApp dhe Viber +383 44 333 511",350 EUR,85,350.00,85.0,,rent,,,,,,,
random,banesa-83036,Banesë me qira në Emshir,"Lëshohet me qira banesa në Emshir. Është e mobiluar në tërësi, e gatshme dhe shumë e përshtatshme për banim.
Ka të githa pajisjet e nevojshme funksionale. Banesa lirohet nga data 20 mars.
Sipërfaqe: 62m²
Çmimi: 330
Rënditja
• Sallon dhe Kuzhinë
• Dhomë gjumi
• Banjo
• Ballkon
• Koridor
Kodi: 3741
Për më shumë informata mund të na beni like faqen tone ne facebook
Smart Real Estate,
bit.ly/2htS4cY
, si dhe
www.instagram.com/realestatesmart/

apo per me shume oferta apo banesa te lira:
www.merrmeqi",330 EUR,62,330.00,62.0,Emshir,rent,,,,,,,
random,banesa-54581,Banese me qira ne Emshir,"Leshohet banese me qira ne Emshir , perball UBT
Banesa ka kete renditje:
- 1 dhoma gjumi
- sallon dhe kuzhine
- banjo
- 1 ballkona
- koridor
Qmimi 250€

bit.ly/3n3a6PU

Per me shume informata mund te na kontaktoni ne numrin
049 124 677
+383 49 124 677
044 333 511
+383 44 333 511
",250 EUR,65,250.00,65.0,Emshir,rent,,,,,,,
random,banesa-78903,Banesë me qira në Lakrishtë,"Ofrohet me qira banesa në Lakrishtë. Banesa është e mobiluar në tërësi dhe është shumë e përshtatshme për banim.
Banesa ndodhet në katin e 8, ka ashensor funksional. Gjithashtu ka hapësirë të mjaftueshme për parkim.
Çmimi: 270
Rënditja
•	Sallon dhe Kuzhinë
•	Dhomë gjumi
•	Banjo
•	Depo
•	Ballkon
•	Koridor

Kodi: 3252

Për më shumë informata mund të na beni like faqen tone ne facebook
Smart Real Estate,
bit.ly/2htS4cY
, si dhe
www.instagram.com/realestatesmart/

apo per me shume oferta apo banesa ",270 EUR,1,270.00,,Lakrishte,rent,,,,,,,
random,banesa-75829,Leshoj banese me qira,"Leshoj banese me qira ne bregun e diellit afer fakultetit Iliria.Banesa posedon nje dhom te madhe te gjumit kuzhinen ,banjon si dhe ka ballkon.Ne qmim perfshihen te gjitha shpenzimett.",170 EUR,40,170.00,40.0,,rent,,,,,,,
random,banesa-77049,Banese me qira ne lagjen Bregu i diellit,"Leshohet banese me qira ne lagjen Bregu i diellit, komplet e mobiluar moderne.
* Sipërfaqe 60m - Kati II
* Qendrim ditorë,
* Kuzhinë me tryezari,
* Holl / Koridor,
* Dhomë të gjumit,
* Wc,
* Termokos.
Çmimi 350€
bit.ly/3n3a6PU

Per me shume informata mund te na kontaktoni ne numrin
049 124 677 WhatsApp dhe Viber +383 49 124 677
044 333 511 WhatsApp dhe Viber +383 44 333 511",350 EUR,60,350.00,60.0,Bregu i Diellit,rent,,,,,,,
random,banesa-30886,Banese me qira ( per zyre ) ne Qender,"Leshohet banese me qira per zyre ne Qender, perballe Rilindjes. Eshte komplet e mobiluar, me te gjitha kushtet e nevojshme, gjendet ne katin e 4-te, me lift funksional, 54m2.
Renditja:
Sallon me kuzhine, dhome gjumi, banjo, 2 ballkona, korridor.
Çmimi: 300 €

Per me shume informata rreth kesaj banese mund te na shkruani linkun me id ose nje screenshot te shpalljes, apo nje kerkese tuajen per banesa tjera, ne kete numer telefoni:
045 190 019
WhatsApp & Viber
+383 45 190 019",300 EUR,54,300.00,54.0,Qendra,rent,,,,,,,
random,banesa-9610,Banes ekskluzive me qira ne Aktash- 1 Tetori,"Leshoje banes me qira ne Aktash te salla 1 Tetori, shte e mobilua me mobile modene, ekskluzive, ka pamje nga qytetit, 87m2
Banesa posedon:
- dy dhoma gjumi
- sallon dhe kuzhine
- banjo
- ballkon
- koridor
Qmimi 450 euro

Per me shume informata ju lutem na kontaktoni ne numrin
WhatsApp & Viber:
044 393 777",450 EUR,87,450.00,87.0,,rent,,,,,,,
random,banesa-80222,Banesë me qira te Bregu i Diellit,"Ofrohet per Qera banesa ne lagjen Bregu diellit me saktesisht banesat e inxhinieringut mbi Sunny hill Restaurant
Banesa eshte komplet e mobiluar
Renditja
Dhome dite me kuzhine
Dhome gjumi
Banjo
Ballkon
Cmimi 250
Kodi: 3463
Për më shumë informata mund të: -na beni like faqen tone ne facebook Smart Real Estate,
bit.ly/2htS4cY
,
-Follow ne instagram
www.instagram.com/realestatesmart/
...
apo per me shume oferta apo banesa te lira:
www.merrmeqira.com/user/profile/smart

Si dhe mund të na kontaktoni ",250 EUR,1,250.00,,Bregu i Diellit,rent,,,,,,,
random,banesa-65140,Banesë me qira në Dardania,"Leshoj banesen me qera ne lagjen Dardania kati i 3 ka nxemje qendrore me termokos, posedon ashensor dhe eshte komplet e mobiluar.
Banesa ka kete renditje:
1 dhome gjumi
1 kuzhine plus depo
1 koridor
1 banjo
1 teras plus depo.

Cmimi 250
Per me shum informata kontaktoni ne numrin 046166499 Viber&WhatsApp",250 EUR,0,250.00,,Dardania,rent,,,,,,,
random,banesa-52661,Banese me qira ne Aktash,"Lëshohet banesa me qera ne Aktash, përballë Hotel AFA, në Kompleksion TRIO Construcion.
Sipërfaqe 66m2.
Një sallon të gjerë
Një dhomë fjetjeje
Një banjo
Ngrohje me radior (me rrymë)
Wi-fi

Qmimi 300€
bit.ly/3n3a6PU


Per me shume informata mund te na kontaktoni ne numrin
044 333 511
+383 44 333 511",300 EUR,66,300.00,66.0,Aktash,rent,,,,,,,
random,banesa-59602,Banese me qira ne Rrugen C,"Leshohet banese me qira ne Rrugen C ,Kati 8 Kompleksi Sima Com mbrapa Maxi 24
Banesa ka kete renditje:
- 2 dhoma gjumi
- Sallon
- Kuzhine
- Banjo
- Vc
- Ballkon
- Koridor
- Garazh
Qmimi 450€

bit.ly/3n3a6PU

Per me shume informata mund te na kontaktoni ne numrin
044 333 511
+383 44 333 511
049 124 677
+383 49 124 677",450 EUR,83,450.00,83.0,Lakrishte,rent,,,,,,,
random,banesa-43677,Banese ne shitje ne Lagje te Spitalit_2+1,"Banesë ne shitje në lagjen e Spitalit banesa eshte e mobiluar ne teresi, posedon dhe garazh
Kati:2-te
Sipërfaqe:84m2
Çmimi I shitjes:75000€
Renditja:
♦Sallon me kuzhinë
♦2 Dhomë gjumi
♦Banjo
♦Ballkon
♦Korridor
♦ Depo
♦ WC

Për më shumë informata mund të na beni like faqen tone ne facebook Smart Real Estate,
bit.ly/2htS4cY
,  ose mund të na kontaktoni në këtë numër telefoni
044/393-777
WhatsApp & Viber
+383 44 393 777","75,000 EUR",84,75000.00,84.0,Spitali,sale,,,,,,,
random,banesa-77168,Banesë me qira në Emshir,"Lëshohet me qira banesa në Emshir. Banesa është e mobiluar në tërësi në mënyrë moderne dhe e përshtatshme për banim.
Sipërfaqja:119m²
Çmimi: 550
Banesa ka këtë renditje:
•	Sallon dhe Kuzhinë
•	2 Dhoma gjumi
•	Banjo
•	WC
•	Ballkon
•	Koridor

Kodi: 3116

Për më shumë informata mund të na beni like faqen tone ne facebook
Smart Real Estate,
bit.ly/2htS4cY
, si dhe
www.instagram.com/realestatesmart/

apo per me shume oferta apo banesa te lira:
www.merrmeqira.com/user/profile/smart

gjirafa.com/…

esa",550 EUR,119,550.00,119.0,Emshir,rent,,,,,,,
random,banesa-8421,Super ofert banes me qira ne Arberi 2+1,"Leshoj banes me qira ne Arberi, banesa eshte e mobiluar ne teresi, moderne, me pamje nga Rruga kryesore, 83m2
Banesa posedon:
- dy dhoma gjumi
- sallon dhe kuzhine
- banjo
- ballkon
- koridor
Qmimi 300 euro

Per em shume informata ju lutem na kontaktoni ne numrin
045 190 019
WhatsApp & Viber:
+383 45 190 019",300 EUR,83,300.00,83.0,Arbëria,rent,,,,,,,
random,banesa-31622,Banese moderne me qira ne lagjen Lakrishte,"Super banese me qira ne lagjen Lakrishte, te Procredit Bank. Banesa eshte komplet e mobiluar, moderne, te gjitha orendite i ka te reja, gjendet ne katin e 4-te, dhe ka liftin funksional, ka ngrohje qendrore te qytetit.
Siperfaqe: 89m2

Renditja:
Sallon me kuzhine * 2 dhoma gjumi * banjo * ballkon * korridor
Çmimi: 400 €

Per me shume informata rreth kesaj banese mund te na shkruani linkun me id ose nje screenshot te shpalljes, apo nje kerkese tuajen per banesa tjera, ne kete numer telefoni:
045 ",400 EUR,89,400.00,89.0,Lakrishte,rent,,,,,,,
random,banesa-40128,Banese me qira ne lagjen Bregu i Diellit,"Banes me qira
Banesa ka kete renditje:
- sallon dhe kuzhine
- banjo
- ballkon
- koridor
Qmimi 250€

Per me shume informata mund te na kontaktoni ne numrin
049 124 677
+383 49 124 677",250 EUR,50,250.00,50.0,Bregu i Diellit,rent,,,,,,,
random,banesa-56107,Banese me qira ne lagjen Arberi 1+1,"Banesë me qira në lagjen Arberia,rruga Ferid Curri perballe marketit Meridian,eshte ndertim i kompanise Butrinti Group, e orientuar nga lindja, me shume ndricim dhe pamje te bukur.Banesa eshte e mobiluar ne teresi.
E pershtatshme per nje person apo çift
Kati:5
Sipërfaqe:57 m2
Çmimi i qirasë:250
Renditja:
♦Sallon me kuzhinë
♦Dhomë gjumi
♦Banjo dhe shpajz
♦Ballkon
♦Korridor
Për më shumë informata mund të na beni like faqen tone ne facebook Smart Real Estate,
bit.ly/2htS4cY
,  ose mund të na kontak",250 EUR,57,250.00,57.0,Arbëria,rent,,,,,,,
random,banesa-61108,Banese me qira ne lagjen Emshir_2+1,"Banesë me qira në lagjen emshir, banesa esht e re e mobiluar ne teresi, e pa banuar me pare
Kati:2
Sipërfaqe:110
Çmimi i qirasë:420
Renditja:
♦Sallon me kuzhinë
♦3 Dhomë gjumi
♦Banjo
♦Ballkon
♦Korridor

Për më shumë informata mund të na beni like faqen tone ne facebook Smart Real Estate,
bit.ly/2htS4cY
, apo per me shume oferta apo banesa te lira:
www.merrmeqira.com/user/profile/smart

ose mund të na kontaktoni në këtë numër telefoni
044 393 777
WhatsApp & Viber
+38344 393 777
",420 EUR,110,420.00,110.0,Emshir,rent,,,,,,,
random,banesa-79224,Banesë me qira në Ulpianë,"Lëshohet me qira banesa në Ulpianë, te Fontana. Banesa është e mobiluar e përshtatshme për banim.
Banesa sistemin e ngrohjes e ka me Termokos. Ka ashensor funksional.
Sipërfaqe: 70m²
Çmimi: 300
Rënditja
•	Sallon dhe Kuzhinë
•	2 Dhoma
•	Banjo
•	Koridor

Kodi: 3290

Për më shumë informata mund të na beni like faqen tone ne facebook
Smart Real Estate,
bit.ly/2htS4cY
, si dhe
www.instagram.com/realestatesmart/

apo per me shume oferta apo banesa te lira:
www.merrmeqira.com/user/profile/smart

gjiraf",300 EUR,70,300.00,70.0,Ulpiana,rent,,,,,,,
random,banesa-84219,Banese me qira ne Dardani,"Lëshohet banese me qira ne lagjen Dardania, afer shkolles Dardania, eshte e mobiluar ne teresi
Banesa ka të gjitha pajisjet e nevojshme funksionale.
Kati I 1-re
Sipërfaqe: 38m2
Çmimi: 200
Rënditja:
•	Sallon dhe Kuzhinë
•	Banjo
•	Ballkon
•	Koridor

Kodi: 3825

Për më shumë informata mund të na beni like faqen tone ne facebook
Smart Real Estate,
bit.ly/2htS4cY
, si dhe
www.instagram.com/realestatesmart/

apo per me shume oferta apo banesa te lira:
www.merrmeqira.com/user/profile/smart

gjirafa.com",200 EUR,38,200.00,38.0,Dardania,rent,,,,,,,
random,banesa-52662,Kat Shtepie me qira ne Arberi,"Kat shtëpie me qira,në Arbëri (ish Dragodan)

Banesa ka kete renditje:
- 2 dhoma gjumi
- sallon kuzhin
- banjo
- 3 ballkona.


Qmimi 300€
bit.ly/3n3a6PU


Per me shume informata mund te na kontaktoni ne numrin
044 333 511
+383 44 333 511",300 EUR,0,300.00,,Arbëria,rent,,,,,,,
random,banesa-71294,Banesë me qira në Dardani,"Lëshohet me qira banesa në Dardani. Banesa është e mobiluar dhe shumë e përshtatshme për banim.

Sipërfaqja: 56m²
Çmimi: 350

Renditja:
• Sallon dhe Kuzhinë
• Dhomë gjumi
• Banjo
• Ballkon

Kodi: 2821

Për më shumë informata mund të na beni like faqen tone ne facebook
Smart Real Estate,
bit.ly/2htS4cY
, si dhe
www.instagram.com/realestatesmart/

apo per me shume oferta apo banesa te lira:
www.merrmeqira.com/user/profile/smart

gjirafa.com/…

esa&amp;llshp=Qira
ose mund të na kontaktoni në këtë n",350 EUR,56,350.00,56.0,Dardania,rent,,,,,,,
random,banesa-79268,Banese me qira ne lagjen Dardania,"Leshohet banese me qira banesa ne lagjen Dardania,  objenkti Beni Dona, komplet e mobiluar shume e pershtashme per banim, gjendet ne katin e 5-te.
Banesa ka kete renditje:
- Sallon
- Kuzhine
-2 Dhoma gjumi
- Banjo
- Ballkon
- Koridor
Cmimi: 450 euro

bit.ly/3n3a6PU

Per me shume informata mund te na kontaktoni ne numrin
049 124 677 WhatsApp dhe Viber +383 49 124 677
044 333 511 WhatsApp dhe Viber +383 44 333 511

",450 EUR,80,450.00,80.0,Dardania,rent,,,,,,,
random,banesa-30388,Super banese me qira ne lagjen Arberia,"Super banese me qira ne lagjen Arberia, objekti i Pandora Tower. Eshte komplet e mobiluar, moderne.

Siperfaqe: 110m2
Renditja:
Sallon me kuzhine, 2 dhoma gjumi, banjo, ballkon, korridor.
Çmimi: 500 €

Per me shume informata rreth kesaj banese mund te na shkruani linkun me id ose nje screenshot te shpalljes, apo nje kerkese tuajen per banesa tjera, ne kete numer telefoni:
044 393 777
WhatsApp & Viber
+383 44 393 777",500 EUR,110,500.00,110.0,Arbëria,rent,,,,,,,
random,banesa-53222,Banese me qira ne lagjen e Spitalit,"Leshohet banese me qira ne Lagjen e Spitalit. 111.5m2.

Banesa ka kete renditje:
- 3 dhoma
- banjo
- koridor
- ballkon

Qmimi 400€
bit.ly/3n3a6PU

Per me shume informata mund te na kontaktoni ne numrin

044 333 511
+383 44 333 511
049 124 677
+383 49 124 677",400 EUR,111,400.00,111.0,Spitali,rent,,,,,,,
random,banesa-59457,Banese me qira ne Qender,"Banesë me qira në lagjen Qender, banesa eshte e mobilur ne teresi,
Kati:2
Çmimi i qirasë:350
Renditja:
♦Sallon me kuzhinë
♦Dhomë gjumi
♦Banjo
♦Ballkon
♦Korridor

Për më shumë informata mund të na beni like faqen tone ne facebook Smart Real Estate,
bit.ly/2htS4cY
, apo per me shume oferta apo banesa te lira:
www.merrmeqira.com/user/profile/smart

ose mund të na kontaktoni në këtë numër telefoni
044 393 777
WhatsApp & Viber
+383 44 393 777
",350 EUR,65,350.00,65.0,Qendra,rent,,,,,,,
random,banesa-8605,Banes me qira ne Qender 2+1,"Leshoj banes me qira te Qafa, mbrapa restaurant De Rada, banesa eshte ne katin e 4-te, pa mobile, pa lift, 75m2
Banesa posedon:
- dy dhoma gjumi
- sallon dh kuzhine
- banjo
- ballkon
- koridor
Qmimi 250 euro

Per me shume informata ju lutem na kontaktoni ne numrin
WhatsApp & Viber:
045190019",250 EUR,75,250.00,75.0,Qendra,rent,,,,,,,
random,banesa-50208,Banese ne shitje ne lagjen Dardania_1+1,"Banesë ne shitje në lagjen Dardania, banesa ka flete poseduese, eshte e mobiluar ne teresi
Kati:1
Sipërfaqe:60
Çmimi I shitjes:70000
Renditja:
♦Sallon me kuzhinë
♦Dhomë gjumi
♦Banjo
♦Ballkon
♦Korridor

Për më shumë informata mund të na beni like faqen tone ne facebook Smart Real Estate,
bit.ly/2htS4cY
,  ose mund të na kontaktoni në këtë numër telefoni
044/393-777
WhatsApp & Viber
+383 44 393 777
","70,000 EUR",60,70000.00,60.0,Dardania,sale,,,,,,,
random,banesa-73851,Banese me qira ne Lagje te Spitalit,"Super banese me qira ne lagje te Spitalit afer Eukexit.
Banesa eshte e mobiluar komplet, e gatshme per banim. Kati i 5-te.

Banesa ka kete renditje:
Sallon
Kuzhine
Dhome gjumi
Dhome e punes
Korridor
Banjo
Ballkon
Cmimi : 300 euro

bit.ly/3n3a6PU

Per me shume informata mund te na kontaktoni ne numrin
049 124 677 WhatsApp dhe Viber +383 49 124 677
044 333 511 WhatsApp dhe Viber +383 44 333 511",300 EUR,75,300.00,75.0,Spitali,rent,,,,,,,
random,banesa-61082,Banese me qira ne Rrugen B_2+1,"Banesë me qira në lagjen Rruga B
Sipërfaqe:80m2
Çmimi I qirasë:300€ plus depoziti i obliguar
Renditja:
♦Sallon me kuzhinë
♦2Dhomë gjumi
♦Banjo
♦Ballkon
♦Korridor

Për më shumë informata mund të na beni like faqen tone ne facebook Smart Real Estate,
bit.ly/2htS4cY
, apo per me shume oferta apo banesa te lira:
www.merrmeqira.com/user/profile/smart

ose mund të na kontaktoni në këtë numër telefoni
044 393 777
WhatsApp & Viber
+38344 393 777
",300 EUR,80,300.00,80.0,Lakrishte,rent,,,,,,,
random,banesa-77775,Banese me qira ne lagjen Dardania,"Leshohet banese me qira ne lagjen Dardania, komplet e mobiluar e pershtatshme per banim.
Siperfaqe: 70m2
Banesa ka kete renditje:
- Sallon
- Kuzhine
- 2 Dhoma gjumi
- Banjo
- Ballkon
- Koridor
Cmimi: 350 euro

bit.ly/3n3a6PU

Per me shume informata mund te na kontaktoni ne numrin
049 124 677 WhatsApp dhe Viber +383 49 124 677
044 333 511 WhatsApp dhe Viber +383 44 333 511",350 EUR,70,350.00,70.0,Dardania,rent,,,,,,,
random,banesa-81128,Banesë me qira në Tophane,"Lëshohet me qira banesa në Tophane. Banesa është e mobiluar në tërësi, e gatshme për banim.
Banesa ndodhet në katin e 4, posedon ashensor.
Sipërfaqe: 50m²
Çmimi: 250
Rënditja
• Sallon dhe Kuzhinë
• Dhomë gjumi
• Banjo
• Koridor
• Ballkon
Kodi: 3576
Për më shumë informata mund të na beni like faqen tone ne facebook
Smart Real Estate,
bit.ly/2htS4cY
, si dhe
www.instagram.com/realestatesmart/

apo per me shume oferta apo banesa te lira:
www.merrmeqira.com/user/profile/smart

gjirafa.com/…

esa&amp",250 EUR,50,250.00,50.0,Tophane,rent,,,,,,,
random,banesa-57052,Banes me qira te Sllovenia Sporti 2+1,"Leshohet banese me qira te Sllovenia Sporti, banesa eshte e mobiluar ne teresi, kati i 6-te, lift funksional, 75m2.
Banesa posedon:
- dy dhoma gjumi
- sallon dhe kuzhine
- banjo
- ballkon
- koridor
Qmimi 300 euro

Per me shume informata ju lutem na kontaktoni ne numrin:
044 393 777
WhatsApp & Viber:
+383 44 393 777",300 EUR,75,300.00,75.0,Sllovenia Sport,rent,,,,,,,
random,banesa-55045,Banese me qira ne Arberi,"Leshohet banese me qira ne Arberi, te Meridiani,Kati 2
Banesa ka kete renditje:
- 1 dhoma gjumi
- sallon dhe kuzhine
- banjo
- ballkon
- koridor
- Garazha
Qmimi 300€
-ne Cmim jane te perfshira: Uji,Mirmbajtja e Hyrjes

bit.ly/3n3a6PU

Per me shume informata mund te na kontaktoni ne numrin
049 124 677
+383 49 124 677
044 333 511
+383 44 333 511",300 EUR,60,300.00,60.0,Arbëria,rent,,,,,,,
random,banesa-91717,Banes me qera Aktash,"Banes me qera ne Aktash
Banesa ndodhet ne Rr. Hajrullah Abdullahu
Banesa -100m²/kati 2
Qëndrimi ditor | Kuzhina | 3 Dhoma gjumi | 1 Banjo | Ballkon

Çmimi: 650 €
Ne qmim perfshihen: rryma, uji, mbeturinat dhe parkingu

Nr. Tel: 044 577 677
www.geo-rks.com
1510
",650 EUR,100,650.00,100.0,,rent,,,,,,,
random,banesa-8390,Banese komode me qira ne Breg te Diellit,"Leshoj banes me qira ne Breg te Diellit, banesat e Standardit, kati i pare , mobiluar me te gjitha elementet, 60m2
Banesa posedon:
- nje dhome gjumi
- sallon
- kuzhine
- banjo
- terase
- koridor
Qmimi 230 euro

Per me shume informata ju lutm na kontaktoni ne numrin
045190019
WhatsApp & Viber:
+38345190019",230 EUR,60,230.00,60.0,Bregu i Diellit,rent,,,,,,,
random,banesa-78120,Banesë me qira te Mati 1,"Lëshohet me qira banesa te rruga Muharrem Fejza. Është e mobiluar në tërësi, e përshtatshme për banim.
Sipërfqja: 66m²
Çmimi:350
Banesa ka këtë renditje:
• Sallon dhe Kuzhinë
• Dhomë gjumi
• Banjo
• Ballkon
• Koridor
Kodi: 3281
Për më shumë informata mund të na beni like faqen tone ne facebook
Smart Real Estate,
bit.ly/2htS4cY
, si dhe
www.instagram.com/realestatesmart/

apo per me shume oferta apo banesa te lira:
www.merrmeqira.com/user/profile/smart

gjirafa.com/…

esa&amp;llshp=Qira
ose mund ",350 EUR,1,350.00,66.0,Mati,rent,,,,,,,
random,banesa-73715,Banese me qira ne lagjen Bregu i Diellit,"Leshohet banese me qira ne lagjen Bregu i Diellit. Afer rruges B, AlbiMarket, lidhje te mira me trafikun urban, gjelberim rreth nderteses, pamje te shkelyer, ambulante ,shkollat fillore.
Mirëmbahet nga ndërmarrja banesore
Nxemje me termokos, perballe qerdhes publike.
Kati -1
Banesa ka kete renditje:
Sallon
Dhome gjumi
Banjo
Ballkon
Korridor
Cmimi: 300 euro

bit.ly/3n3a6PU

Per me shume informata mund te na kontaktoni ne numrin
049 124 677 WhatsApp dhe Viber +383 49 124 677
044 333 511 WhatsApp d",300 EUR,62,300.00,62.0,Bregu i Diellit,rent,,,,,,,
random,banesa-49231,Banese me qira Te 4 Llullat,"Leshohet banese me qira Mbrapa Teatrit,Afer Swiss Diamond Hotel
Banesa ka kete renditje:
- dhoma gjumi
- sallon dhe kuzhine
- banjo
- ballkon
- koridor
Qmimi 250€
bit.ly/3n3a6PU


Per me shume informata mund te na kontaktoni ne numrin
044 333 511
+383 44 333 511





",250 EUR,60,250.00,60.0,Llullat,rent,,,,,,,
random,banesa-52420,Banese me qira ne Rrugen B,"Leshohet banese me qira ne Rrugen B/ Residio 3- hyrja A.
Banesa gjendet ne katin e 4-te, eshte e mobiluar komplet, siperfaqe 70m2 dhe ka kete renditje:

- Sallon me kuzhine
- Nje dhome gjumi
-Banjo
- Ballkon
- Korridor
Cmimi: 350 €
bit.ly/3n3a6PU


Per me shume informata mund te na kontaktoni ne numrin
044 333 511
+383 44 333 511",350 EUR,70,350.00,70.0,Lakrishte,rent,,,,,,,
random,banesa-61073,Banese me qira ne lagjen e Spitalit,"Leshohet banese me qira ne Lagje te Spitalit ,Kati 7 afer Rruges B
Banesa eshte me Termokos dhe eshte e renovuar komplet
Banesa ka kete renditje:
- dhoma gjumi
- Sallon
- Kuzhine
- Banjo
- Vc
- Ballkon
- Koridor
Qmimi 330€

bit.ly/3n3a6PU

Per me shume informata mund te na kontaktoni ne numrin
049 124 677
+383 49 124 677
044 333 511
+383 44 333 511",330 EUR,65,330.00,65.0,Spitali,rent,,,,,,,
random,banesa-55500,Banese me qira ne lagjen Mati 1 1+1,"Banesë me qira në lagjen Lakrishte,ne rrugen Bill Clinton mbi Procredit Bank .
Banesa eshte e mobiluar ne teresi dhe eshte e pershtateshme per banim.Banesa leshohet vetem per afate gjate dhe ka lift funkional si dhe ka termokos
Kati:6
Sipërfaqe:60 m2
Çmimi i qirasë:250
Renditja:
♦Sallon me kuzhinë
♦Dhomë gjumi
♦Banjo
♦Ballkon
♦Korridor
Për më shumë informata mund të na beni like faqen tone ne facebook Smart Real Estate,
bit.ly/2htS4cY
, ose mund të na kontaktoni në këtë numër telefoni
044 393 77",250 EUR,60,250.00,60.0,Mati,rent,,,,,,,
random,banesa-57050,Banese me qira ne lagjen Arberia 1+1,"Banesë me qira në lagjen Arberia,afer hotel Adria.Banesa eshte e mobiluar ne teresi.Lift funksional.
Kati:5
Sipërfaqe:60 m2
Çmimi i qirasë:300
Renditja:
♦Sallon me kuzhinë
♦Dhomë gjumi
♦Banjo
♦Ballkon
♦Korridor

Për më shumë informata mund të na beni like faqen tone ne facebook Smart Real Estate,
bit.ly/2htS4cY
,  ose mund të na kontaktoni në këtë numër telefoni
044 393 777
WhatsApp & Viber
+38344 393 777
",300 EUR,60,300.00,60.0,Arbëria,rent,,,,,,,
low_confidence,banesa-81017,Banesë në shitje në Ulpianë,"Shitet banesa në Ulpianë, rruga Hakif Zejnullahu, afër Qendres së studentëve. E mobiluar dhe egatshme për banim.
Ndodhet në katin përdhesë, sistemin e ngrohjes e ka me Termokos.
Qmimi 62000E (i negociueshem)
Rënditja
• Sallon dhe Kuzhine
• Dhomë gjumi
• Banjo
• Koridor
• Ballkon
Kodi: 3550
Për më shumë informata mund të na beni like faqen tone ne facebook
Smart Real Estate,
bit.ly/2htS4cY
, si dhe
www.instagram.com/realestatesmart/

apo per me shume oferta apo banesa te lira:
www.merrmeqira.com/",1 EUR,1,1.00,,,sale,,,,,,,
low_confidence,banesa-77497,Banesë me qira në Arbëri,"Lëshohet me qira banesa në Arbëri, rruga Ahmet Krasniqi, afer Ambasades Amerikane, komunes se re dhe Meridian Market. Banesa është e mobiluar në tërësi dhe shumë e pershtatshme per banim.
Banesa ka hapesire te mjaftueshme per familjarë.
Banesa ka këtë renditje:
• Sallon dhe kuzhinë
• 3 Dhoma gjumi
• Banjo
WC
• Ballkon
• Depo
• Koridor
Kodi: 3155
Për më shumë informata mund të na beni like faqen tone ne facebook
Smart Real Estate,
bit.ly/2htS4cY
, si dhe
www.instagram.com/realestatesmart/

apo pe",1 EUR,1,1.00,,,rent,,,,,,,
low_confidence,banesa-79997,Banesë në shitje në Arbëri,"SHITET banesa në lagjen Arbëria, kompleksi ‘Tregtia’. Banesa ështe e mobiluar dhe e gatshme për banim.
Banesa ka të gjitha pajisjet e nevojshme.
Banesa ka këtë renditje:
•	Sallon dhe Kuzhinë
•	Dhomë gjumi
•	Banjo
•	Ballkon
•	Koridor

Kodi: 3433

Për më shumë informata mund të na beni like faqen tone ne facebook
Smart Real Estate,
bit.ly/2htS4cY
, si dhe
www.instagram.com/realestatesmart/

apo per me shume oferta apo banesa te lira:
www.merrmeqira.com/user/profile/smart

gjirafa.com/…

esa&amp;ll",1 EUR,1,1.00,,,sale,,,,,,,
low_confidence,banesa-60579,SHITET SUPER BANESA NE ARBERI!,"SHITET SUPER BANESA NE ARBERI!
Lagjia ""Dragodan-Arberi"" Kompleksi Banesor Afarist ""BerishaGroup""
Banesa eshte afer qendres Minimax dhe Kforit
Banesa eshte ekompletuar dhe e gaqme per banim
Banesa perkthehet me kontrat te Noteri
90.8m2 kati 4
Banesa ka kete renditje:
- 2 dhoma gjumi
- sallon dhe kuzhine
- banjo
- WC
- ballkon
- koridor
- Depo
Qmimi me 1200euro m2!
bit.ly/3n3a6PU


Per me shume informata mund te na kontaktoni ne numrin
049 124 677
+383 49 124 677

","1,200 EUR",91,1200.00,91.0,,sale,,,,,,,
low_confidence,banesa-30274,Shitet banese te Qafa,"Shitet banese te Qafa, eshte komplet e mobiluar, gjendet ne katin e 4, perkthimi i baneses behet menjehere.

Siperfaqe: 57m2, neto - 88m2 bruto
Renditja:
Sallon me kuzhine, 2 dhoma gjumi, banjo, 2 ballkona, posedon edhe podrumin.
Çmimi: 1750 € m2

Per me shume informata rreth kesaj banese mund te na shkruani linkun me id ose nje screenshot te shpalljes, apo nje kerkese tuajen per banesa tjera, ne kete numer telefoni:
044 393 777
WhatsApp & Viber
+383 44 393 777","1,750 EUR",57,1750.00,57.0,,sale,,,,,,,
low_confidence,banesa-80349,Banesë në shitje te Marigona Hill,"SHITET banesa dublex, te Marigona Hill. Banesa është e mobiluar në tërësi në mënyrë moderne dhe është shumë e përshtatshme për banim.
Ka të gjitha pajisjet e nevojshme funksionale, ndodhet në një lokacion shumë të përshtatshëm.
Ka hapësirë të mjaftueshme parkimi. Ka dy kate.
Sipërfaqe: 300m²
Çmimi: 1450m²
Rënditja Kati I
• Sallon dhe kuzhinë 100m² me teras 50m²
• Banjo
• Lavanderi
• Koridor
Kati II
• 3 Dhoma gjumi
• Teras
Kodi: 3472
Për më shumë informata mund të na beni like faqen tone ne faceb",1 EUR,300,1.00,300.0,,sale,,,,,,,
low_confidence,banesa-77124,Banesë në shitje në Arbëri,"SHITET banesa në Arbëri, te Komuna e Re, afër Merdianit dhe restaurantit Proka.
Banesa është e mobiluar, shumë e përshtatshme për banim dhe ka hapësirë të mjaftueshme per familjarë.
Sistemin e ngrohjes e ka me Termokos.
Sipërfaqja: 85m²
Çmimi: 1100m²
Banesa ka këtë renditje:
• Sallon dhe Kuzhinë
• 2 Dhoma gjumi
• Banjo
• Ballkon
• Koridor
Kodi: 3102
Për më shumë informata mund të na beni like faqen tone ne facebook
Smart Real Estate,
bit.ly/2htS4cY
, si dhe
www.instagram.com/realestatesmart/

ap","1,100 EUR",85,1100.00,85.0,,sale,,,,,,,
low_confidence,banesa-82132,Banesë në shitje në Arbëri,"SHITET banesa në Arbëri, përball stadiumit ‘Fadil Vokrri’. Banesa është e mobiluar në tërësi, e gatshme dhe shumë e përshtatshme për banim.
Banesa ka të gjitha pajisjet e nevojshme. Ka hapësirë parkimi. Sistemin e ngrohjes e ka me Termokos.
Banesa ndodhet në katin e 2.
Sipërfaqe: 71m²
Çmimi: 1750m²
Renditja
• Sallon dhe Kuzhinë
• Dhomë gjumi
• Banjo
• 2 Ballkona
• Koridor
Kodi: 3675
Për më shumë informata mund të na beni like faqen tone ne facebook
Smart Real Estate,
bit.ly/2htS4cY
, si dhe
www.",1 EUR,71,1.00,71.0,,sale,,,,,,,
low_confidence,banesa-77474,Shitet banesa në rrugën B,"Shitet banesa në rrugën B. Është në ndërtim e sipër, pritet të jetë e gatshme në fund të muajit korrik.
Banesa ndodhet në katin e 5.
Çmimi:1200m²
Banesa ka këtë renditje:
•	Sallon dhe Kuzhinë
•	2 Dhoma gjumi
•	Banjo
•	Koridor
•	Ballkon

Kodi: 3150

Për më shumë informata mund të na beni like faqen tone ne facebook
Smart Real Estate,
bit.ly/2htS4cY
, si dhe
www.instagram.com/realestatesmart/

apo per me shume oferta apo banesa te lira:
www.merrmeqira.com/user/profile/smart

gjirafa.com/…

esa&amp","1,200 EUR",1,1200.00,1200.0,,sale,,,,,,,
low_confidence,banesa-32420,"Shiten 2 banesa ne lagjen Emshir, kompleksi Nartel","Shiten 2 banesa ne lagjen Emshir, kompleksi Nartel. Banesat jane te pamobiluara, njera gjendet ne katin e 6-te dhe tjetra ne katin e 8-te .
Banesat kane kete siperfaqe:
1. 86m2
2. 94m2

Renditja:
Sallon me kuzhine, 2 dhoma gjumi, 2 banjo, ballkon, korridor.
Çmimi: 800 € m2

Per me shume informata rreth kesaj banese mund te na shkruani linkun me id ose nje screenshot te shpalljes, apo nje kerkese tuajen per banesa tjera, ne kete numer telefoni:
045 19 0019
WhatsApp & Viber
+383 45 190 019",800 EUR,94,800.00,94.0,,sale,,,,,,,
low_confidence,banesa-52356,"BANESË ME QERA PËR QENDRIM AFATSHKURTËR - (DITË, JAVË, MUAJ)","🔹 Lokacioni në Qendër - Mbrapa Teatrit Kombëtar
🔹 Kati i 6-të ; Sipërfaqe - 60m²
🔹 1 dhomë gjumi, sallon, kuzhinë, banjo dhe ballkon
🔹 Posedon ashensor, Wi-Fi, HD TV
🔹 Çmimi negociohet varësisht prej qëndrimit në banesë
📲 Tel. & Viber: 044/888801 ; 049/888801",28 EUR,60,28.00,60.0,,rent,,,,,,,
low_confidence,banesa-58382,SHITET SUPER BANESA NE BREGUN E DIELLIT !,"Në Bregun e Diellit, Kompleksi ""Dafina"" -Banesat e Standardit. Shitet Banesa 3+1
Banesa organizohet nga korridori shpërndarës, salloni i ndenjes bashkë me këndin e gatimit i cili është i veçuar dhe me dalje në ballkon, Tri dhomat e gjumit, një tualet, një WC, një ballkon dhe Depo (shpajz).
📌Vendndodhja: Rruga Rrahim Ademi
📐Sipërfaqe: 108m²
🛌3 Dhoma
🛋Sallon
🍽Kuzhinë
👀Ballkon
🛁Tualet
🚽 Wc
🚪Depo (shpajz)
☀Orientim Lindje
⭕️Banesa ndodhet në katin e nëntë.
Qmimi 1200€
bit.ly/3n3a6PU

Per me shume in","1,200 EUR",108,1200.00,108.0,,sale,,,,,,,
low_confidence,banesa-81839,Shitet banesa te Lagjia e Muhaxherëve,"SHITET banesa te Lagjia e Muhaxherëve, afër Kulles së Zotnisë. Banesa është e re, e gatshme për banim.
Ndodhet në katin e VI, ka ashensor.
Sipërfaqja: 62m²
Çmimi: 1300m²
Renditja:
• Sallon dhe Kuzhinë
• Dhomë gjumi
• Banjo&WC
• Koridor
• Ballkon
Kodi: 3647
Për më shumë informata mund të na beni like faqen tone ne facebook
Smart Real Estate,
bit.ly/2htS4cY
, si dhe
www.instagram.com/realestatesmart/

apo per me shume oferta apo banesa te lira:
www.merrmeqira.com/user/profile/smart

gjirafa.com/…
","1,300 EUR",62,1300.00,62.0,,sale,,,,,,,
low_confidence,banesa-61608,SHITET SUPER BANESA NE ARBERI !,"SHITET SUPER BANESA NE ARBERI!
Lagjia ""Dragodan-Arberi"" Kompleksi Banesor Afarist ""BerishaGroup""
Banesa eshte afer qendres Minimax dhe Kforit
Banesa eshte ekompletuar dhe e gatshme per banim
Banesa perkthehet me kontrat te Noteri
90.8m2 kati 4
Banesa ka kete renditje:
- 2 dhoma gjumi
- sallon dhe kuzhine
- banjo
- WC
- ballkon
- koridor
- Depo
Qmimi me 1100euro m2!
bit.ly/3n3a6PU

Per me shume informata mund te na kontaktoni ne numrin
049 124 677
+383 49 124 677","1,100 EUR",91,1100.00,91.0,,sale,,,,,,,
low_confidence,banesa-81027,Banesë në shitje te Lagjia e Muhaxherëve,"SHITET banesa te Lagjia e Muhaxhereve, afër Kulles së Zotnisë. Banesa është e re dhe e gatshme për banim.
Nodhet në katin e 4.
Sipërfaqe: 62m²
Çmimi: 1300m²
Rënditja
• Sallon dhe Kuzhinë
• Dhomë gjumi
• Banjo
• Koridor
• Ballkon
Kodi: 3556
Për më shumë informata mund të na beni like faqen tone ne facebook
Smart Real Estate,
bit.ly/2htS4cY
, si dhe
www.instagram.com/realestatesmart/

apo per me shume oferta apo banesa te lira:
www.merrmeqira.com/user/profile/smart

gjirafa.com/…

esa&amp;llshp=Qi",1 EUR,62,1.00,62.0,,sale,,,,,,,
low_confidence,banesa-58381,SHITET SUPER BANESA NE EMSHIR!,"SHITEN  BANESAT NE Kalabri !
Lagjia ""Kalabri-Emshir"" Kompleksi Banesor Afarist ""Exdc""
109.7m2 dhe 97.4 m2 kati 5 pamje ne lindje
Banesa ka kete renditje:
- banesa 109.7m2
- 3 dhoma gjumi
- sallon dhe kuzhine
- banjo
- WC
- ballkon
- koridor
- Depo
- banesa 97.4 m2
- 2 dhoma gjumi
- sallon me kuzhin
- banjo
- WC
- Ballkon
- koridor
- depo
Qmimi 1300 Euro m2
bit.ly/3n3a6PU

Per me shume informata mund te na kontaktoni ne numrin
049 124 677
+383 49 124 677","1,300 EUR",109,1300.00,109.0,,sale,,,,,,,
low_confidence,banesa-81721,Shitet banesa te Prishtina e Re,"SHITET banesa te Premium Residence. Banesa është e re.
Ndodhet në katin e 2, ka ashensor.
Sipërfaqe: 90m²
Çmimi: 1150
Rënditja
• Sallon dhe Kuzhinë
• 2 Dhoma gjumi
• 2 Banjo
• Ballkon
• Koridor
Kodi: 3637
Për më shumë informata mund të na beni like faqen tone ne facebook
Smart Real Estate,
bit.ly/2htS4cY
, si dhe
www.instagram.com/realestatesmart/

apo per me shume oferta apo banesa te lira:
www.merrmeqira.com/user/profile/smart

gjirafa.com/…

esa&amp;llshp=Qira
ose mund të na kontaktoni në kët","1,150 EUR",90,1150.00,90.0,,sale,,,,,,,
low_confidence,banesa-62166,SHITET SUPER BANESA NE BREGUN E DIELLIT !,"SHITET SUPER BANESA NE BREG DIELLIT !
Lagjia ""Mati 1"" Kompleksi Banesor Afarist ""Miri""
107.22m2 kati 8 pamje ne lindje
Banesa eshte me flet poseduse
Banesa ka kete renditje:
- 2 dhoma gjumi
- sallon dhe kuzhine
- banjo
- WC
- ballkon
- koridor
- Depo
Qmimi 1150€!
bit.ly/3n3a6PU


Per me shume informata mund te na kontaktoni ne numrin
049 124 677
+383 49 124 677
","1,150 EUR",107,1150.00,107.0,,sale,,,,,,,
low_confidence,banesa-80399,Shitet banesa te 4 Llullat,"SHITET banesa te 4 Llullat. Banesa është e mobiluar në tërësi, e gatshme dhe shumë e përshtatshme për banim.
Banesa ndodhet në katin e 4. Ka të gjitha pajisjet e nevojshme funksionale. Ndodhet në një lokacion të përshtatshëm, afër Qendrës. Ka fletë poseduese.
Sipërfaqe: 42m²
Çmimi: 1650
Rënditja
•	Sallon
•	Kuzhinë
•	Banjo
•	Ballkon
•	Koridor

Kodi: 3479

Për më shumë informata mund të na beni like faqen tone ne facebook
Smart Real Estate,
bit.ly/2htS4cY
, si dhe
www.instagram.com/realestatesmart",1 EUR,42,1.00,42.0,,sale,,,,,,,
low_confidence,banesa-81390,Banesë në shitje në Arbëri,"SHITET banesa në Lagjen Arbëria, kompleksi Tregtia. Banesa është e mobiluar e gatshme dhe e përshtatshme për banim.
Banesa ka të gjitha pajisjet e nevojshme funksionale. Sistemin e ngrohjes e ka me Termokos. Ndodhet në një lokacion të përshtatshëm, me pamje Lindje Jug.
Banesa ka hapësirë të mjatueshme parkimi.
Pranimi teknik i kryer shumë shpejt, ka fletë poseduese. Kontrata te Avokati
Sipërfaqe:80m² netto
Çmimi: 1600m²
Rënditja:
• Sallon dhe Kuzhinë
• 2 Dhoma gjumi
• Banjo&WC
• Depo
• Ballkon
K",1 EUR,80,1.00,80.0,,sale,,,,,,,
low_confidence,banesa-68182,Shitet banesa në rrugën C,"Shitet banesa te rruga C, te Kompleksi Mendi.

Banesa ndodhet në katin e 4 dhe posedon ashensor. Banesa është e re.

Sipërfaqe: 65m²
Çmimi: 950

Rënditja
• Sallon dhe Kuzhinë
• 1 Dhomë gjumi
• Banjo
• Ballkon

Kodi: 2695

Për më shumë informata mund të na beni like faqen tone ne facebook
Smart Real Estate,
bit.ly/2htS4cY
, si dhe
www.instagram.com/realestatesmart/

apo per me shume oferta apo banesa te lira:
www.merrmeqira.com/user/profile/smart

gjirafa.com/…

esa&amp;llshp=Qira
ose mund të na ",950 EUR,0,950.00,65.0,,sale,,,,,,,
low_confidence,banesa-32966,Shitet Banesa te Bregu i Diellit,"Shitet Banesa te Bregu i Diellit, te banesat e kuqe, afer Qendres Tregtare Lesna, mbi fakultetin teknik. Banesa eshte duplex e mobiluar ne teresi mobile moderne, rryme, uje 24/h,parking dhe oborr, banesa ka 135m2

Renditja:
► 3 dhoma gjumi,
► dhome te dites,
► Wc,
► Banjo,
► Kuzhine,
► Trepezari,
► ballkon, dhe
► dhome pastrimi
Çmimi: 1400 € m2

Per me shume na kontaktoni ne kete numer telefoni:
044 393 777
WhatsApp & Viber
+383 44 393 777","1,400 EUR",135,1400.00,135.0,,sale,,,,,,,
low_confidence,banesa-79199,Lokal në shitje në Arbëri,"Lokal ne shitje– Prishinë, lagjja Arberia
Ofrohet për #shitje lokali me sipërfaqe 88m², në Prishtinë! Lokali gjendet në lagjen Arberia ,rrugën Vicianum , në objektin Tregtia, afer me Komunen e re.me qasje direkte në rrugën kryesore dhe në të dy anët e objektit.🏙
Gjendet në katin e parë dhe është tërësisht funksional. Objekti posedon hapësirë të mjaftueshme edhe për parking.
Ka lokacion mjaft të përshtatshëm, pasi që përmbushë të gjitha nevojat e mundshme.
Ka hapsirë të mjaftueshme pune.
Është ve",1 EUR,88,1.00,88.0,,sale,,,,,,,
low_confidence,banesa-58787,LESHOHET BANESA ME QERA NE QENDER PER AFATSHKURTE.,"LESHOHET BANESA ME QERA NE PRISHTINE PER AFATSHKURTE.
•Banesa ne Qender(Afer Grandit)
•Kati i 1-re ; Siperfaqe-18m2
•Çmimi - (20€) nata
Për më shumë informata na kontaktoni.
Real Estate Zogu #realestatezogu
+383 44 888-801
+383 49 888-801
✉️
[email protected]
",20 EUR,18,20.00,18.0,,rent,,,,,,,
low_confidence,banesa-73932,Banesë me qira te Lagjia e Muhaxherëve,"Lëshohet me qira banesa në Lagjen e Muhaxherëve, në rrugën Bedri Shala, kompleksi ""Pozhegu Brothers"".

Banesa është e mobiluar dhe shumë e përshtatshme për banim.

Ndodhet ne katin e 10, posedon ashensor.

Çmimi: 450

Renditja:
•	Sallon dhe Kuzhinë
•	2 Dhoma gjumi
•	Depo
•	Banjo
•	Ballkon
Banesa posedon gjithashtu garazh.

Kodi: 3002

Për më shumë informata mund të na beni like faqen tone ne facebook
Smart Real Estate,
bit.ly/2htS4cY
, si dhe
www.instagram.com/realestatesmart/

apo per me shume ",450 EUR,0,450.00,,,rent,,,,,,,
low_confidence,banesa-76627,Banesë me qira te Lagjia e Muhaxherëve,"Banesë me qira në lagjen parku i qytetit, eshte e mobiluar ne teresi, ka pamje nga rruga kryesore
Kati:3
Sipërfaqe:65
Çmimi i qirasë:250
Renditja:
♦Sallon me kuzhinë
♦Dhomë gjumi
♦ Banjo
♦Ballkon
♦Korridor

Për më shumë informata mund të na kontaktoni ne numrin 044393777 viber&whatsapp",250 EUR,1,250.00,,,rent,,,,,,,
low_confidence,banesa-47809,Banes me qira Mati 1,"Banesë me qira në lagjen në lagjën Muharrem Fejza tek shkolla fillore PAVARSIA.banesa eshte e mobiluar ,ashensor fuksional dhe me mirembajtje
Kati:
Sipërfaqe:
Çmimi i qirasë:200
Renditja:
♦Sallon me kuzhinë
♦1Dhomë gjumi
♦Banjo
♦Ballkon
♦Korridor

Për më shumë informata mund të na beni like faqen tone ne facebook Smart Real Estate,
bit.ly/2htS4cY
,  ose mund të na kontaktoni në këtë numër telefoni
044 393 777
WhatsApp & Viber
+38344 393 777",200 EUR,0,200.00,,,rent,,,,,,,
low_confidence,banesa-79954,Banesë me qira te Lagjia e Muhaxherëve,"Banesë me qira në lagjen e Muhaxherëve, rruga Bedri Shala, mbrapa Ministrisë së Arsimit. Banesa është e mobiluar në tërësi dhe e përshtatshme për banim.
Çmimi: 500
Renditja:
♦Sallon me kuzhinë
♦2 Dhoma gjumi
♦Banjo
♦Ballkon
♦Korridor
Banesa gjithashtu ka garazh për parking.
Kodi: 3420
Për më shumë informata mund të na beni like faqen tone ne facebook Smart Real Estate,
bit.ly/2htS4cY
, ose mund të na kontaktoni në këtë numër telefoni
044 393 777
WhatsApp & Viber
+383 44 393 777",500 EUR,1,500.00,,,rent,,,,,,,
low_confidence,banesa-91733,Banes me qera Mati 1,"Banes me qera Mati 1
Banesa ndodhet tek 13-katshja
Qëndrimi ditor | Kuzhina | 1 Dhome gjumi | Banjo

Çmimi: 200 €

Nr. Tel: 044 577 677
www.geo-rks.com
1512
",200 EUR,0,200.00,,,rent,,,,,,,
low_confidence,banesa-78118,Banesë me qira te Lagjia e Muhaxherëve,"Lëshohet banesa me qira në lagjen e Muhaxhereve, te parku i qytetit. Banesa është e mobiluar në tërësi dhe e përshtatshme për banim.
Çmimi: 270
Banesa ka këtë renditje:
•	Sallon dhe Kuzhinë
•	Dhomë gjumi
•	Banjo
•	Koridor
•	Ballkon

Kodi: 3283

Për më shumë informata mund të na beni like faqen tone ne facebook
Smart Real Estate,
bit.ly/2htS4cY
, si dhe
www.instagram.com/realestatesmart/

apo per me shume oferta apo banesa te lira:
www.merrmeqira.com/user/profile/smart

gjirafa.com/…

esa&amp;lls",270 EUR,1,270.00,,,rent,,,,,,,
low_confidence,banesa-53023,"Leshohet banesa ne Prishtine, afer Plepav.","Leshohet banesa ne Prishtine, afer Plepav.

Banesa ka kete renditje:
- dhom gjumi
- sallon dhe kuzhine
- banjo
- ballkon
- koridor


Qmimi 200€m2
bit.ly/3n3a6PU


Per me shume informata mund te na kontaktoni ne numrin

044 333 511
+383 44 333 511
049 124 677
+383 49 124 677
",200 EUR,0,200.00,,,rent,,,,,,,
low_confidence,banesa-53205,Banese me qira te Shtepia e pleqeve.,"Leshohet banese me qira te Shtepia e pleqeve.


Banesa ka kete renditje:
- 2 dhoma gjumi
- sallon me kuzhine
- banjo
- koridor
- ballkon
parking te mjaftueshem

Qmimi 280€
bit.ly/3n3a6PU

Per me shume informata mund te na kontaktoni ne numrin

044 333 511
+383 44 333 511
049 124 677
+383 49 124 677",280 EUR,0,280.00,,,rent,,,,,,,
low_confidence,banesa-53004,"Leshohet kat shtepie me qira ne Veterrnik,afer Spitalit Amerikan.","Leshohet kat shtepie me qira ne Veterrnik,afer Spitalit Amerikan.
Kati 1.

Banesa ka kete renditje:
- Dhom gjumi
- Sallon
- Kuzhine
- Ballkon
- Koridor

Qmimi:150eruo
bit.ly/3n3a6PU


Per me shume informata mund te na kontaktoni ne numrin
044 333 511
+383 44 333 511
049 124 677
+383 49 124 677",150 EUR,0,150.00,,,rent,,,,,,,
low_confidence,banesa-52947,"Leshohet banes me qira ne Ulpiane, afer AAK-se.","Leshohet banes me qira ne Ulpiane, afer AAK-se.
Kati 3.

Banesa ka kete renditje:
- 2 dhoma gjumi
- sallon dhe kuzhine
- banjo
- ballkon
- koridor

Qmimi 300€m2
bit.ly/3n3a6PU


Per me shume informata mund te na kontaktoni ne numrin

044 333 511
+383 44 333 511
049 124 677
+383 49 124 677",300 EUR,0,300.00,,,rent,,,,,,,
low_confidence,banesa-71369,Banesë me qira te Lagjia Dodona,"Lëshohet me qira banesa në Prishtinë, te Hotel Sirius.

Banesa është e mobiluar në tërësi dhe shumë e përshtatshme për banim.

Çmimi: 500

Renditja:
• Sallon dhe kuzhinë
• 2 Dhoma gjumi
• Banjo
• Ballkon

Kodi: 2832

Për më shumë informata mund të na beni like faqen tone ne facebook
Smart Real Estate,
bit.ly/2htS4cY
, si dhe
www.instagram.com/realestatesmart/

apo per me shume oferta apo banesa te lira:
www.merrmeqira.com/user/profile/smart

gjirafa.com/…

esa&amp;llshp=Qira
ose mund të na konta",500 EUR,0,500.00,,,rent,,,,,,,
low_confidence,banesa-69999,Banesë me qira në rrugën C,"Lëshohet me qira banesa në Rrugën C. Banesa është e mobiluar në tërësi dhe shumë e përshtatshme për banim.

Banesa ka pajisjet e reja.

Çmimi:300

Rënditja
•	Sallon dhe Kuzhinë
•	Dhomë gjumi
•	Banjo
•	Ballkon

Kodi: 2787

Për më shumë informata mund të na beni like faqen tone ne facebook
Smart Real Estate,
bit.ly/2htS4cY
, si dhe
www.instagram.com/realestatesmart/

apo per me shume oferta apo banesa te lira:
www.merrmeqira.com/user/profile/smart

gjirafa.com/…

esa&amp;llshp=Qira
ose mund të na ",300 EUR,0,300.00,,,rent,,,,,,,
low_confidence,banesa-72961,Banesë me qira te Lagjia e Muhaxherëve,"Lëshohet me qira banesa në Lagjen e Muhaxherëve, rruga Jashar Salihu, banesa është e re e pabanuar më parë.

E mobiluar dhe e gatshme për banim, ka sistemin e ngrohjes me rrymë.

Çmimi: 400
Renditja:
•	Sallon dhe Kuzhinë
•	2 Dhoma gjumi
•	Banjo
•	Depo
•	2 Ballkone

Kodi: 2896

Për më shumë informata mund të na beni like faqen tone ne facebook
Smart Real Estate,
bit.ly/2htS4cY
, si dhe
www.instagram.com/realestatesmart/

apo per me shume oferta apo banesa te lira:
www.merrmeqira.com/user/profile/",400 EUR,0,400.00,,,rent,,,,,,,
low_confidence,banesa-69804,Banesë me qira në Fushë Kosovë,"Lëshohet me qira banesa në Fushë Kosovë. Banesa është e mobiluar dhe e gatshme për banim.

Banesa ndodhet në katin e 7 dhe posedon ashensor.
Banesa ka gjithashtu garazh.

Çmimi: 250

Rënditja
• Sallon dhe Kuzhinë
• Dhomë gjumi
• Banjo

Kodi: 2779

Për më shumë informata mund të na beni like faqen tone ne facebook
Smart Real Estate,
bit.ly/2htS4cY
, si dhe
www.instagram.com/realestatesmart/

apo per me shume oferta apo banesa te lira:
www.merrmeqira.com/user/profile/smart

gjirafa.com/…

esa&amp;",250 EUR,0,250.00,,,rent,,,,,,,
high_confidence,banesa-69321,Banesë me qira te Bregu i Diellit,"Lëshohet me qira banesa te Bregu i Diellit, afër shkollës ‘Ismail Qemali’. Banesa është e mobiluar dhe shumë e gatshme për banim.

Banesa ndodhet në katin e 5 dhe posedon ashensor.

Banesa ka sistemin e ngrohjes me Termokos.

Sipërfaqja: 70m²
Çmimi: 320

Rënditja
• Sallon dhe Kuzhinë
• Dhomë gjumi
• Banjo
• Ballkon

Kodi: 2749

Për më shumë informata mund të na beni like faqen tone ne facebook
Smart Real Estate,
bit.ly/2htS4cY
, si dhe
www.instagram.com/realestatesmart/

apo per me shume oferta ",320 EUR,70,320.00,70.0,Bregu i Diellit,rent,,,,,,,
high_confidence,banesa-60144,Banes (zyre) me qira ne lagjen Qafa,"Banesë (zyre) me qira në lagjen Qafa,rruga e UCK se.Banesa është shumë e përshtatshme për: zyre për avokat, zyre projektuese, studio grafike, administrate, zyre të ndryshme.
Kati:perdhese
Sipërfaqe:35 m2
Çmimi i qirasë:300
Renditja:
♦Sallon me kuzhinë
♦Dhomë gjumi
♦Banjo
♦Ballkon
♦Korridor

Për më shumë informata mund të na beni like faqen tone ne facebook Smart Real Estate,
bit.ly/2htS4cY
, apo per me shume oferta apo banesa te lira:
www.merrmeqira.com/user/profile/smart

ose mund të na kontakt",300 EUR,35,300.00,35.0,Qafa,rent,,,,,,,
high_confidence,banesa-31279,Banese me qira te parku i qytetit,"Leshohet banese me qira te  Parku i qytetit, te permendorja e Isa Kastratit. Eshte komplet e mobiluar, gjendet ne katin e 3-te, pa  lift.

Siperfaqe: 75m2
Renditja:
Sallon me kuzhine * 2 dhoma gjumi * banjo * ballkon * korridor
Çmimi: 280 €

Per me shume informata rreth kesaj banese mund te na shkruani linkun me id ose nje screenshot te shpalljes, apo nje kerkese tuajen per banesa tjera, ne kete numer telefoni:
044 333 511
WhatsApp & Viber
+383 44 333 511",280 EUR,75,280.00,75.0,Parku i Qytetit,rent,,,,,,,
high_confidence,banesa-69153,Banesë me qira në Tophane,"Lëshohet me qira banesa në Tophane. Banesa është e re.

Banesa ndodhet në katin e 14

Sipërfaqja: 90m²
Çmimi: 350

Rënditja
• Sallon dhe Kuzhinë
• 2 Dhoma
• Banjo
• Ballkon

Kodi: 2744

Për më shumë informata mund të na beni like faqen tone ne facebook
Smart Real Estate,
bit.ly/2htS4cY
, si dhe
www.instagram.com/realestatesmart/

apo per me shume oferta apo banesa te lira:
www.merrmeqira.com/user/profile/smart

gjirafa.com/…

esa&amp;llshp=Qira
ose mund të na kontaktoni në këtë numër telefoni
04",350 EUR,90,350.00,90.0,Tophane,rent,,,,,,,
high_confidence,banesa-60890,Banese (penthouse) me qira ne lagjen Arberia,"Leshohet banesa PentHouse me QIRA, lagjja Arberi, Rruga Ahmet Krasniqi (Vicianum)
Banesa eshte ndertim i ri dhe e mobiluar teresisht me mobile pothuajse te reja.
| 116m² banim| 56m² ballkon me pamje kah lindja|
| kati i 8 -të
Qmimi 850
Banesa posedon:
✅Kuzhine+Dhome e dites e madhe
✅2 dhoma gjumi
✅1 banjo
✅1 Wc
✅2 ballkona (njera per 2 dhomat e gjumit,ndersa tjetri per sallon dhe kuzhine)
✅ 1 korridor i madh
Sistem i veqant i sigurise,kamera ne hyrje
Sistem automatik i ujit ne rast te ndaljes
Si",850 EUR,116,850.00,116.0,Arbëria,rent,,,,,,,
high_confidence,banesa-60146,Banese me qira ne lagjen Dardania,"Banesë me qira në lagjen Dardania,te posta e madhe.Banesa eshte e mobiluar ne teresi.Ka nxemje me Termokos,Klim.Gjithashtu ne kete cmim perfshihet edhe Garazha.
Kati:3
Sipërfaqe:98 m2
Çmimi i qirasë:600
Renditja:
♦Sallon me kuzhinë
♦3Dhomë gjumi
♦Banjo
♦Ballkon
♦Korridor

Për më shumë informata mund të na beni like faqen tone ne facebook Smart Real Estate,
bit.ly/2htS4cY
, apo per me shume oferta apo banesa te lira:
www.merrmeqira.com/user/profile/smart

ose mund të na kontaktoni në këtë numër t",600 EUR,98,600.00,98.0,Dardania,rent,,,,,,,
high_confidence,banesa-31289,Leshohet banese me qira ne lagjen Emshir,"Leshohet banese me qira ne lagjen Emshir. Eshte komplet e mobiluar.

Siperfaqe: 75m2
Renditja:
Sallon me kuzhine * 2 dhoma gjumi * 2 ballkona * banjo * ballkon * korridor.
Çmimi: 200 €

Per me shume informata rreth kesaj banese mund te na shkruani linkun me id ose nje screenshot te shpalljes, apo nje kerkese tuajen per banesa tjera, ne kete numer telefoni:
045 1900 19
WhatsApp & Viber
+383 45 190 019",200 EUR,75,200.00,75.0,Emshir,rent,,,,,,,
high_confidence,banesa-42962,Banese ne shitje ne Tophane_2+1,"Banesë me qira në lagjen Tophane, e mobiluar ne teresi, banesa posedon garazhe per dy vetura
Sipërfaqe:113m2
Çmimi I qirasë:115000€
Renditja:
♦Sallon me kuzhinë
♦2 Dhomë gjumi
♦2 Banjo
♦Ballkon
♦Korridor
♦Depo

Për më shumë informata mund të na beni like faqen tone ne facebook Smart Real Estate,
bit.ly/2htS4cY
,  ose mund të na kontaktoni në këtë numër telefoni
044/393-777
WhatsApp & Viber
+383 44 393 777","115,000 EUR",113,115000.00,113.0,Tophane,sale,,,,,,,
high_confidence,banesa-69183,Banesë me qira në Emshir,"Lëshohet me qira banesa në Emshir rruga Ali Vitia banesat e Arabve. Banesa është e mobiluar në tërësi dhe është shumë e përshtatshme për banim.
Banesa ndodhet në katin e peste , lift funksional dhe ka të gjitha pajisjet e nevojshme.
Banesa leshohet afat gjate dhe per familjar
Sipërfaqja: 115m2
Çmimi: 350 plus depozita
Renditja:
Sallon dhe  kuzhinë
3 Dhoma gjumi
Banjo dhe Wc
2 Ballkona
Kodi:2731
Për më shumë informata mund të na beni like faqen tone ne facebook
Smart Real Estate,
bit.ly/2htS4cY
,",350 EUR,115,350.00,115.0,Emshir,rent,,,,,,,
high_confidence,banesa-61074,Banese me qira ne lagjen Dardania_2+1,"Banesë me qira në lagjen Dardania,  te laboratori Elita, banesa eshte e mobiluar ne teresi,
Kati: 2
Sipërfaqe: 90
Çmimi i qirasë: 350
Renditja:
♦Sallon me kuzhinë
♦2 Dhomë gjumi
♦Banjo
♦3 Ballkona
♦Korridor

Për më shumë informata mund të na beni like faqen tone ne facebook Smart Real Estate,
bit.ly/2htS4cY
, apo per me shume oferta apo banesa te lira:
www.merrmeqira.com/user/profile/smart

ose mund të na kontaktoni në këtë numër telefoni
044 393 777
WhatsApp & Viber
+383 44 393 777
",350 EUR,90,350.00,90.0,Dardania,rent,,,,,,,
high_confidence,banesa-60512,Banese me qira ne lagjen Emshir_2+1,"Banesë me qira në lagjen  Emshir, kompleksi Pirshtina Stars, banesa eshe e mobiluar ne teresi, moderne
Sipërfaqe:77
Çmimi i qirasë:400
Renditja:
♦Sallon me kuzhinë
♦2 Dhomë gjumi
♦Banjo
♦Ballkon
♦Korridor

Për më shumë informata mund të na beni like faqen tone ne facebook Smart Real Estate,
bit.ly/2htS4cY
, apo per me shume oferta apo banesa te lira:
www.merrmeqira.com/user/profile/smart

ose mund të na kontaktoni në këtë numër telefoni
044 393 777
WhatsApp & Viber
+383 44 393 777
",400 EUR,77,400.00,77.0,Emshir,rent,,,,,,,
high_confidence,banesa-60002,Banese me qira ne lagjen Tophane 2+1,"Leshoj banes me qira ne lagjen Tophane rruga Josip Rela afer Shkolles Meto Bajraktari shume prane qendres me kushte te mira banimi
Banesa posedon:

-Sallon Kuzhin
-2dhoma Gjumi njera e pamobiluar
-Banjo
-Koridor dhe Ballkon
-Kati i 7 lift funksional

-Cmimi 300 plus depozita
Banesa leshohet me qera afat gjate

Për më shumë informata mund të na beni like faqen tone ne facebook Smart Real Estate,
bit.ly/2htS4cY
, apo per me shume oferta apo banesa te lira:
www.merrmeqira.com/user/profile/smart

os",300 EUR,80,300.00,80.0,Tophane,rent,,,,,,,
high_confidence,banesa-68993,Banesë me qira te Qafa,"Lëshohet me qira banes ate Qafa. Banesa është e mobiluar dhe shumë e përshtatshme për banim.

Sipërfaqe: 65m²
Çmimi: 300

Rënditja
• Sallon dhe Kuzhinë
• Dhomë gjumi
• Banjo
• Ballkon

Kodi: 2734

Për më shumë informata mund të na beni like faqen tone ne facebook
Smart Real Estate,
bit.ly/2htS4cY
, si dhe
www.instagram.com/realestatesmart/

apo per me shume oferta apo banesa te lira:
www.merrmeqira.com/user/profile/smart

gjirafa.com/…

esa&amp;llshp=Qira
ose mund të na kontaktoni në këtë numër ",300 EUR,65,300.00,65.0,Qafa,rent,,,,,,,
high_confidence,banesa-29999,Leshohet banese me qira ne lagjen Arberia,"Leshohet banese me qira ne lagjen Arberia, afer komunes se re. Eshte komplet e mobiluar, leshohet edhe per studente, deri ne 6 persona, 75m2.

Banesa posedon:
Sallon me kuzhine / 2 Dhoma gjumi / Banjo / Ballkon / Korridor
Qmimi: 280 €

Per me shume informata rreth kesaj banese mund te na shkruani linkun me id ose nje screenshot te shpalljes, apo nje kerkese tuajen per banesa tjera, ne kete numer telefoni:
044 393 777
WhatsApp & Viber
+383 44 393 777",280 EUR,75,280.00,75.0,Arbëria,rent,,,,,,,
high_confidence,banesa-75109,Banesë me qira në Lakrishtë,"Leshohet me qira banesa në Lakrishtë. Është e  mobiluar dhe e pershtatshme per banim.
Ndodhet ne katin e 6.

Siperfaqe 55m²
Çmimi: 280

Renditja:
•	Sallon dhe Kuzhinë
•	Dhomë gjumi
•	Banjo
•	Ballkon

Kodi: 3027

Për më shumë informata mund të na beni like faqen tone ne facebook
Smart Real Estate,
bit.ly/2htS4cY
, si dhe
www.instagram.com/realestatesmart/

apo per me shume oferta apo banesa te lira:
www.merrmeqira.com/user/profile/smart

gjirafa.com/…

esa&amp;llshp=Qira
ose mund të na kontaktoni",280 EUR,55,280.00,55.0,Lakrishte,rent,,,,,,,
high_confidence,banesa-69233,Banesë me qira te Bregu i Diellit,"Lëshohet me qira banesa te Bregu i Diellit. Banesa është e mobiluar në tërësi dhe shumë e përshtatshme për banim.

Banesa është e re dhe ka të gjitha pajisjet e nevojshme.

Sipërfaqe: 93m²
Çmimi: 500

Rënditja
• Sallon dhe Kuzhinë
• 2 Dhoma
• Banjo
• Ballkon
• Depo
• Garazh

Kodi: 2746

Për më shumë informata mund të na beni like faqen tone ne facebook
Smart Real Estate,
bit.ly/2htS4cY
, si dhe
www.instagram.com/realestatesmart/

apo per me shume oferta apo banesa te lira:
www.merrmeqira.com/use",500 EUR,93,500.00,93.0,Bregu i Diellit,rent,,,,,,,
high_confidence,banesa-62354,Banese me qira ne lagjen Arberia,"Leshoj banese me qera ne lagjen Arberia, afer Minimax, rruga Ferid Curri ,kompleksi Kabashi Group, e pa banuar me pare, gjysem e mobiluar
Kati:2
Çmimi i qirasë:500
Renditja:
♦Sallon me kuzhinë
♦2 Dhomë gjumi
♦Banjo
♦Ballkon
♦Korridor

Për më shumë informata mund të na beni like faqen tone ne facebook Smart Real Estate,
bit.ly/2htS4cY
, apo per me shume oferta apo banesa te lira:
www.merrmeqira.com/user/profile/smart

ose mund të na kontaktoni në këtë numër telefoni
044 393 777
WhatsApp & Viber
+",500 EUR,90,500.00,90.0,Arbëria,rent,,,,,,,
high_confidence,banesa-61110,Banese me qira ne lagjen Emshir,"Banesë me qira në lagjen Emshir, banesa eshte e mobiluar ne teresi me kushte shume te mira banimi kati i 2 ,afer Stacionit te Autobusave kompleksi Arditi com
Sipërfaqe:67 m2
Çmimi i qirasë:320 me garazh ,plus depozita
Renditja:
♦Sallon me kuzhinë
♦Dhomë gjumi
♦Banjo
♦Ballkon
♦Korridor

Për më shumë informata mund të na beni like faqen tone ne facebook Smart Real Estate,
bit.ly/2htS4cY
, apo per me shume oferta apo banesa te lira:
www.merrmeqira.com/user/profile/smart

ose mund të na kontaktoni n",320 EUR,65,320.00,65.0,Emshir,rent,,,,,,,
high_confidence,banesa-78390,Banese me qira ne lagjen Aktash,"Ofrohet PËR #QIRA Banesë eksluzive në kompleksin ""Rezidenca e Mbretereshes” Aktash.
70m² │2 Dhoma gjumi│Banjo│Shpajz│Sallon me kuzhinë|Ballkon│Garazhd|Kati 6-të
▬
Në katin e 6-të të një objekti 14 katësh ndodhet banesa moderne, e mobiluar dhe me planimetri shumë funksionale, ndërtim i ri, në lagjen Aktash. Pamje të hapur ku shihet e tërë Prishtina dhe me shumë ndriçim.
•
Ka sipërfaqe prej 70m² dhe përbëhet nga 1 Dhomë dite me kuzhinë, 2 Dhoma gjumi, 1 Banjo, 1 Shpajz dhe 1 Ballkon plus garazha n",550 EUR,70,550.00,70.0,Aktash,rent,,,,,,,
high_confidence,banesa-61077,Banes me qira ne lagjen Lakrishte,"Banesë me qira në lagjen Lakrishte, banesa eshte e mobiluar me kushte te mira banimi banesa posedon nxemje me Termokos
Sipërfaqe:65 ,kati i 5 lift funksional
Çmimi i qirasë:300
Renditja:
♦Sallon me kuzhinë
♦Dhomë gjumi
♦Banjo
♦Ballkon
♦Korridor

Për më shumë informata mund të na beni like faqen tone ne facebook Smart Real Estate,
bit.ly/2htS4cY
, apo per me shume oferta apo banesa te lira:
www.merrmeqira.com/user/profile/smart

ose mund të na kontaktoni në këtë numër telefoni
044 393 777
WhatsAp",300 EUR,65,300.00,65.0,Lakrishte,rent,,,,,,,
high_confidence,banesa-60889,Banese me qira ne lagjen Arberia,"Banesa me qera në lagjen me te mire ne Prishtine ,ne Lagjen Arberia .
Banesa eshte e mobiluar,e re ,shume komode per banim me pamje nga Lindja
Kati: 2-te
Sipërfaqe: 65m2
Çmimi 300 plus depozita
-
Banesa gjendet në një ambient të përshtatshëm për banim ,objekti është ndërtim i kompanisë ""Arberia Com"".
-
Banesa është e orientuar në lindje dhe e ekspozuar mjaft ndaj Diellit, posedon ngrohje qëndrore me rrymë si dhe parking të mjaftueshem para banesës, në afërsi të banesës ju mundë ti gjeni të gjith",350 EUR,65,350.00,65.0,Arbëria,rent,,,,,,,
high_confidence,banesa-60863,Banese me qira ne lagjen Dardania_2+1,"Banesë me qira në lagjen Dardania, banesa eshte e mobiluar ne teresi,
Sipërfaqe: 80
Çmimi i qirasë:
Renditja:
♦Sallon me kuzhinë
♦2 Dhomë gjumi
♦Banjo
♦Ballkon
♦Korridor

Për më shumë informata mund të na beni like faqen tone ne facebook Smart Real Estate,
bit.ly/2htS4cY
, apo per me shume oferta apo banesa te lira:
www.merrmeqira.com/user/profile/smart

ose mund të na kontaktoni në këtë numër telefoni
044 393 777
WhatsApp & Viber
+383 44 393 777
",500 EUR,80,500.00,80.0,Dardania,rent,,,,,,,
high_confidence,banesa-60519,Banese me qira ne lagjen Ulpiana,"Banesë me qira në lagjen  Ulpiana, eshte e mobiluar ne teresi
Sipërfaqe:40
Çmimi i qirasë:250
Renditja:
♦Sallon me kuzhinë
♦Dhomë gjumi
♦Banjo
♦Ballkon
♦Korridor

Për më shumë informata mund të na beni like faqen tone ne facebook Smart Real Estate,
bit.ly/2htS4cY
, apo per me shume oferta apo banesa te lira:
www.merrmeqira.com/user/profile/smart

ose mund të na kontaktoni në këtë numër telefoni
044 393 777
WhatsApp & Viber
+383 44 393 777
",250 EUR,40,250.00,40.0,Ulpiana,rent,,,,,,,
high_confidence,banesa-60515,Banese me qira te Qafa_2+1,"Banesë me qira te Qafa, banesa eshte e mobiluar ne teresi, moderne,
Kati:6
Sipërfaqe:70
Çmimi i qirasë:
Renditja:
♦Sallon me kuzhinë
♦2 Dhomë gjumi
♦Banjo
♦Ballkon
♦Korridor

Për më shumë informata mund të na beni like faqen tone ne facebook Smart Real Estate,
bit.ly/2htS4cY
, apo per me shume oferta apo banesa te lira:
www.merrmeqira.com/user/profile/smart

ose mund të na kontaktoni në këtë numër telefoni
044 393 777
WhatsApp & Viber
+383 44 393 777
",500 EUR,70,500.00,70.0,Qafa,rent,,,,,,,
high_confidence,banesa-78971,Banese me qira ne lagjen Bregu i diellit,"Leshohet banese me qira ne lagjen Bregu i diellit, Banesat e Standardit afer Viva Fresh, me ndriqim te mjaftueshem dhe qetesi te mjaftueshme gjate nates.
Kati 4 - lifti me kartele
Banesa eshte e mobiluar dhe me te gjitha paisjet qe i nevojiten nje banese. Ka kete renditje:
- Dhome dite
- Kuzhine me tryezari
- 2 Dhoma gjumi
- Banjo
- WC e veqant
- Teras te madhe
- Bodrum
- Garazhe nentokesore (e ka cmimin te veqant).
Shenim: Kjo banese leshohet vetem per familjar ose qift bashkeshortor.
Cmimi : 3",350 EUR,80,350.00,80.0,Bregu i Diellit,rent,,,,,,,
high_confidence,banesa-59748,Banese me qira ne lagjen Bregu i Diellit,"Banesë me qira në lagjen Bregu i Diellit ,rruga  afer xhamise dhe Banesave te bardha kati i 4  ,
Banesa eshte extra e mobiluar ne teresi e pabanuar me pare pas renovimit
Banesa pritet te kete nxemje me termokos
Kati: 4 lift nuk ka
Sipërfaqe:89m2
Çmimi i qirasë:  plus depozita
Renditja:
♦Sallon, kuzhinë ndaras dhe shpajz
♦2 Dhomë gjumi
♦Banjo
♦Ballkon
♦Korridor i madh
Banesa leshohet afat gjate .per qift apo te punesuar dhe te huaj
Banesa posedon edhe garazh te perfshire ne qmim
Për më shumë info",500 EUR,89,500.00,89.0,Bregu i Diellit,rent,,,,,,,
high_confidence,banesa-79315,Super banese me qira ne lagjen Emshir,"Leshohet banese me qira ne lagjen Emshir, kompleksi Blerti. Banesa eshte komplet e mobiluar moderne.Paisjet e kuzhines jane te teknologjise se fundit dhe cilsore, si dhe interieri dhe gjithcka eshte e zgjedhur dhe punuar me shije dhe ka nje organizim shume te mire. Po ashtu ka dhe ballkon te izoluar me xhama levizes.Lokacioni i baneses eshte shume i pertatshem per banim, pasi qe poshte hyrjes ka furren, marketin, bare dhe restorane, barnatore etj.si dhe stacioni i autobusit trafik eshte perball ",420 EUR,65,420.00,65.0,Emshir,rent,,,,,,,
high_confidence,banesa-79839,Banese me qira te Qafa,"Leshohet banese me qira te Qafa  e cila gjendet ne Qender, Rr. UCK perball ish Raiffeisen Bank dhe me saktesisht mbi Restoranin De Rada. Banesa eshte e mobiluar komplet e gatshme per banim, gjendet ne katin e 3-te.
Siperfaqe: 70m2
Banesa ka kete renditje:
- Sallon
- Kuzhine
- 2 Dhoma gjumi
- Banjo
- Ballkon
- Koridor
Cmimi: 370 euro

bit.ly/3n3a6PU

Per me shume informata mund te na kontaktoni ne numrin
049 124 677 WhatsApp dhe Viber +383 49 124 677
044 333 511 WhatsApp dhe Viber +383 44 333 511",370 EUR,70,370.00,70.0,Qafa,rent,,,,,,,
high_confidence,banesa-79582,Banese me qira ne lagjen Dardania,"Banesa me Qira në Dardani – Pranë Postës së Madhe
Çmimi: 450 €/muaj

Banesë e renovuar dhe mobiluar me orendi te reja në lagjen Dardania, afër Postës së Madhe, në një zonë të qetë dhe të përshtatshme për familje. Banesa ka sipërfaqe 70 m² dhe ndodhet në katin e 3-të
Karakteristikat:
• Sallon i madh dhe i ndriçuar
• Kuzhinë e pajisur plotësisht
• 2 dhoma gjumi
• Banjo
• Ballkon
• Ngrohje me Termokos
• Klimë
• Depo ne podrum
Banesa është e gatshme për të banuar menjëherë dhe ofron kushte të mira p",450 EUR,70,450.00,70.0,Dardania,rent,,,,,,,
high_confidence,banesa-73880,Banese me qira ne Aktash,"Leshohet banese me qira ne lagjen Aktash komplet e mobiluare gatshme per banim.
Siperfaqe: 98m2, kati i 4-te pa lift.
Banesa ka kete renditje:
- Sallon
- Kuzhine
- 2 Dhoma gjumi
- Banjo
- Ballkon
- Koridor
Cmimi: 450 euro

bit.ly/3n3a6PU

Per me shume informata mund te na kontaktoni ne numrin
049 124 677 WhatsApp dhe Viber +383 49 124 677
044 333 511 WhatsApp dhe Viber +383 44 333 511",450 EUR,98,450.00,98.0,Aktash,rent,,,,,,,
high_confidence,banesa-30981,Ipet banese me qira ne lagjen Bregu i diellit,"Ipet banese me qira ne lagjen Bregu i diellit, banesat ngjyre hiri, perballe Royal Mall. Gjindet ne katin e 3-te, eshte komplet e mobiluar, 75m2.
Renditja:
Sallon me kuzhine, 2 dhoma gjumi, banjo, 2 ballkona, korridor.
Çmimi: 300 €

Per me shume informata rreth kesaj banese mund te na shkruani linkun me id ose nje screenshot te shpalljes, apo nje kerkese tuajen per banesa tjera, ne kete numer telefoni:
045 190 019
WhatsApp & Viber
+383 45 190 019",300 EUR,75,300.00,75.0,Bregu i Diellit,rent,,,,,,,
high_confidence,banesa-30454,Banese me qira ne lagjen Bregu i diellit,"Leshohet banese me qira ne lagjen Bregu i diellit, rruga: Tivari. Eshte komplet e mobiluar, 100m2.

Renditja:
Dhome e ndejes, Kuzhine me paradhome, 2 dhoma gjumi, banjo ,ballkon, korridor
Çmimi: 300 €

Per me shume informata rreth kesaj banese mund te na shkruani linkun me id ose nje screenshot te shpalljes, apo nje kerkese tuajen per banesa tjera, ne kete numer telefoni:
045 190 019
WhatsApp & Viber
+383 45 190 019",300 EUR,100,300.00,100.0,Bregu i Diellit,rent,,,,,,,
high_confidence,banesa-30007,Banese luksoze me qira ne lagjen Arberia,"Banese luksoze me qira ne lagjen Arberia, afer Five Star-it eshte komplet e mobiluar,  e re, e pabanuar me pare. Gjendet ne katin e l-are, 90m2.

Banesa posedon:
Sallon me kuzhine / 2 Dhoma gjumi / 2 Banjo / Ballkon / Korridor / Shpajz
Qmimi: 500€

Per me shume informata rreth kesaj banese mund te na shkruani linkun me id ose nje screenshot te shpalljes, apo nje kerkese tuajen per banesa tjera, ne kete numer telefoni:
044 393 777
WhatsApp & Viber
+383 44 393 777",500 EUR,90,500.00,90.0,Arbëria,rent,,,,,,,
high_confidence,banesa-75110,Banesë me qira në Pejton,"Leshohet me qira banesa në Pejton. Është e mobiluar dhe e pershtatshme per banim.
Banesa ka sistemin e ngrohjes me Termokos.
Siperfaqe 39m²
Çmimi: 235
Renditja:
•	Sallon dhe Kuzhinë
•	Dhomë gjumi
•	Banjo
•	Ballkon

Kodi: 3028

Për më shumë informata mund të na beni like faqen tone ne facebook
Smart Real Estate,
bit.ly/2htS4cY
, si dhe
www.instagram.com/realestatesmart/

apo per me shume oferta apo banesa te lira:
www.merrmeqira.com/user/profile/smart

gjirafa.com/…

esa&amp;llshp=Qira
ose mund t",235 EUR,39,235.00,39.0,Pejton,rent,,,,,,,
high_confidence,banesa-71289,Banesë me qira në Tophane,"Lëshohet me qira banesa në Tophane, ne rrugen Lidhja e Prizrenit.
Banesa është e mobiluar dhe e përshtatshme për banim.

Ndodhet në katin e 4 dhe posedon ashensor, sistemin e ngrohjes e ka me rrymë.

Sipërfaqja: 72m²
Çmimi: 350

Renditja:
• Sallon dhe Kuzhinë
• 2 Dhoma gjumi
• Banjo
• Koridor
• Ballkon

Kodi: 2824

Për më shumë informata mund të na beni like faqen tone ne facebook
Smart Real Estate,
bit.ly/2htS4cY
, si dhe
www.instagram.com/realestatesmart/

apo per me shume oferta apo banesa te",350 EUR,72,350.00,72.0,Tophane,rent,,,,,,,
high_confidence,banesa-69996,Banesë me qira në Emshir,"Lëshohet me qira banesa në Emshir, te Dardha. Banesa është e mobiluar në tërësi dhe shumë e përshtatshme për banim.

Banesa ka të gjitha pajisjet e reja.

Banesa ndodhet në katin e 5.

Sipërfaqja; 50m²
Çmimi:300m²

Rënditja
• Sallon dhe Kuzhinë
• Dhomë gjumi
• Banjo
• Depo
• Ballkon

Kodi: 2786

Për më shumë informata mund të na beni like faqen tone ne facebook
Smart Real Estate,
bit.ly/2htS4cY
, si dhe
www.instagram.com/realestatesmart/

apo per me shume oferta apo banesa te lira:
www.merrmeqir",300 EUR,50,300.00,50.0,Emshir,rent,,,,,,,
high_confidence,banesa-61129,Banese me qira ne lagjen Arberia_2+1,"Banesë me qira në lagjen Arberia, kompleksi Butrinti mbrapa Minimaxit, banesa eshte e mobiluar ne teresi
Sipërfaqe:85
Çmimi i qirasë:380
Renditja:
♦Sallon me kuzhinë
♦2 Dhomë gjumi
♦Banjo
♦Ballkon
♦Korridor
♦Depo

Për më shumë informata mund të na beni like faqen tone ne facebook Smart Real Estate,
bit.ly/2htS4cY
, apo per me shume oferta apo banesa te lira:
www.merrmeqira.com/user/profile/smart

ose mund të na kontaktoni në këtë numër telefoni
044 393 777
WhatsApp & Viber
+383 44 393 777",380 EUR,85,380.00,85.0,Arbëria,rent,,,,,,,
high_confidence,banesa-49374,Banese me qira ne Emshir,"Leshohet banese me qira ne Emshir,Te Kullat e Arabve,Kati 5
Banesa ka kete renditje:
- 2 dhoma gjumi
- sallon dhe kuzhine
- banjo
- 2 ballkona
- koridor
Qmimi 300€
bit.ly/3n3a6PU

Per me shume informata mund te na kontaktoni ne numrin
044 333 511
+383 44 333 511Leshohet banese me qira ne Emshir,Te Kullat e Arabve,Kati 5
Banesa ka kete renditje:
- 2 dhoma gjumi
- sallon dhe kuzhine
- banjo
- 2 ballkona
- koridor
Qmimi 300€
bit.ly/3n3a6PU

Per me shume informata mund te na kontaktoni ne numrin
044",300 EUR,85,300.00,85.0,Emshir,rent,,,,,,,
high_confidence,banesa-49234,Banese me qira ne Emshir,"Leshohet banese me qira ne Emshir,Perballe UBT,te EXDC(Vetem Per Familjare)
Banesa ka kete renditje:
- 2 dhoma gjumi
- sallon dhe kuzhine
- banjo
- ballkon
- koridor
Qmimi 300€
bit.ly/3n3a6PU

Per me shume informata mund te na kontaktoni ne numrin
044 333 511
+383 44 333 511",300 EUR,80,300.00,80.0,Emshir,rent,,,,,,,
high_confidence,banesa-79566,Banese me qira ne lagjen Arberia,"Leshohet banesa me qira ne lagjen Arberia,  me sipërfaqe 65m² me lokacion në Eduard Lir afër market Meridian Expres.

Banesa ka orientim jugë lindje është në katin e 2 te banimit me këtë renditje të hapësirave të brendshme: 1 Qëndrim ditorë, Kuzhinë , 1 Dhomë gjumi , 1 banjo dhe 1 Terasë të madhe.

Vlen të cekët që mobilet janë të gjitha të reja , banesa e sapo renovuar.
Sistemin e ngrohjes e ka me energji elektrike. Ndërtesa ku gjendet banesa posedon ashensor si dhe hapësirë për vendparkim të j",300 EUR,65,300.00,65.0,Arbëria,rent,,,,,,,
high_confidence,banesa-61080,Banese me qira ne Emshir,"Banese me qera në lagjen me te mire ne Prishtine ,ne Lagjen Emshir, te banesat e Arabve .
Banesa eshte e mobiluar,me kushte te mira banimi me pare ,shume komode per banim me pamje nga Lindja me termokos
Kati: 7-te
Sipërfaqe: 90m2
Çmimi 350plus depozita
-
Banesa gjendet në një ambient të përshtatshëm për banim
-
Banesa është e orientuar në lindje dhe e ekspozuar mjaft ndaj Diellit, posedon ngrohje qëndrore me rrymë si dhe parking të mjaftueshem para banesës, në afërsi të banesës ju mundë ti gjeni",350 EUR,90,350.00,90.0,Emshir,rent,,,,,,,
high_confidence,banesa-78160,Banese me qira ne lagjen Arberia,"Leshohet banese me qira ne lagjen Arberia afër rrethit të “Ismetit” në katin e 2-të.
Banesa ndodhet në një lokacion të përshtatshëm për banim.
Siperfaqe: 120m2
Banesa ka këtë renditje:
|1 Sallon me kuzhinë
|2 Dhoma të fjetjes
|1 Banjo
|1 Ballkon
|2 Terasa
Qmimi 400 euro

bit.ly/3n3a6PU

Per me shume informata mund te na kontaktoni ne numrin
049 124 677 WhatsApp dhe Viber +383 49 124 677
044 333 511 WhatsApp dhe Viber +383 44 333 511
",400 EUR,120,400.00,120.0,Arbëria,rent,,,,,,,
high_confidence,banesa-79425,Banese me qira ne lagjen Aktash,"Leshohet banese me qira ne lagjen Aktash e mobiluar komplet,  Rr.Hajrullah Abdullahu . Banesa eshte komplet e mobiluar, moderne dhe e gatshme per banim.
Banesa ka kete renditje:
- Sallon
- Kuzhine
- 2 Dhoma gjumi
- Banjo
- Ballkon
- Koridor
- Parking
Cmimi: 500 euro

bit.ly/3n3a6PU

Per me shume informata mund te na kontaktoni ne numrin
049 124 677 WhatsApp dhe Viber +383 49 124 677
044 333 511 WhatsApp dhe Viber +383 44 333 511",500 EUR,80,500.00,80.0,Aktash,rent,,,,,,,
high_confidence,banesa-60867,Banese me qira ne lagjen Bregu i Diellit,"Banesë me qira në lagjen Bregu i Diellit, banesa eshte e pa mobiluar ka te montuar vetem kuzhinen
Sipërfaqe: 70
Çmimi i qirasë: 250
Renditja:
♦Sallon me kuzhinë
♦Dhomë gjumi
♦Banjo
♦Ballkon
♦Korridor

Për më shumë informata mund të na beni like faqen tone ne facebook Smart Real Estate,
bit.ly/2htS4cY
, apo per me shume oferta apo banesa te lira:
www.merrmeqira.com/user/profile/smart

ose mund të na kontaktoni në këtë numër telefoni
044 393 777
WhatsApp & Viber
+383 44 393 777
",250 EUR,70,250.00,70.0,Bregu i Diellit,rent,,,,,,,
high_confidence,banesa-81277,Banesë me qira në Emshir,"Lëshohet me qira banesa në Emshir. Banesa është e mobiluar në tërësi, e gatshme dhe e përshtatshme për banim.
Banesa ka të gjitha pajisjet e nevojshme.
Sipërfaqe: 50m²
Çmimi: 320
Rënditja
•	Sallon dhe Kuzhinë
•	Dhomë gjumi
•	Banjo
•	Ballkon
•	Koridor
•	Depo

Kodi: 3592

Për më shumë informata mund të na beni like faqen tone ne facebook
Smart Real Estate,
bit.ly/2htS4cY
, si dhe
www.instagram.com/realestatesmart/

apo per me shume oferta apo banesa te lira:
www.merrmeqira.com/user/profile/smart

",320 EUR,1,320.00,50.0,Emshir,rent,,,,,,,
high_confidence,banesa-60642,Banese me qira ne lagjen Bregu i Diellit,"Banesë me qira në lagjen Bregu i Diellit, banesa eshte  mobiluar ne teresi,
Kati:4
Sipërfaqe:90
Çmimi i qirasë:450
Renditja:
♦Sallon me kuzhinë
♦2 Dhomë gjumi
♦Banjo
♦Ballkon
♦Korridor

Për më shumë informata mund të na beni like faqen tone ne facebook Smart Real Estate,
bit.ly/2htS4cY
, apo per me shume oferta apo banesa te lira:
www.merrmeqira.com/user/profile/smart

ose mund të na kontaktoni në këtë numër telefoni
044 393 777
WhatsApp & Viber
+38344 393 777
",450 EUR,90,450.00,90.0,Bregu i Diellit,rent,,,,,,,
high_confidence,banesa-77860,Banese me qira ne lagjen Bregu i Diellit,"Leshohet banese me qira ne lagjen Bregu i diellit, komplet e mobiluar e gatshme per banim.
Siperfaqe: 45m2
Kati i 5-te nen kulem, pa lift.
Banesa ka kete renditje:
- Sallon
- Kuzhine
- Dhome gjumi
- Banjo
- Ballkon
- Koridor
Cmimi: 250 euro
bit.ly/3n3a6PU

Per me shume informata mund te na kontaktoni ne numrin
049 124 677 WhatsApp dhe Viber +383 49 124 677",250 EUR,45,250.00,45.0,Bregu i Diellit,rent,,,,,,,
high_confidence,banesa-78010,Banes me qira ne lagjen Ulpiana,"Banese me qira ne Ulpiane, afer shkolles Hasan Prishtina
Banesa eshte 50m2 ne katin e 2-te dhe ka kete renditje
sallon me kuzhine
dhome gjumi
banjo
ballkon
Çmimi i qirase: 300€ plus depoziti
bit.ly/3n3a6PU

Per me shume informata mund te na kontaktoni ne numrin
049 124 677 WhatsApp dhe Viber +383 49 124 677",300 EUR,55,300.00,55.0,Ulpiana,rent,,,,,,,
high_confidence,banesa-41799,Banese me qira ne Emshir,"Leshohet banese me qira ne Emshir,Afer Restaurant Nazi,Pamje Nga Perendimi
Kati 5,60m2
Banesa ka kete renditje:
- 2 dhoma gjumi
- sallon dhe kuzhine
- banjo
- ballkon
- koridor
Qmimi 280€
bit.ly/3n3a6PU


Per me shume informata mund te na kontaktoni ne numrin
044 333 511
+383 44 333 511",280 EUR,60,280.00,60.0,Emshir,rent,,,,,,,
high_confidence,banesa-59751,Banese me qira ne lagjen Arberia,"Banesë me qira në lagjen Arberia / Dragodan, rruga Ferid Curri afer Ambasades Amerikane dhe Minimax,mbi gjelltore Nazi se re dhe viva fresh kati i 5 lift funksional ,pamje lindje,banesa eshte e mobiluar ne teresi moderne
Sipërfaqe:90
Çmimi i qirasë:450 me garazh plus depozita e obliguar
Renditja:
♦Sallon me kuzhinë
♦2Dhomë gjumi
♦Banjo
♦2Ballkona
♦Korridor

Për më shumë informata mund të na beni like faqen tone ne facebook Smart Real Estate,
bit.ly/2htS4cY
, apo per me shume oferta apo banesa te",450 EUR,90,450.00,90.0,Arbëria,rent,,,,,,,
high_confidence,banesa-59749,Banese me qira ne lagjen Arberia_2+1,"Banesë me qira në lagjen Arberia ,rruga Vicianum i kompleksi Dumnica Group kati i 2 ,afer Meridianit market ,
Banesa eshte extra e mobiluar ne teresi e pabanuar me pare
Banesa pritet te kete nxemje me termokos
Kati: 3 lift funksional
Sipërfaqe:92 m2
Çmimi i qirasë: 500 i diskutueshem me garazh,plus depozita
Renditja:
♦Sallon me kuzhinë
♦2 Dhomë gjumi
♦Banjo
♦Ballkon
♦Korridor i madh
+ garazha
Banesa leshohet afat gjate .per qift apo te punesuar dhe te huaj
Banesa posedon edhe garazh te perfshire",500 EUR,92,500.00,92.0,Arbëria,rent,,,,,,,
high_confidence,banesa-79183,Banese me qira ne lagjen Arberia,"Leshohet banese me qira ne Arberia, rruga Vicianum. Banesa eshte e mobiluar komplet super moderne, ka ngrohje me termokos, kati i 7-te lift funksional, siperfaqe 77m2, parking me rampe.
Banesa ka kete renditje:
- Sallon
- Kuzhine
- 2 Dhoma gjumi
- Banjo
- Ballkon
- Koridor
Cmimi: 480 euro
bit.ly/3n3a6PU

Per me shume informata mund te na kontaktoni ne numrin
049 124 677 WhatsApp dhe Viber +383 49 124 677
044 333 511 WhatsApp dhe Viber +383 44 333 511",480 EUR,77,480.00,77.0,Arbëria,rent,,,,,,,
high_confidence,banesa-79261,Gasoniere me qira te Parku i qytetit,"Leshohet banese ( gasoniere ) me qira te Parku i qytetit, banesa eshte komplet e mobiluar, gjendet ne katin e 4-te, shume e pershatshme per banim.
Banesa ka kete renditje:
- Sallon
- Kuzhine
- Banjo
Cmimi: 180 euro

bit.ly/3n3a6PU

Per me shume informata mund te na kontaktoni ne numrin
049 124 677 WhatsApp dhe Viber +383 49 124 677
044 333 511 WhatsApp dhe Viber +383 44 333 511",180 EUR,30,180.00,30.0,Parku i Qytetit,rent,,,,,,,
high_confidence,banesa-73883,Banese me qera ne Lagjen Arberia,"Banese me qera ne lagjen Arberia, perballe komunes se re. ndertese komplet e mobiluar me mobile te reja dhe komode, shume e pershtatshme per banim, kati i 3-te.
Siperfaqe: 65m2
Banesa ka kete renditje:
Sallon
Kuzhine
2 Dhoma gjumi
Banjo
Ballkon
Korridor
Cmimi : 380 euro

bit.ly/3n3a6PU

Per me shume informata mund te na kontaktoni ne numrin
049 124 677 WhatsApp dhe Viber +383 49 124 677
044 333 511 WhatsApp dhe Viber +383 44 333 511",380 EUR,65,380.00,65.0,Arbëria,rent,,,,,,,
high_confidence,banesa-81369,Banesë me qira në Aktash,"Lëshohet me qira banesa në Lagjen Aktash, rruga Rexhep Mala. Banesa është e mobiluar dhe e gatshme për banim.
Sipërfaqe: 90m²
Çmimi: 300
Banesa ka këtë renditje:
• Sallon dhe kuzhinë
• Dhomë gjumi
• Banjo
• Ballkon
• Koridor
Kodi: 3605
Për më shumë informata mund të na beni like faqen tone ne facebook
Smart Real Estate,
bit.ly/2htS4cY
, si dhe
www.instagram.com/realestatesmart/

apo per me shume oferta apo banesa te lira:
www.merrmeqira.com/user/profile/smart

gjirafa.com/…

esa&amp;llshp=Qira
o",300 EUR,90,300.00,90.0,Aktash,rent,,,,,,,
high_confidence,banesa-79006,Banese me qira ne lagjen Aktash,"Leshohet banese me qira ne lagjen Aktash , rruga: Gazmend Zajmi, objekti pika luxury. Banesa eshte e mobiluar komplet dhe moderne.
Siperfaqe: 96m2
- Sallon
- Kuzhine
- 2 Dhoma gjumi
- Banjo
- Ballkon
- Koridor
-Garazhe perfshihet ne kete cmim
Cmimi: 700 euro

bit.ly/3n3a6PU

Per me shume informata mund te na kontaktoni ne numrin
049 124 677 WhatsApp dhe Viber +383 49 124 677
044 333 511 WhatsApp dhe Viber +383 44 333 511",700 EUR,96,700.00,96.0,Aktash,rent,,,,,,,
high_confidence,banesa-79832,Gasoniere me qira te Qafa,"Leshohet banese ( gasoniere ) me qira te Qafa, në katin e parë. Banesa është e mobiluar me të gjitha pajisjet e nevojshme për jetesë (frigorifer, shporet elektrik, lavatriçe, thithëse elektrike dhe televizor). Banesa ka një dhomë me dy krevate, të cilët mund të shtrihen, si dhe një kuzhinë të ndarë nga dhoma. Qiramarrësi paguan vetëm faturën e rrymës dhe të ngrohjes qëndrore.
Cmimi: 200 euro

bit.ly/3n3a6PU

Per me shume informata mund te na kontaktoni ne numrin
049 124 677 WhatsApp dhe Viber +3",200 EUR,25,200.00,25.0,Qafa,rent,,,,,,,
high_confidence,banesa-53980,Banes ne shitje ne lagjen Emshir 1+1,"Ofrohet PËR #Shitje- Banesë e këndshme në Lagjen Emshir në Prishtinë
63m²│Dhomë gjumi│Banjo dhe WC│Sallon me kuzhine dhe shpajz | Kati 2-t
▬
Banesa ndodhet në katin e 2-të, në kuadër të kompleksit ""EXDC në lagjen Emshir shumë pranë ""UBT se"", rruga Fazli Balaj,pamje të hapur, organizim të mirë, e mobiluar lezetshem ,e përshtashem për persona qe deshirojne me leshu me qera pasiqe veq eshte e banuar me qeraxhi afatgjate.
Banesa posedon fleteposeduese, perkthimi mbrenda dites si dhe mundesi me vendo","60,000 EUR",63,60000.00,63.0,Emshir,sale,,,,,,,
high_confidence,banesa-59989,Banese me qira ne lagjen Emshir 2+1,"Banesë me qira në lagjen Emshir,te kulla e 5-te banesa eshte e mobiluar ne teresi.LIft funksional dhe ngrohje me Termokos.
Kati:8
Sipërfaqe:70 m2
Çmimi i qirasë:300
Renditja:
♦Sallon me kuzhinë
♦2Dhomë gjumi
♦Banjo dhe Wc
♦Ballkon
♦Korridor

Për më shumë informata mund të na beni like faqen tone ne facebook Smart Real Estate,
bit.ly/2htS4cY
, apo per me shume oferta apo banesa te lira:
www.merrmeqira.com/user/profile/smart

ose mund të na kontaktoni në këtë numër telefoni
044 393 777
WhatsApp & ",300 EUR,70,300.00,70.0,Emshir,rent,,,,,,,
high_confidence,banesa-31237,Leshohet banese me qira te Qafa,"Leshohet banese me qira te Qafa, rruga: Josip Rela. Eshte e gjysmemobiluar, gjendet ne katin perdhese, dhe mund te perdoret edhe per zyre.
Siperfaqe: 85m2
Renditja:
Sallon me kuzhine * 2 dhoma gjumi * banjo * ballkon * korridor.
Çmimi: 270 €

Per me shume informata rreth kesaj banese mund te na shkruani linkun me id ose nje screenshot te shpalljes, apo nje kerkese tuajen per banesa tjera, ne kete numer telefoni:
045 190 019
WhatsApp & Viber
+383 45 190 019",270 EUR,85,270.00,85.0,Qafa,rent,,,,,,,
high_confidence,banesa-30487,Leshohet banese me qira ne lagjen Ulpiana,"Leshohet banese me qira ne lagjen Ulpiana, afer shtepise se shendetit, barnatorja Rexal, gjendet ne katin e 3-te pa lift, 55m2.

Banesa posedon:
Sallon me kuzhine, dhome gjumi, banjo, ballkon, korridor
Çmimi: 250 €

Per me shume informata rreth kesaj banese mund te na shkruani linkun me id ose nje screenshot te shpalljes, apo nje kerkese tuajen per banesa tjera, ne kete numer telefoni:
045 190 019
WhatsApp & Viber
+383 45 190 019",250 EUR,55,250.00,55.0,Ulpiana,rent,,,,,,,
high_confidence,banesa-59569,Banese me qira ne lagjen Bregu i Diellit,"Banesë me qira në lagjen Bregu i Diellit ,rruga  afer Xhamise dhe Banesave te Bardha kati i 4  ,
Banesa eshte extra e mobiluar ne teresi e pabanuar me pare pas renovimit
Banesa pritet te kete nxemje me termokos
Kati: 4 lift nuk ka
Sipërfaqe:90m2
Çmimi i qirasë:  plus depozita
Renditja:
♦Sallon, kuzhinë ndaras dhe shpajz
♦2 Dhomë gjumi
♦Banjo
♦Ballkon
♦Korridor i madh
Qmimi i padiskutueshem.
Për më shumë informata mund të na beni like faqen tone ne facebook Smart Real Estate,
bit.ly/2htS4cY
, apo",350 EUR,84,350.00,84.0,Bregu i Diellit,rent,,,,,,,
high_confidence,banesa-30263,Leshohet banese me qira ne lagjen Arberia,"Leshohet banese me qira ne lagjen Arberia, eshte komplet e mobiluar, 50m2.

Renditja:
Sallon me kuzhine / Dhome gjumi / Banjo / Korridor
Qmimi: 200 €

Per me shume informata rreth kesaj banese mund te na shkruani linkun me id ose nje screenshot te shpalljes, apo nje kerkese tuajen per banesa tjera, ne kete numer telefoni:
044 393 777
WhatsApp & Viber
+383 44 393 777",200 EUR,50,200.00,50.0,Arbëria,rent,,,,,,,
high_confidence,banesa-30253,Ipet banese me qira ne lagjen Dardania,"Ipet banese me qira ne lagjen Dardania, te Santea. Eshte komplet e mobiluar, e renovuar me mobile te reja, gjendet ne katin e 1, ngrohje me termokos.

Siperfaqe: 65m2
Renditja:
Sallon me kuzhine / Dhome gjumi / Banjo / Ballkon / Korridor
Qmimi: 350 €

Per me shume informata rreth kesaj banese mund te na shkruani linkun me id ose nje screenshot te shpalljes, apo nje kerkese tuajen per banesa tjera, ne kete numer telefoni:
045 190 019
WhatsApp & Viber
+383 45 190 019",350 EUR,65,350.00,65.0,Dardania,rent,,,,,,,
high_confidence,banesa-81031,Banesë me qira në lagjen Dodona,"Lëshohet me qira banesa në lagjen Dodona. Banes është e mobiluar e gatshme dhe e përshtatshme për banim.
Banesa ka të gjitha pajisjet e nevojshme funksionale. Ndodhet në katin e 3.
Sipërfaqe: 100m²
Çmimi: 400
Rënditja
•	Sallon dhe Kuzhinë
•	3 Dhoma gjumi
•	Banjo
•	Koridor
•	Ballkon

Kodi: 3561

Për më shumë informata mund të na beni like faqen tone ne facebook
Smart Real Estate,
bit.ly/2htS4cY
, si dhe
www.instagram.com/realestatesmart/

apo per me shume oferta apo banesa te lira:
www.merrmeqira",400 EUR,100,400.00,100.0,Dodona,rent,,,,,,,
high_confidence,banesa-75394,Banesë me qira te Qafa,"Leshohet me qira banesa në Qendër, te Qafa. E mobiluar në tërësi, në mënyrë moderne dhe shumë e pershtatshme per banim.
Banesa ndodhet ne katin e 6, ka ashensor.
Sipërfaqja: 70m²
Çmimi: 350
Renditja:
•	Sallon dhe Kuzhinë
•	Dhomë gjumi
•	Banjo
•	Koridor
•	Ballkon

Kodi: 3037

Për më shumë informata mund të na beni like faqen tone ne facebook
Smart Real Estate,
bit.ly/2htS4cY
, si dhe
www.instagram.com/realestatesmart/

apo per me shume oferta apo banesa te lira:
www.merrmeqira.com/user/profile/sm",350 EUR,70,350.00,70.0,Qafa,rent,,,,,,,
high_confidence,banesa-78596,Banese me qira ne lagjen Ulpiana,"Leshohet banese me qira ne lagjen Ulpiana ( D/7 ), e mobiluar e gatshme per banim
Banesa ka kete renditje:
- Sallon
- Kuzhine
- Dhome gjumi
- Banjo
- 2 Ballkona
- Koridor
Cmimi:  250 euro

bit.ly/3n3a6PU

Per me shume informata mund te na kontaktoni ne numrin
049 124 677 WhatsApp dhe Viber +383 49 124 677
044 333 511 WhatsApp dhe Viber +383 44 333 511",250 EUR,60,250.00,60.0,Ulpiana,rent,,,,,,,
high_confidence,banesa-75108,Banesë me qira te Bregu i Diellit,"Leshohet me qira banesa te Bregu i Diellit. Është e  mobiluar dhe e pershtatshme per banim.
Ndodhet ne katin e parë.
Siperfaqe 86m²
Çmimi: 350
Renditja:
•	Sallon dhe Kuzhinë
•	2 Dhoma gjumi
•	Banjo
•	Ballkon

Kodi: 3026

Për më shumë informata mund të na beni like faqen tone ne facebook
Smart Real Estate,
bit.ly/2htS4cY
, si dhe
www.instagram.com/realestatesmart/

apo per me shume oferta apo banesa te lira:
www.merrmeqira.com/user/profile/smart

gjirafa.com/…

esa&amp;llshp=Qira
ose mund të na k",350 EUR,86,350.00,86.0,Bregu i Diellit,rent,,,,,,,
high_confidence,banesa-71290,Banesë me qira në Emshir,"Lëshohet me qira banesa në Kalabri, te kompleksi Lesna. Banesa është e mobiluar dhe shumë e përshtatshme për banim.

Ndodhet në katin e 6 dhe posedon ashensor, ka nxemje qendrore.

Banesa është e lirë nga data 14 shkurt.

Sipërfaqja: 70m²
Çmimi: 330

Renditja:
• Sallon dhe Kuzhinë
• Dhomë gjumi
• Banjo
• Koridor
• Ballkon

Kodi: 2823

Për më shumë informata mund të na beni like faqen tone ne facebook
Smart Real Estate,
bit.ly/2htS4cY
, si dhe
www.instagram.com/realestatesmart/

apo per me shume ",330 EUR,70,330.00,70.0,Emshir,rent,,,,,,,
high_confidence,banesa-70549,Banesë me qira në Lakrishtë,"Lëshohet me qira banesa në Lakrishtë, te Nartel Center. Banesa është e mobiluar në tërësi dhe shumë e përshtatshme për banim.

Banesa ka të gjitha pajisjet e nevojshme.

Sipërfaqja: 55m²
Çmimi: 400

Renditja:
•	Sallon dhe Kuzhinë
•	Dhomë gjumi
•	Banjo
•	Ballkon

Kodi: 2805

Për më shumë informata mund të na beni like faqen tone ne facebook
Smart Real Estate,
bit.ly/2htS4cY
, si dhe
www.instagram.com/realestatesmart/

apo per me shume oferta apo banesa te lira:
www.merrmeqira.com/user/profile/sma",400 EUR,55,400.00,55.0,Lakrishte,rent,,,,,,,
high_confidence,banesa-59959,Banesë me qira në lagjen Arberia 2+1,"Banesë me qira në lagjen Arberia,banesa eshte afer Minimax-it.Bnesa eshte e mobiluar ne teresi dhe e gateshme per banim me dt.16.04.23.banesa ka ngrohjjen me rryme.
Kati:3
Sipërfaqe:85m2
Çmimi i qirasë:450
Renditja:
♦Sallon me kuzhinë
♦2Dhomë gjumi
♦Banjo dhe Wc
♦Ballkon
♦Korridor
Për më shumë informata mund të na beni like faqen tone ne facebook Smart Real Estate,
bit.ly/2htS4cY
, apo per me shume oferta apo banesa te lira:
www.merrmeqira.com/user/profile/smart

ose mund të na kontaktoni në kët",450 EUR,87,450.00,87.0,Arbëria,rent,,,,,,,
high_confidence,banesa-49577,Banese me qira ne Emshir,"Leshohet banese me qira ne Emshir, te Roof
Banesa ka kete renditje:
- 2 dhoma gjumi
- sallon dhe kuzhine
- banjo
- ballkon
- koridor
Qmimi 400€
bit.ly/3n3a6PU

Per me shume informata mund te na kontaktoni ne numrin
044 333 511
+383 44 333 511
048 650 125
+383 48 650 125",400 EUR,78,400.00,78.0,Emshir,rent,,,,,,,
high_confidence,banesa-78433,Banese me qira ne lagjen Bregu i diellit,"Leshohet banese me qira ne lagjen Bregu i diellit, te posta e vogel rruga: Qamil Balaj, komplet e mobiluar, kati i 7-te.
Banesa ka kete renditje:
- Sallon
- Kuzhine
- 2 Dhoma gjumi
- Banjo
- Ballkon
- Koridor
Cmimi: 400 euro

bit.ly/3n3a6PU

Per me shume informata mund te na kontaktoni ne numrin
049 124 677 WhatsApp dhe Viber +383 49 124 677
044 333 511 WhatsApp dhe Viber +383 44 333 511
",400 EUR,75,400.00,75.0,Bregu i Diellit,rent,,,,,,,
high_confidence,banesa-62303,Banese me qira ne Lagjen Tophane,"Banesë me qira ne lagjen tophane tek Bahohellet afer Elektrikes Kujta dhe Viva Fresh Store ne rrugen Lidhja e Prizerenit
Kati:4
Sipërfaqe:85
Çmimi i qirasë:350
Renditja:
♦Sallon me kuzhinë
♦2 Dhomë gjumi
♦Banjo
♦Ballkon
♦Korridor
Preferohet cift apo familjar kontrat 6-12 muaj
Plus depoziti {vlera e qeras}

Për më shumë informata mund të na beni like faqen tone ne facebook Smart Real Estate,
bit.ly/2htS4cY
, apo per me shume oferta apo banesa te lira:
www.merrmeqira.com/user/profile/smart

ose mu",350 EUR,85,350.00,85.0,Tophane,rent,,,,,,,
high_confidence,banesa-78562,Banese ( garsoniere ) me qira ne lagjen Ulpiana,"Leshohet banese ( garsoniere ) me qira ne lagjen Ulpiana afer Kishes Katolike, eshte e mobiluar me te gjitha mobilet per banim dhe leshohet vetem per familjare,
- Sallon
- Kuzhine
- Banjo
- Ballkon
Cmimi: 300 euro

bit.ly/3n3a6PU

Per me shume informata mund te na kontaktoni ne numrin
049 124 677 WhatsApp dhe Viber +383 49 124 677
044 333 511 WhatsApp dhe Viber +383 44 333 511",300 EUR,38,300.00,38.0,Ulpiana,rent,,,,,,,
high_confidence,banesa-78560,Banese me qira ne lagjen Ulpiana,"Leshohet banese me qira ne lagjen Ulpiana, mrapa AAK-se, e mobiluar, gjendet ne katin e 4-te dhe ka siperfaqe prej 76m2.
Banesa ka kete renditje:
- Sallon
- Kuzhine
- 2 Dhoma gjumi
- Banjo
- Ballkon
- Koridor
Cmimi: 350 euro

bit.ly/3n3a6PU

Per me shume informata mund te na kontaktoni ne numrin
049 124 677 WhatsApp dhe Viber +383 49 124 677
044 333 511 WhatsApp dhe Viber +383 44 333 511",350 EUR,76,350.00,76.0,Ulpiana,rent,,,,,,,
high_confidence,banesa-78575,Banese me qira ne lagjen Ulpiana,"IPET BANESA ME QERA NE LAGJEN ULPIANA NE PRISHTINE
BANESA GJENDET TE RRETHI ME FLAMUR MRAPA ISH HOTEL BACIT.
BANESA KA KTE RENDITJE:
KUZHINE ME SHPAJZ
DHOME GJUMI
SALLON
2 BALLKONA LINDJE-PERENDIM
BANESA ESHTE NE KATIN 4, PARKING TE MJAFTUESHEM PARA DHE MRAPA BANESES
HYRJA E RENOVUAR DERA ME KARTELE, KA TERMOKOS, SHKOLLEN FILLORE HASAN PRISHTINA 100 METRA LARG, QERDHEN PER FEMIJE 20 METRA, LOKACIONI SHUM I PERSHTATSHEM NE QENDER TE QYTETIT, ESHTE E RENOVUAR KOMPLET DHE E PASTER, LESHOHET PER FAM",380 EUR,60,380.00,60.0,Ulpiana,rent,,,,,,,
high_confidence,banesa-78570,Banese me qira ne lagjen Ulpiana,"Leshohet banese me qira ne lagjen Ulpiana, rruga: Deshmoret e Kombit perballe Albi Market.
Kati i 3-te
Siperfaqe:50m2
Banesa ka kete renditje:
- Sallon
- Kuzhine
- Dhome gjumi
- Banjo
- Ballkon
- Koridor
Cmimi: 300 euro

bit.ly/3n3a6PU

Per me shume informata mund te na kontaktoni ne numrin
049 124 677 WhatsApp dhe Viber +383 49 124 677
044 333 511 WhatsApp dhe Viber +383 44 333 511
",300 EUR,50,300.00,50.0,Ulpiana,rent,,,,,,,
high_confidence,banesa-78490,Banese me qira te Parku i qytetit,"Leshohet banese me qira te Parku i qytetit, komplet e mobiluar, kati i 4-te me siperfaqe  prej 75 m2.
Banesa ka kete renditje:
- Sallon
- Kuzhine
-2 Dhoma gjumi
- Banjo
- Ballkon
- Koridor
Cmimi: 400 euro

bit.ly/3n3a6PU

Per me shume informata mund te na kontaktoni ne numrin
049 124 677 WhatsApp dhe Viber +383 49 124 677
044 333 511 WhatsApp dhe Viber +383 44 333 511",400 EUR,75,400.00,75.0,Parku i Qytetit,rent,,,,,,,
high_confidence,banesa-78486,Banese me qira ne lagjen Arberia,"Leshohet banese me qira ne lagjen Arberia , komplet e mobiluar, supermoderne, perballe ambasades Amerikane
Banesa ka kete renditje:
- Sallon
- Kuzhine
- 2 Dhoma gjumi
- Banjo
- Wc
- Ballkon
- Koridor
Cmimi: 700 euro

bit.ly/3n3a6PU

Per me shume informata mund te na kontaktoni ne numrin
049 124 677 WhatsApp dhe Viber +383 49 124 677
044 333 511 WhatsApp dhe Viber +383 44 333 511",700 EUR,90,700.00,90.0,Arbëria,rent,,,,,,,
high_confidence,banesa-78479,Banese me qira ne lagjen Arberia,"Leshohet banese me qira ne lagjen Arberia, rruga Arben Xheladini te furra Arberia. Banesa eshte e mobiluar ne teresi moderne, gjendet ne katin e 1-are dhe ka hpesire prej  98m2.
Banesa ka kete renditje:
- Sallon
- Kuzhine
-  2 Dhoma gjumi
- Banjo
- Ballkon
- Koridor
Cmimi: 600 euro (  ku perfshihen te gjitha shpenzimet )

bit.ly/3n3a6PU

Per me shume informata mund te na kontaktoni ne numrin
049 124 677 WhatsApp dhe Viber +383 49 124 677
044 333 511 WhatsApp dhe Viber +383 44 333 511
",600 EUR,98,600.00,98.0,Arbëria,rent,,,,,,,
high_confidence,banesa-78403,Super banese me qira ne lagjen Bregu i diellit,"Leshohet banese me qira ne lagjen Bregu i diellit, Banesat e Standardit - Miri Construction. Banesa eshte e mobiluar komplet, moderne.
Kati i 3-te
Banesa ka kete renditje:
- Sallon
- Kuzhine
- 2 Dhoma gjumi
- Banjo
- Wc
- Ballkon
- Koridor
Cmimi: 370 euro

bit.ly/3n3a6PU

Per me shume informata mund te na kontaktoni ne numrin
049 124 677 WhatsApp dhe Viber +383 49 124 677
044 333 511 WhatsApp dhe Viber +383 44 333 511",370 EUR,80,370.00,80.0,Bregu i Diellit,rent,,,,,,,
high_confidence,banesa-78324,Banese me qira ne lagjen Ulpiana,"Ofrohet me Qira Banesa 65m² e mobiluar ne lagjen Ulpiana afer shkolles fillore Hasan Prishtina.

Banesa ka nje lokacion atraktiv, afer transportit publik, shkolles fillore Hasan Prishtina, Qendres Klinike Universitare (QKUK), dhe afer zones q:endrore te Prishtines. Banesa eshte e pajisur me sistemin e ngrohjes qe furnizohet nga Termokosi. Per me teper infrastruktura e zhvilluar lokale e ben te lehte jeten e perditshme ne kete lagje.

Ka kete renditje:
– Sallon me kuzhine,
– 2 dhoma gjumi,
– Banj",350 EUR,65,350.00,65.0,Ulpiana,rent,,,,,,,
high_confidence,banesa-78323,Banese me qira ne lagjen Dardania,"Leshohet banese me qira ne lagjen Dardania, eshte ne pozite te mire afer parkut te Dardanise me qasje nga rruga ""B. Klinton"" dhe nga parku. . Gjendet ne katin e gjashte dhe ka keto karakteristika:
- hyrja ne objekt me çip/interfon
- ngrohja me Termokos
- lifti funksional me mirembajtje te rregullt
- e mobiluar komplet
- renditja: dhoma e dites, dhoma e fjetjes, tryezaria, kuzhina, banjo dhe ballkon
- kapaciteti deri 4 persona
Cmimi: 300 euro

bit.ly/3n3a6PU

Per me shume informata mund te na kon",300 EUR,65,300.00,65.0,Dardania,rent,,,,,,,
high_confidence,banesa-78096,Banese me qira ne lagjen Emshir,"Leshohet banese me qira ne lagjen Emshir mbi Fight Club, komplet e mobiluar, gjendet ne katin e 8-te me lift funksional.
Banesa ka kete renditje:
- Sallon
- Kuzhine
- 2 Dhoma gjumi
- Banjo
- Ballkon
- Koridor
Cmimi: 300 euro

bit.ly/3n3a6PU

Per me shume informata mund te na kontaktoni ne numrin
049 124 677 WhatsApp dhe Viber +383 49 124 677
044 333 511 WhatsApp dhe Viber +383 44 333 511",300 EUR,75,300.00,75.0,Emshir,rent,,,,,,,
high_confidence,banesa-47950,Banese me qira ne Emshir,"Leshohet banese me qira ne Emshir Afer Restaurant Morocco,Te Banesat e Arabve
Banesa ka kete renditje:
- dhoma gjumi
- sallon dhe kuzhine
- banjo
- ballkon
- koridor
Qmimi 200€
bit.ly/3n3a6PU


Per me shume informata mund te na kontaktoni ne numrin
049 124 677
+383 49 124 677",200 EUR,60,200.00,60.0,Emshir,rent,,,,,,,
high_confidence,banesa-78344,Banese me qira ne Lakrishte,"Leshohet banese me qira ne lagjen Lakrishte, komplet e mobiluar, siperfaqe 80m2, ashensor funksional, ngrohje me Termokos.
Banesa ka kete renditje:
- Sallon
- Kuzhine
-2 Dhoma gjumi
- Banjo
- Ballkon
- Koridor
Cmimi: 350 euro

bit.ly/3n3a6PU

Per me shume informata mund te na kontaktoni ne numrin
049 124 677 WhatsApp dhe Viber +383 49 124 677
044 333 511 WhatsApp dhe Viber +383 44 333 511
",350 EUR,80,350.00,80.0,Lakrishte,rent,,,,,,,
high_confidence,banesa-59994,Banese me qira ne lagjen Dardania 1+1,"Banesë me qira në lagjen Dardania, te santea.Banesa eshte e mobiluar ne teresi sallonin e madh dhe eshte e pershtateshme per familjar.Banesa lirohet me 1 Prill.
Kati:3
Sipërfaqe:75 m2
Çmimi i qirasë:350
Renditja:
♦Sallon me kuzhinë ndamas
♦Dhomë gjumi
♦Banjo
♦Ballkon
♦Korridor

Për më shumë informata mund të na beni like faqen tone ne facebook Smart Real Estate,
bit.ly/2htS4cY
, apo per me shume oferta apo banesa te lira:
www.merrmeqira.com/user/profile/smart

ose mund të na kontaktoni në këtë n",350 EUR,75,350.00,75.0,Dardania,rent,,,,,,,
high_confidence,banesa-60888,Banese me qira ne lagjen Lakrishte_2+1,"Super Banese me qera në lagjen Lakrishte ne Prishtine ,ne rrugen e Tiranes afer shkolles Xhevdet Doda
Banesa eshte e mobiluar,e re ,shume komode per banim me pamje nga Lindja
Kati: 3-te
Sipërfaqe: 85m2
Çmimi 350 plus depozita
-
Banesa gjendet në një ambient të përshtatshëm për banim ,objekti është ndërtim i kompanisë ""Tregtia"".
-
Banesa është e orientuar në lindje dhe e ekspozuar mjaft ndaj Diellit, posedon ngrohje qëndrore me rrymë si dhe parking të mjaftueshem para banesës, në afërsi të banesë",350 EUR,85,350.00,85.0,Lakrishte,rent,,,,,,,
high_confidence,banesa-78388,Banese me qira ne lagjen Bregu i diellit,"Leshohet banese me qira ne lagjen Bregu i diellit te banesat e bardha komplet e mobiluar, gjendet ne katin e 2-te.
Banesa ka kete renditje:
- Sallon
- Kuzhine
- Dhome gjumi
- Banjo
- Ballkon
- Koridor
Cmimi: 250 euro

bit.ly/3n3a6PU

Per me shume informata mund te na kontaktoni ne numrin
049 124 677 WhatsApp dhe Viber +383 49 124 677
044 333 511 WhatsApp dhe Viber +383 44 333 511",250 EUR,65,250.00,65.0,Bregu i Diellit,rent,,,,,,,
high_confidence,banesa-60644,Banese me qira ne lagjen Emshir,"Banesë me qira në lagjen Emshir, banesa eshte e mobiluar ne teresi,
Sipërfaqe:55
Çmimi i qirasë:300
Renditja:
♦Sallon me kuzhinë
♦Dhomë gjumi
♦Banjo
♦Ballkon
♦Korridor

Për më shumë informata mund të na beni like faqen tone ne facebook Smart Real Estate,
bit.ly/2htS4cY
, apo per me shume oferta apo banesa te lira:
www.merrmeqira.com/user/profile/smart

ose mund të na kontaktoni në këtë numër telefoni
044 393 777
WhatsApp & Viber
+38344 393 777
",300 EUR,55,300.00,55.0,Emshir,rent,,,,,,,
high_confidence,banesa-79387,Banese me qira ne lagjen Arberia,"Leshohet banese me qira ne lagjen Arberia, tek Minimax objekti Panda.
Banesa eshte e mobiluar  e gatshme per banim.
Banesa ka kete renditje:
- Sallon
- Kuzhine
- Dhome gjumi
- Banjo
- Ballkon
- Koridor
Cmimi: 330 euro

bit.ly/3n3a6PU

Per me shume informata mund te na kontaktoni ne numrin
049 124 677 WhatsApp dhe Viber +383 49 124 677
044 333 511 WhatsApp dhe Viber +383 44 333 511",330 EUR,70,330.00,70.0,Arbëria,rent,,,,,,,
high_confidence,banesa-77096,Banese ( garsoniere ) me qira ne Lagjen Ulpiana,"Leshohet banese me qira ne lagjen Ulpiana te Fontana, komplet e mobiluar, kati i 2-te.
Banesa ka kete renditje:
Siperfaqe: 45m2
- Sallon me dy shtreter
- Kuzhine
- Banjo
- Koridor
Cmimi: 220 euro

bit.ly/3n3a6PU

Per me shume informata mund te na kontaktoni ne numrin
049 124 677 WhatsApp dhe Viber +383 49 124 677
044 333 511 WhatsApp dhe Viber +383 44 333 511",220 EUR,45,220.00,45.0,Ulpiana,rent,,,,,,,
high_confidence,banesa-79393,Banese me qira ne lagjen Dardania,"Leshohet banese me qira ne lagjen Dardania, komplet e mobiluar e gatshme per banim, siperfaqe 70m2.
Banesa ka kete renditje:
- Sallon
- Kuzhine
- 2 Dhoma gjumi
- Banjo
- Ballkon
- Koridor
Cmimi: 350 euro

bit.ly/3n3a6PU

Per me shume informata mund te na kontaktoni ne numrin
049 124 677 WhatsApp dhe Viber +383 49 124 677
044 333 511 WhatsApp dhe Viber +383 44 333 511",350 EUR,70,350.00,70.0,Dardania,rent,,,,,,,
high_confidence,banesa-77073,Banese me qira te Parku i qytetit,"Leshohet banese me qira te parku i qytetit, mrapa Hotel Sirius. Banesa eshte e mobiluar me mobile te reja dhe moderne, gjendet ne katin e 4-te pa lift .
Siperfaqe: 52m2
Renditja:
- Sallon
- Kuzhine
- Dhome gjumi
- Banjo
- Ballkon
- Koridor
Cmimi: 300 euro

bit.ly/3n3a6PU

Per me shume informata mund te na kontaktoni ne numrin
049 124 677 WhatsApp dhe Viber +383 49 124 677
044 333 511 WhatsApp dhe Viber +383 44 333 511
",300 EUR,52,300.00,52.0,Parku i Qytetit,rent,,,,,,,
high_confidence,banesa-77070,Banese me qira ne lagjen Ulpiana,"Leshohet banese me qira ne lagjen Ulpiana te rrethi me flamur mrapa hotel Baci, komplet e mobiluar e gatshme per banim.
Banesa ka kete renditje:
- Sallon
- Kuzhine
- Dhome gjumi
- Banjo
- Ballkon
- Koridor
Cmimi: 300 euro

bit.ly/3n3a6PU

Per me shume informata mund te na kontaktoni ne numrin
049 124 677 WhatsApp dhe Viber +383 49 124 677
044 333 511 WhatsApp dhe Viber +383 44 333 511",300 EUR,60,300.00,60.0,Ulpiana,rent,,,,,,,
high_confidence,banesa-73907,Super banese me qira ne Lagjen Bregu i diellit,"Leshohet banese me qira ne Lagjen Bregu i Dieliit, banesa eshte e re e mobiluar me mobile moderne shume e pershtatshme per banim
Banesa ka kete renditje:
- Sallon
- Kuzhine
- 2 Dhoma gjumi
- Banjo
- Ballkon
- Koridor
Cmimi: 370 euro
Siperfaqe: 110m2

bit.ly/3n3a6PU

Per me shume informata mund te na kontaktoni ne numrin
049 124 677 WhatsApp dhe Viber +383 49 124 677
044 333 511 WhatsApp dhe Viber +383 44 333 511",370 EUR,83,370.00,83.0,Bregu i Diellit,rent,,,,,,,
high_confidence,banesa-77059,Banese me qira ne Aktash,"Leshohet banese me qira ne lagjen Aktash ne qender te Prishtines, e mobiluar, me ngrohje me Termokos.
Banesa ka kete renditje:
- Sallon
- Kuzhine
- Dhome gjumi
- Banjo
- Ballkon
- Koridor
Cmimi: 350 euro

bit.ly/3n3a6PU

Per me shume informata mund te na kontaktoni ne numrin
049 124 677 WhatsApp dhe Viber +383 49 124 677
044 333 511 WhatsApp dhe Viber +383 44 333 511",350 EUR,78,350.00,78.0,Aktash,rent,,,,,,,
high_confidence,banesa-77053,Banese me qira ne lagjen Ulpiana,"Leshohet me qira banesa ne Prishtine ne lagjen Ulpiana afer Kishes Katolike. Banesa ka 38m perndryshe dhomen e ndejes/ fjetjes e mobiluar me dy shtreter, kuzhinen e vecante me tavoline buke dhe nje shtrate shtese qe mund te shfrytezohet edhe si dhome ndeje, banjon dhe shpajzin. Banesa eshte ne gjendje shume te mire, e mobiluar ne teresi dhe e pershtashme per qifte.
Cmimi: 250 euro

bit.ly/3n3a6PU

Per me shume informata mund te na kontaktoni ne numrin
049 124 677 WhatsApp dhe Viber +383 49 124 6",250 EUR,38,250.00,38.0,Ulpiana,rent,,,,,,,
high_confidence,banesa-77052,Banese me qira ne Emshir,"Leshohet banese me qira ne lagjen Emshir, përballë Tregu Group (banesat e Lesna-s), 60 m2, gjendet në katin e 6-të dhe ka lift funksional.
Banesa ka kete renditje:
- Sallon
- Kuzhine
- Dhome gjumi
- Banjo
- Ballkon
- Koridor
Cmimi: 350 euro

bit.ly/3n3a6PU

Per me shume informata mund te na kontaktoni ne numrin
049 124 677 WhatsApp dhe Viber +383 49 124 677
044 333 511 WhatsApp dhe Viber +383 44 333 511
",350 EUR,60,350.00,60.0,Emshir,rent,,,,,,,
invalid,banesa-77489,Banesë me qira në Arbëri,"Lëshohet me qira banesa në lagjen Arbëria, afër Komunës dhe Five Star. Banesa është e mobiluar në tërësi dhe shumë e përshtatshme për banim.banesa posedon Termokos si dhe mundesi per garazh
Ndodhet ne katin e 3, ka ashensor.
Siperfaqe: 86m²
Çmimi: i diskutueshem
Banesa ka këtë renditje:
• Sallon dhe kuzhinë
• 2 Dhoma gjumi
• Banjo dhe wc
• Koridor dhe shpajz
• Ballkon
Kodi: 3170
Për më shumë informata mund të na beni like faqen tone ne facebook
Smart Real Estate,
bit.ly/2htS4cY
, si dhe
www.inst",1 EUR,86,1.00,86.0,Arbëria,rent,,,,,,,
invalid,banesa-77487,Penthouse me qira në Pejton,"Lëshohet super penthouse me qira, në lagjen Pejton, te kompleksi Prime Group. Është e mobiluar në tërësi në mënyrë moderne dhe shumë e përshtatshme për banim.
Banesa ka hapësirë të mjaftueshme për familjarë, të gjitha pajisjet funksionale. Ka hapësirë pune gjithashtu e cila mund të shfytëzohet edhe si dhomë.
Posedon garazh. Ndodhet në një vend të përshtatshëm me një çasje të lehtë në qytet.
Sipërfaqe: 200m²  plus ballkon
Banesa ka këtë renditje:
•	Sallon dhe kuzhinë ndaras
•	3 Dhoma gjumi, njera",1 EUR,200,1.00,200.0,Pejton,rent,,,,,,,
invalid,banesa-77518,Banesë me qira në Arbëri,"Lëshohet me qira banesa në Arbëri, rruga Vicianum afer Komunes se re dhe Viva Fresh Banesa është e mobiluar në tërësi dhe shumë e pershtatshme per banim banesa ka termokos ka klime kati i 6
Banesa ka këtë renditje:
• Sallon dhe kuzhinë
• 2 Dhoma gjumi
• Banjo
• Ballkon
• Koridor
Kodi: 3257
Për më shumë informata mund të na beni like faqen tone ne facebook
Smart Real Estate,
bit.ly/2htS4cY
, si dhe
www.instagram.com/realestatesmart/

apo per me shume oferta apo banesa te lira:
www.merrmeqira.com/",1 EUR,0,1.00,,Arbëria,rent,,,,,,,
invalid,banesa-78167,Banesë me qira në Arbëri,"Lëshohet me qira banesa në Arbëri, përball Ambasadës Amerikane, afër Jysk. Banesa është e mobiluar dhe e përshtatshme për banim.
Banesa ka këtë renditje:
•	Sallon dhe Kuzhinë
•	2 Dhoma gjumi
•	Banjo
•	WC
•	Ballkon
•	Koridor

Kodi: 3293

Për më shumë informata mund të na beni like faqen tone ne facebook
Smart Real Estate,
bit.ly/2htS4cY
, si dhe
www.instagram.com/realestatesmart/

apo per me shume oferta apo banesa te lira:
www.merrmeqira.com/user/profile/smart

gjirafa.com/…

esa&amp;llshp=Qira
",1 EUR,1,1.00,,Arbëria,rent,,,,,,,
invalid,banesa-81021,Banesë në shitje te Mati 1,"SHITET banesa te Mati 1, rruga C; në Kompleksin e BS Group. Banesa është në gjendje të re, e gatshme për banim.
Ndodhet në katin e 4, ka fletëposeduese.
Sipërfaqe: 62.04m²
Çmimi: 1250m²
Rënditja
•	Sallon dhe Kuzhine
•	Dhomë gjumi
•	Banjo
•	Koridor
•	Ballkon

Kodi: 3552

Për më shumë informata mund të na beni like faqen tone ne facebook
Smart Real Estate,
bit.ly/2htS4cY
, si dhe
www.instagram.com/realestatesmart/

apo per me shume oferta apo banesa te lira:
www.merrmeqira.com/user/profile/smart

",1 EUR,62,1.00,62.0,Mati,sale,,,,,,,
invalid,banesa-81013,Banesë në shitje te Mati 1,"SHITET banesa te Mati 1, rruga Muharrem Fejza. E mobiluar e gatshme dhe e përshtatshme për banim.
Banesa ka të gjitha pajisjet e nevojshme funksionale. Ka fletëposeduese.
Sipërfaqe: 111.5m²
Çmimi: 1390
Rënditja
• Sallon dhe Kuzhine
• 2 Dhoma gjumi
• Banjo
• Koridor
• Ballkon
Kodi: 3548
Për më shumë informata mund të na beni like faqen tone ne facebook
Smart Real Estate,
bit.ly/2htS4cY
, si dhe
www.instagram.com/realestatesmart/

apo per me shume oferta apo banesa te lira:
www.merrmeqira.com/user","1,390 EUR",111,1390.00,111.0,Mati,sale,,,,,,,
invalid,banesa-80744,Banesë ne shitje te Lagjia e Spitalit,"SHITET banesa te Muharrem Fejza, afër shkolles ‘Pavaresia’. Banesa është e re, e mobiluar në tërësi, në mënyrë moderne e gatshme dhe shumë e përshtatshme për banim.
Banesa ka të gjitha pajisjet e nevojshme funksionale: Sistemin e ngrohjes e ka me Termokos. Ka hapësirë të mjaftueshme parkimi. Ndodhet në katin e 5.
Sipërfaqe: 84m²
Rënditja
• Sallon dhe kuzhinë
• 2 Dhoma gjumi
• Banjo
• Ballkon
• Koridor
Kodi: 3507
Për më shumë informata mund të na beni like faqen tone ne facebook
Smart Real Estate",1 EUR,84,1.00,84.0,Spitali,sale,,,,,,,
invalid,banesa-73701,Banese ne shitje ne Lagjen e Muhaxherve,"Banese ne shitje ne lagjen e Muhaherve, kati i 2-te, e gjysme mobiluar , e gatshme per banim. Banesa eshte e re ka kuzhine te montuar pa elemente , posedon gjithashtu dhe garazhe.
Siperfaqe: 133m2
Renditja:
Sallon me kuzhine
4 dhoma gjumi
2 banjo
3 ballkona
Cmimi: 1600 euro m2

bit.ly/3n3a6PU

Per me shume informata mund te na kontaktoni ne numrin
049 124 677 WhatsApp dhe Viber +383 49 124 677
044 333 511 WhatsApp dhe Viber +383 44 333 511","1,600 EUR",133,1600.00,133.0,Muhaxhere,sale,,,,,,,
invalid,banesa-75701,Shitet banesa ne lagjen Arberia,"SHITET banesa 72 m² në Prishtinë - Arbëri ( ish Dragodan), kati 3, objektet e para mbi hekurudhe me pamje nga lindja (ku shihet kompet qyteti), me saktë afer objetit te Komunes se Re, ne rrugen ku gjindet market Conad dhe Cacttus (perballë kafes se bicikletave). Ndertues dhe projektues i kompleksit banesor eshte kompania J&M Inxhinjering Sh.p.k.

Banesa shitet me mobile, e po ashtu mund te përdoret edhe per afarizëm!

Banesa ka këtë renditje:
- Dhomë dite;
- Kuzhinë ndamas;
- dhomë gjumi;
- Banj","1,300 EUR",72,1300.00,72.0,Arbëria,sale,,,,,,,
invalid,banesa-75445,Shitet banesa ne lagjen Mati 1,"Shitet banesa ne lagjen Mati 1, Rruga "" Uran Ajeti "",124, Mati 1,
Banesa eshte ne objektin "" Nderimi "", ka qasje  ne tri rruget ne Matin 1: Rruga C, rruga B, rruga Muharrem Fejza.
Banesa ka FLETË POSEDUESE, perkthim i menjehershem
KATI i 2-të
Ka keto hapsira:
85.3m
Koridor
1 sallon-kuzhine
2 dhoma gjumi
2 banjo
1 ballkon
Nxemja me TERMOKOS dhe me RRYMË
Ujë 24 ore
Kamera + sigurim fizik
Ashensor me kualitet te lart (per 12 persona)
Banesa eshte e pozicionuar ne objekt Lindje-Perendim
Çmimi : 1450","1,450 EUR",85,1450.00,85.0,Mati,sale,,,,,,,
invalid,banesa-79429,Banesa ne shitje ne lagjen Arberia,"SHITEN BANESAT NE ARBERI-DRAGODAN KOMPLEKSI “BUTRINTI GROUP” PRISHTINE
1.BANESA ME SIP: 80.36 M/2 kati i 3-te
2.BANESA ME SIP: 86.26 M/2 kati i 5-te
3.BANESA ME SIP: 92.85 M/2 kati i 2-te
4.BANESA ME SIP: 80.36 M/2 kati i 5-te
- BANESAT PERFUNDOJN (MARS 2025)
- KONTRATA TE NOTERI, SHITEN NGA PRONARI
- TE GJITHA BANESAT KANE 2 DHOMA GJUMI
- CMIMI 1200 euro M/2

bit.ly/3n3a6PU

Per me shume informata mund te na kontaktoni ne numrin
049 124 677 WhatsApp dhe Viber +383 49 124 677
044 333 511 WhatsAp","1,200 EUR",80,1200.00,80.0,Arbëria,sale,,,,,,,
invalid,banesa-79380,Banese ne shitje ne Bregun e diellit,"Shitet banesa në Bregun e Diellit, tek Banesat e Bardha
• Sipërfaqe banimi: 80 m²
• Pozicioni: Kati i 5-të, me qasje të veçantë për hapësirën nën kulm (+50 m²)
Cmimi: 130,000€
Përbërja e banesës:
• 2 dhoma gjumi
• 2 korridore
• 1 banjo
• 2 depo
• Sallon me kuzhinë
• 2 ballkone
Karakteristika të tjera:
• Fletë posedimi në rregull
• Nxemje me radiator elektrik të veçantë
• Renovuar plotësisht me interier modern
Kjo banesë ofron një hapësirë të madhe shtesë nën kulm dhe është e pajisur me të gjitha","130,000 EUR",130000,130000.00,130000.0,Bregu i Diellit,sale,,,,,,,
invalid,banesa-76653,Banesë me qira në Arbëri,"Banesë me qira në lagjen Arbëria, përball Ambasadës Ruse. Banesa është e mobiluar në tërësi, në mënyrë moderne dhe është shumë e përshtatshme për banim.
Banesa ka të gjitha pajisjet funksionale. Ka hapësirë të mjaftueshme. Ka gjithashtu hapësirë parkimi.
Banesa ka këtë renditje:
•	Sallon dhe Kuzhinë
•	3 Dhoma gjumi
•	Banjo dhe WC
•	Depo
•	Ballkon
•	Koridor

Kodi: 3079

Për më shumë informata mund të na beni like faqen tone ne facebook
Smart Real Estate,
bit.ly/2htS4cY
, si dhe
www.instagram.com/",1 EUR,1,1.00,,Arbëria,rent,,,,,,,
invalid,banesa-32545,Shitet banesa ne Lagjen e Spitalit,"Shitet banesa ne Lagjen e Spitalit, afer shkolles fillore "" Pavaresia"". Banesa eshte komplet e mobiluar, moderne, me pamje nga qyteti, me kopshte per femije shume afer. Gjendet ne katin e 9-te, me lift funksional. Ka ngrohje qendrore me sistemin gjerman ‘Vaillant’ me shpenzime shumë ekonomike.

* Siperfaqe: 63m2
* Renditja:
* Sallon me kuzhine, dhome gjumi, banjo, ballkon, korridor.
* Çmimi: 690 €

Per me shume informata rreth kesaj banese mund te na shkruani linkun me id ose nje screenshot te s",690 EUR,63,690.00,63.0,Spitali,sale,,,,,,,
invalid,banesa-79565,Shitet banesa ne Lagje te Spitalit,"Shitet banesa ne Lagje te Spitalit, rruga: Muharrem Fejza, e mobiluar, gjendet ne katin e 4-te, siperfaqe: 65m2.
Banesa ka kete renditje:
- Sallon
- Kuzhine
- Dhome gjumi
- Banjo
- Ballkon
- Koridor
Cmimi: 1300 euro m2

bit.ly/3n3a6PU

Per me shume informata mund te na kontaktoni ne numrin
049 124 677 WhatsApp dhe Viber +383 49 124 677
044 333 511 WhatsApp dhe Viber +383 44 333 511","1,300 EUR",65,1300.00,65.0,Spitali,sale,,,,,,,
invalid,banesa-41687,Shitet banesa ne lagjen Bregu i diellit,"Banesë ne shitje në lagjen Bregu i diellit. Banesa eshte e mobiluar ne tersi e renovuar. Hymja e baneses eshte ne menaxhim te NPB. Ka infrastrukture te rregullt. Ka parkingun para, park, fushe, shetitore etj.
Kati: 5-te
Sipërfaqe:86m2
Çmimi I shitjes: 1250 €
Renditja:
*Sallon me kuzhinë ( trapezari )
*2 Dhoma gjumi
*Banjo
*WC
*2 Ballkone
*2 Korridore
*Shpajz

Për më shumë informata mund të na beni like faqen tone ne facebook Smart Real Estate,
bit.ly/2htS4cY
,  ose mund të na kontaktoni në këtë ","1,250 EUR",86,1250.00,86.0,Bregu i Diellit,sale,,,,,,,
invalid,banesa-41635,Banese ne shitje ne lagjen Bregu i diellit,"Banese ne shitje ne lagjen Bregu i Diellit. Banesa eshte e mobiluar gjendet ne nje gjendje perfekte per ta leshuar me qera ka qene e leshuar per 2 vite ( 600 € qiraja ),  sidomos per biznese por edhe per te banuar eshte jashtezakonisht e pershtatshme.
Siperfaqe: 107m2
Kati: 1-are
3 dhoma gjumi
1 sallon me kuzhine
1 banjo
1 shpajz
1 ballkon
1 podrum te pandare
Qmimi: 1030 € m2

Per informata shtese na kontaktoni ne numrin e telefonit:
044 393 777
WhatsApp & Viber
+383 44 393 777","1,030 EUR",107,1030.00,107.0,Bregu i Diellit,sale,,,,,,,
invalid,banesa-41622,Shitet banesa te Rruga A,"Banesë ne shitje te rruga A, afer autobusave dhe doganes, vetem 4 banesa gjinden ne nje kat. Eshte e pamobiluar.
Kati:6-te ( 2 lifta funksional ).
Sipërfaqe: 86.5m2
Çmimi I shitjes: 690 € m2
Renditja:
*Sallon me kuzhinë
*2 Dhoma gjumi
*Banjo
*Wc
*2 Ballkona
*Korridor

Për më shumë informata mund të na beni like faqen tone ne facebook Smart Real Estate,
bit.ly/2htS4cY
,  ose mund të na kontaktoni në këtë numër telefoni
044 393 77
WhatsApp & Viber
+383 44 393 777",690 EUR,86,690.00,86.0,Lakrishte,sale,,,,,,,
invalid,banesa-75371,Banesë me qira në Arbëri,"Banesë me qira në lagjen Arberia,ne rrugen Ferid Curri,te banesat afer Minimax,perballe me Meridian market dhe Hotel Adore.Banesa eshte e mobiluar ne teresi.Lift funksional.
Kati:2
Sipërfaqe:65 m2
Çmimi i qirasë:  plus depoziti
Renditja:
♦Sallon me kuzhinë
♦Dhomë gjumi
♦Banjo
♦Ballkon
♦Korridor
Për më shumë informata mund të na beni like faqen tone ne facebook Smart Real Estate,
bit.ly/2htS4cY
, ose mund të na kontaktoni në këtë numër telefoni
044 393 777
WhatsApp & Viber
+38344 393 777",1 EUR,0,1.00,65.0,Arbëria,rent,,,,,,,
invalid,banesa-75082,Banesë me qira në Arbëri,"Banesë me qira në Arbëri, ndertesat e Redonit, perball Fitnesit Five Star.
Banesa eshte e mobiluar dhe e pershtatshme per banim.
Ndodhet ne katin e 3, posedon ashensor.
Renditja:
•	Sallon dhe Kuzhinë
•	2 Dhoma gjumi
•	Banjo
•	Depo
•	Ballkon

Kodi: 3020

Për më shumë informata mund të na beni like faqen tone ne facebook
Smart Real Estate,
bit.ly/2htS4cY
, si dhe
www.instagram.com/realestatesmart/

apo per me shume oferta apo banesa te lira:
www.merrmeqira.com/user/profile/smart

gjirafa.com/…

es",1 EUR,70,1.00,70.0,Arbëria,rent,,,,,,,
invalid,banesa-32544,Shitet banese e re ne Rrugen B,"Shitet banese e re ne Rrugen B, kompleksi Blini. Banesa eshte ndertim i ri, modern dhe cilesor, e pamobiluar. Ka qasje te lehte ne te gjitha pjeset e qytetit. Gjithashtu ka hapesire gjelberuese, kend i veqante i lodrave per femije.

* Siperfaqe: 87m2
* Renditja:
* Sallon me kuzhine, 2 dhoma gjumi, 2 banjo, ballkon, korridor.
* Çmimi: 870 € m2

Per me shume informata rreth kesaj banese mund te na shkruani linkun me id ose nje screenshot te shpalljes, apo nje kerkese tuajen per banesa tjera, ne ke",870 EUR,87,870.00,87.0,Lakrishte,sale,,,,,,,
invalid,banesa-32458,Shitet banesa ne lagjen Arberia,"Shitet banesa ne lagjen Arberia, afer Komunes se Re, banesa eshte e mobiluar ne teresi, komode, kati i 1-re, 56.5m2
Banesa posedon:
- dhome gjumi
- sallon dhe kuzhine
- banjo
- ballkon
- koridor
Qmimi 1000 € m2

Per me shume informata rreth kesaj banese mund te na shkruani linkun me id ose nje screenshot te shpalljes, apo nje kerkese tuajen per banesa tjera, ne kete numer telefoni:
045 190 019
WhatsApp & Viber
+383 45 190 019","1,000 EUR",56,1000.00,56.0,Arbëria,sale,,,,,,,
invalid,banesa-32418,Super banese ne shitje ne lagjen Bregu i diellit,"Shitet banese ne lagjen Mati 1, afer shkolles fillore "" Pavaresia. Banesa eshte ndertim i ri e pamobiluar, 108m2.

Renditja:
Sallon me kuzhine, 3 dhoma gjumi, 2 banjo, 2 ballkona, korridor.
Çmimi: 780 € m2
( Banesa ka flete poseduese )

Per me shume informata rreth kesaj banese mund te na shkruani linkun me id ose nje screenshot te shpalljes, apo nje kerkese tuajen per banesa tjera, ne kete numer telefoni:
044 393 777
WhatsApp & Viber
+383 44 393 777",780 EUR,108,780.00,108.0,Bregu i Diellit,sale,,,,,,,
invalid,banesa-80256,Banesë me qira në Aktash,"Lëshohet me qira banesa/garsoniere në lagjen Aktash, afër Ministrise se Arsimit dhe Fakultetit Ekonomik rruga Agim Ramadani. Banesa është e mobiluar në tërësi dhe e përshtatshme për banim.
Banesa ka të gjitha pajisjet fuksionale. Sistemin e ngrohjes e ka me Termokos.
Çmimi: i diskutueshem
Rënditja
• Sallon dhe Kuzhinë
• Dhomë gjumi nuk ka
• Banjo
• Koridor dhe ballkon dhe shpajz
Kati perdhese e ulet
Leshohet vetem afat gjate.
Kodi: 3451
Për më shumë informata mund të na beni like faqen tone ne f",1 EUR,1,1.00,,Aktash,rent,,,,,,,
invalid,banesa-80370,Banesë me qira te Bregu i Diellit,"Lëshohet me qira banesa te Bregu i Diellit. Banesa është e mobiluar dhe është e përshtatshme për banim.
Ka të gjitha pajisjet funksionale. Sistemin e ngrohjes e ka me Termokos.
Çmimi:  i diskutueshem
Rënditja
• Kuzhinë
• 2 Dhoma gjumi
• Banjo
• Koridor
Kodi: 3431
Për më shumë informata mund të na beni like faqen tone ne facebook
Smart Real Estate,
bit.ly/2htS4cY
, si dhe
www.instagram.com/realestatesmart/

apo per me shume oferta apo banesa te lira:
www.merrmeqira.com/user/profile/smart

gjirafa",1 EUR,1,1.00,,Bregu i Diellit,rent,,,,,,,
invalid,banesa-79577,Banesë me qira në Tophane,"Lëshohet me qira banesa në Tophane. Banesa është e mobiluar në tërësi dhe e përshtatshme për banim. Banesa është e re, e pabanuar më parë. Ka të gjitha pajisjet funksionale.
Ndodhet në katin e 8, ka ashensor.
Sipërfaqe: 70m²
Rënditja
• Sallon dhe Kuzhinë
• 2 Dhoma gjumi
• Banjo
• Koridor
• Ballkon
Banesa posedon garazhen, me çmim shtesë.
Kodi: 3403
Për më shumë informata mund të na beni like faqen tone ne facebook
Smart Real Estate,
bit.ly/2htS4cY
, si dhe
www.instagram.com/realestatesmart/

apo",1 EUR,70,1.00,70.0,Tophane,rent,,,,,,,
invalid,banesa-79529,Banesë me qira te Qafa,"Lëshohet me qira banesa te Qafa, rruga Mark Isaku. Banesa është e mobiluar në tërësi dhe e përshtatshme për banim.
Ndodhet në katin e 1.
Çmimi: 300 plus depozita
Rënditja
•	Sallon dhe Kuzhinë
•	Dhomë gjumi
•	Banjo
•	Koridor
•	Ballkon

Kodi: 3401

Për më shumë informata mund të na beni like faqen tone ne facebook
Smart Real Estate,
bit.ly/2htS4cY
, si dhe
www.instagram.com/realestatesmart/

apo per me shume oferta apo banesa te lira:
www.merrmeqira.com/user/profile/smart

gjirafa.com/…

esa&amp;l",1 EUR,1,1.00,,Qafa,rent,,,,,,,
invalid,banesa-79322,Banesë me qira në Emshir,"Lëshohet me qira banesa në Emshir te kompleksi Lesna. Banesa është e mobiluar dhe shumë e përshtatshme për banim.
Banesa ka të gjitha pajisjet e nevojshme, ndodhet në katin e 5.
Çmimi:
Rënditja
• Sallon dhe Kuzhinë
• Dhoma gjumi
• Banjo
• Koridor
• Ballkon
Kodi: 3300
Për më shumë informata mund të na beni like faqen tone ne facebook
Smart Real Estate,
bit.ly/2htS4cY
, si dhe
www.instagram.com/realestatesmart/

apo per me shume oferta apo banesa te lira:
www.merrmeqira.com/user/profile/smart

gji",1 EUR,1,1.00,,Emshir,rent,,,,,,,
invalid,banesa-76006,Banesë me qira në Arbëri,"Lëshohet me qira banesa në lagjen Arbëria, te Minimaxi. Banesa është e mobiluar dhe shumë e përshtatshme për banim.
Banesa ka këtë renditje:
•	Salloni dhe Kuzhinë
•	2 Dhoma Gjumi
•	2 Banjo
•	Ballkon
•	Koridor

Kodi: 3048

Për më shumë informata mund të na beni like faqen tone ne facebook
Smart Real Estate,
bit.ly/2htS4cY
, si dhe
www.instagram.com/realestatesmart/

apo per me shume oferta apo banesa te lira:
www.merrmeqira.com/user/profile/smart

gjirafa.com/…

esa&amp;llshp=Qira
ose mund të na ",1 EUR,1,1.00,,Arbëria,rent,,,,,,,
invalid,banesa-81962,Banesë me qira në Arbëri,"Lëshohet me qira banesa penthouse në Arbëri, afër Komunë së Re. Banesa është e mobiluar në tërësi, e gatshme dhe shumë e përshtatshme për banim.
Ndodhet në katin e IV. Banesa ka të gjitha pajisjet e nevojshme funksionale. Sistemin e ngrohjes e ka me energji elektrike, Termokos dhe gjithashtu posedon kondicioner ajri.
Banesa ka hapësirë pë parkim.
Sipërfaqe: 137m²
Rënditja
• Sallon dhe Kuzhinë
• 3 Dhoma gjumi
• 2 Banjo
• Terasë e madhe
• Koridor
• Garazh
Kodi: 3658
Për më shumë informata mund të ",1 EUR,137,1.00,137.0,Arbëria,rent,,,,,,,
invalid,banesa-58380,SHITET SUPER BANESA NE RRUGEN C!,"SHITEN  BANESAT NE RRUGEN C!
Lagjia ""Mati 1"" Kompleksi Banesor Afarist ""Euro Abi""
84.5m2 kati 3.5.6 pamje ne lindje
Banesa perfundon ne Tetor 2023
Banesa ka kete renditje:
- 2 dhoma gjumi
- sallon dhe kuzhine
- banjo
- WC
- ballkon
- koridor
- Depo
Qmimi 950 Euro m2
bit.ly/3n3a6PU

Per me shume informata mund te na kontaktoni ne numrin
049 124 677
+383 49 124 677",950 EUR,84,950.00,84.0,Lakrishte,sale,,,,,,,
invalid,banesa-75350,Banese ne shitje ne lagjen Emshir,"Shitet banesa ne lagjen Emshir, kompleksi Ylii objekti A.
Kati i 5-te lift funksional, ka nje siperfaqe prej 61.5m2.
Banesa ka kete renditje:
- Sallon
- Kuzhine
- Dhome gjumi
- Banjo
- Ballkon
- Koridor
Cmimi: 1200 euro m2

bit.ly/3n3a6PU

Per me shume informata mund te na kontaktoni ne numrin
049 124 677 WhatsApp dhe Viber +383 49 124 677
044 333 511 WhatsApp dhe Viber +383 44 333 511","1,200 EUR",61,1200.00,61.0,Emshir,sale,,,,,,,
invalid,banesa-75018,Banese ne shitje ne Lagje te Spitalit,"Shitet banese ne Lagje te Spitalit me dalje te rruga A. Banesa gjendet ne katin e 4-te, siperfaqe prej 94m2
Renditja:
- Sallon
- Kuzhine
- 2 Dhoma gjumi
- 2 Banjo
- Ballkon
- Koridor
-Depo
Cmimi: 1280 euro m2

bit.ly/3n3a6PU

Per me shume informata mund te na kontaktoni ne numrin
049 124 677 WhatsApp dhe Viber +383 49 124 677
044 333 511 WhatsApp dhe Viber +383 44 333 511","1,280 EUR",94,1280.00,94.0,Spitali,sale,,,,,,,
invalid,banesa-55806,Banese me qira(Pa mobile) ne lagjen Arberia 2+1,"2 Banesë me qera në lagjen Arberia,(PA MOBILIE) ne rrugen Ferid Curri/Kosturi ,afer Meridian Market dhe Minimax , prane Ambasades Amerikane e pa banuar me pare,kompleksi Butrinti Group e gatshme  .Banesa eshte e pamobiluar vetem kuzhina e montuar .Lift funksional
Kati:2
Sipërfaqe:92m2
Çmimi i qerase: me marrveshje
Renditja:
♦Sallon me kuzhinë
♦2Dhomë gjumi
♦Banjo dhe wc dhe shpajz
♦Ballkon
♦Korridor
Banesat lwshohen vetem afat gjate
Për më shumë informata mund të na beni like faqen tone ne faceb",1 EUR,92,1.00,92.0,Arbëria,rent,,,,,,,
invalid,banesa-55458,Banese me qira ne lagjen e Spitalit 1+1,"Banesë me qira në lagjen Lagje e Spitalit,ne rrugen Muharrem Fejza,afer rruges B.Banesa eshte e mobiluar ne tersi dhe leshohet per afat te gjate.
Kati:3
Sipërfaqe:60 m2
Çmimi i qirasë:280
Renditja:
♦Sallon me kuzhinë
♦Dhomë gjumi
♦Banjo
♦Ballkon
♦Korridor

Për më shumë informata mund të na beni like faqen tone ne facebook Smart Real Estate,
bit.ly/2htS4cY
,  ose mund të na kontaktoni në këtë numër telefoni
044 393 777
WhatsApp & Viber
+38344 393 777
",2 EUR,60,2.00,60.0,Spitali,rent,,,,,,,
invalid,banesa-54799,Banes ne shitje ne lagjen Dardani 3+1,"Ofrohet PËR #Shitje- Super Banesë e këndshme në Lagjen Dardania në Prishtinë
96m²│3 Dhomë gjumi│Banjo │Sallon me kuzhine ndaras dhe shpajz | Kati 6-te
▬
Banesa ndodhet në katin e 6-rë, në kuadër të kompleksit afer banesave te gjelberta tek Busti  Bill Clintoni shumë pranë ""Kam Market dhe shkolles fillore Xhemajl Mustafa qerdhes se femijeve , rruga Bill Clinton ,pamje të hapur-me pamje kah qyteti organizim të mirë, e mobiluar lezetshem ,e përshtashem për persona qe deshirojne me jetu ne qetesi pa",1 EUR,96,1.00,96.0,Dardania,sale,,,,,,,
invalid,banesa-54897,Banes ne shitje ne lagjen Ulpiane 1+1,"Banesë ne shitje në lagjen Ulpiane,banesa gjendet te banesat e ish oficerave ne Ulpiane.Banesa eshte e mobiluar ne teresi.Banesa eshte e renovuar (ujesjellsi, dritare, rryma etj),posedon nxemje me Termokos.
Kati:4
Sipërfaqe:33 m2
Çmimi I shitjes:1400
Renditja:
♦Sallon me kuzhinë
♦Dhomë gjumi
♦Banjo
♦Ballkon
♦Korridor

Për më shumë informata mund të na beni like faqen tone ne facebook Smart Real Estate,
bit.ly/2htS4cY
,  ose mund të na kontaktoni në këtë numër telefoni
044 393 777
WhatsApp & Vibe","1,400 EUR",33,1400.00,33.0,Ulpiana,sale,,,,,,,
invalid,banesa-53903,Shiten 5 banesa ne lagjen Tophane,"Shiten 5 banesa në lagjen Tophane në kompleksin “Orhidea”.
Banesat kanë standard të lartë ndërtimi.
Banesat janë:
• Tip D:
Banesa ka 95.83 m2, është në katin e 6-të,banesa posedon lifte, sallon me kuzhine, 2 dhomë gjumi, depo, banjo, wc, ballkon.
Tip E:
Banesa ka 68.46 m2, është në katin e 3-të,banesa posedon lifte,sallon me kuzhine,1 dhomë gjumi banjo, korridor, ballkon.

• Tip I:
Banesa ka 59.56 m2, është në katin e 7-të,lifte posedon sallon me kuzhine, 1dhomë gjumi, banjo, korridor.
• Tip F:
","1,300 EUR",95,1300.00,95.0,Tophane,sale,,,,,,,
invalid,banesa-53677,Banes ne shitje ne lagjen Emshir 3+1,"Banesë ne shitje në lagjen Emshir,banesa eshte ndertes e re me garazh parking
Kati:
Sipërfaqe:117.45
Çmimi I shitjes:850 m2
Renditja:
♦Sallon me kuzhinë
♦3Dhomë gjumi
♦Banjo
♦Ballkon
♦Korridor

Për më shumë informata mund të na beni like faqen tone ne facebook Smart Real Estate,
bit.ly/2htS4cY
,  ose mund të na kontaktoni në këtë numër telefoni
044 393 777
WhatsApp & Viber
+38344 393 777
",850 EUR,117,850.00,117.0,Emshir,sale,,,,,,,
invalid,banesa-73819,Banese ne shitje ne Lagje te Spitalit,"Banese ne shitje ne Lagje te Spitalit, rruga: Muharrem Fejza, te Cima Construction.
Banesa ka kete renditje :
- Sallon
-Kuzhine
- Dhome gjumi
- Banjo
- Ballkon
- Korridor
Siperfaqe: 65m2
Cmimi 1250 euro m2

bit.ly/3n3a6PU

Per me shume informata mund te na kontaktoni ne numrin
049 124 677 WhatsApp dhe Viber +383 49 124 677
044 333 511 WhatsApp dhe Viber +383 44 333 511
","1,250 EUR",65,1250.00,65.0,Spitali,sale,,,,,,,
invalid,banesa-53072,Shitet banesa ne lagjen Tophane,"SHITET Banesë  në lagjen Tophane, rruga Pjeter Bogdani afer qendres dhe Viva Fresh dhe Baholleve, eshte e mobiluar ne teresi,
Kati:6 lift funksional, nxemja me kallda
Sipërfaqe:47m2
Çmimi i shitjes:1000 per m2 dhe shitet me mobile , si dhe banesa eshte e leshuar me qera afatgjate nje person.
Renditja:
♦Sallon me kuzhinë
♦Dhomë gjumi
♦Banjo
♦Ballkon
♦Korridor
Banesa nuk ka fleteposeduese ,kontrata behet te Avokati
Për më shumë informata mund të na beni like faqen tone ne facebook Smart Real Estat","1,000 EUR",47,1000.00,47.0,Tophane,sale,,,,,,,
invalid,banesa-51489,Banes ne shitje ne lagjen Arberi 2+1,"Banesë ne shitje në lagjen Arberia,afer ambasades se Austrise,ne lagjen me te kerkuar.Banesa eshte e mobiluar ne teresi dhe shitet me mobile te reja.
Kati:3
Sipërfaqe:78 m2
Çmimi I shitjes:1000E/m2
Renditja:
♦Sallon me kuzhinë
♦2Dhomë gjumi
♦Banjo
♦Ballkon
♦Korridor
Për më shumë informata mund të na beni like faqen tone ne facebook Smart Real Estate,
bit.ly/2htS4cY
,  ose mund të na kontaktoni në këtë numër telefoni
044/393-777
WhatsApp & Viber
+383 44 393-777","1,000 EUR",78,1000.00,78.0,Arbëria,sale,,,,,,,
invalid,banesa-51255,Banes ne shitje ne lagjen Arberi 2+1,"Banesë ne shitje në lagjen Arberia, te Tregtia, banesa eshte e mobiluar ne teresi, ka pamje shume te mire.lindje dhe perendim shume shpejte lidhet me termokos
Kati:5
Sipërfaqe:88 m2 netto
Çmimi I shitjes:1100 me mobile
Renditja:
♦Sallon me kuzhinë
♦2Dhomë gjumi
♦Banjo dhe wc
♦2 Ballkona
♦Korridor
Kontrata te Avokati shume shpejte pranimi teknik.

Për më shumë informata mund të na beni like faqen tone ne facebook Smart Real Estate,
bit.ly/2htS4cY
, ose mund të na kontaktoni në këtë numër telefoni","1,100 EUR",88,1100.00,88.0,Arbëria,sale,,,,,,,
invalid,banesa-50651,Banes ne shitje ne lagjen Arberi 1+1,"Banesë me shitje në lagjen Arberia, rr, Vicianum, Ahmet Krasniqi,kompleksi Tregtia,
Banesa eshte e mobiluar ne teresi
Kati:4 lift funkional&
Sipërfaqe:89.3 m2 Netto ,mundesia e kontrates tek Avokati nuk ka flete poseduese se shpejti kryhet.
Çmimi i shitjes: 1400 me mobile
Renditja:
♦Sallon me kuzhinë
♦2Dhomë gjumi
♦Banjo dhe shpajz
♦Ballkon
♦Korridor
Ne rast se don me leshu me qera kerkesa ka te shumta ne ate vend
Për më shumë informata mund të na beni like faqen tone ne facebook Smart Real Esta","1,400 EUR",89,1400.00,89.0,Arbëria,sale,,,,,,,
invalid,banesa-45268,Banese ne shitje ne Rrugen C_2+1,"Banesë ne shitje në lagjen Rruga C, te Parku Residence, banesa eshte e re, e paperfunduar,
Kati:7-te
Sipërfaqe:85m2
Çmimi I shitjes:850€/m2
Renditja:
♦Sallon me kuzhinë
♦2 Dhoma gjumi
♦Banjo
♦Ballkon
♦Korridor

Për më shumë informata mund të na beni like faqen tone ne facebook Smart Real Estate,
bit.ly/2htS4cY
,  ose mund të na kontaktoni në këtë numër telefoni
044/393-777
WhatsApp & Viber
+383 44 393 777",850 EUR,85,850.00,85.0,Lakrishte,sale,,,,,,,
invalid,banesa-45266,Banese me qira ne Mati 1,"Banesë ne shitje në lagjen Mati 1, rr. Muharrem Fejza afer Rruges A, e mobiluar ne teresi e re
Sipërfaqe:75m2
Çmimi I shitjes:69000€
Renditja:
♦Sallon me kuzhinë
♦2 Dhomë gjumi
♦Banjo
♦Ballkon
♦Korridor

Për më shumë informata mund të na beni like faqen tone ne facebook Smart Real Estate,
bit.ly/2htS4cY
,  ose mund të na kontaktoni në këtë numër telefoni
044/393-777
WhatsApp & Viber
+383 44 393 777
","69,000 EUR",75,69000.00,75.0,Mati,rent,,,,,,,
invalid,banesa-45137,Banese ne shitje ne Rrugen C_1+1,"Banesë ne shitje në Rrugen C, banesa eshte ne perfundim te punimeve, ka infrastrukture moderne
Sipërfaqe:64m2
Çmimi I shitjes:850€ m2
Renditja:
♦Sallon me kuzhinë
♦Dhomë gjumi
♦Banjo
♦Ballkon
♦Korridor

Për më shumë informata mund të na beni like faqen tone ne facebook Smart Real Estate,
bit.ly/2htS4cY
,  ose mund të na kontaktoni në këtë numër telefoni
044/393-777
WhatsApp & Viber
+383 44 393 777",850 EUR,64,850.00,64.0,Lakrishte,sale,,,,,,,
invalid,banesa-43649,Banese ne shitje ne lagjen Kalabria_2+1,"Banesë ne shitje në lagjen Kalabria, posedon ngrohje qëndrore me termokos, pamje të hapur dhe ndricim të lartë natyral. Eshte e mobiluar shumë mirë dhe e gatshme për banim të menjëhershëm.E gjithe Banesa eshte me pamje nga Lindja
Kati:2-te
Sipërfaqe:115
Çmimi I shitjes:850€
Renditja:
♦Sallon me kuzhinë
♦3 Dhomë gjumi
♦2 Banjo
♦2 Ballkona
♦Korridor

Për më shumë informata mund të na beni like faqen tone ne facebook Smart Real Estate,
bit.ly/2htS4cY
,  ose mund të na kontaktoni në këtë numër telef",850 EUR,115,850.00,115.0,Kalabria,sale,,,,,,,
invalid,banesa-43644,Banese ne shitje ne Aktash,"Banesë ne shitje në lagjen Aktash, rr.""Vellezerit Gervalla"", banesa eshte e renovuar, e pershtatshme per zyre ordinanc etj
Sipërfaqe:34m2
Çmimi I shitjes:1200€
Renditja:
♦Sallon
♦ kuzhinë ndaras
♦Banjo
♦Korridor

Për më shumë informata mund të na beni like faqen tone ne facebook Smart Real Estate,
bit.ly/2htS4cY
,  ose mund të na kontaktoni në këtë numër telefoni
044 393 777
WhatsApp & Viber
+383 44 393 777","1,200 EUR",34,1200.00,34.0,Aktash,sale,,,,,,,
invalid,banesa-77367,Banesë me qira në Arbëri,"Lëshohet me qira banesa në Arbëri, Është e mobiluar në tërësi në mënyrë moderne dhe shumë e përshtatshme për banim.
Banesa ka hapësirë të mjaftueshme për familjarë.
Ndodhet në katin e 1.
Banesa ka këtë renditje:
•	Sallon dhe Kuzhinë
•	3 Dhoma gjumi
•	Banjo
•	WC
•	Ballkon
•	Koridor

Kodi: 3132

Për më shumë informata mund të na beni like faqen tone ne facebook
Smart Real Estate,
bit.ly/2htS4cY
, si dhe
www.instagram.com/realestatesmart/

apo per me shume oferta apo banesa te lira:
www.merrmeqira.",1 EUR,0,1.00,,Arbëria,rent,,,,,,,
invalid,banesa-82395,SHITET banesa në lagjen Dardania,"SHITET banesa në lagjen Dardania, te Posta e Madhe, banesa është e mobiluar në tërësi.
Ndodhet në një lokacion shumë të përshtatshëm, afër Qendrës. Sistemin e ngrohjes e ka me Termokos. Ndodhet në katin e 8, ka ashensor funksional.
Banesa ka fletëposeduese, perkthimi te noteri.
Sipërfaqe: 60m²
Çmimi: 2000m²
Renditja
• Sallon dhe Kuzhinë (ndaras)
• Dhomë gjumi
• Banjo
• Ballkon
• Koridor
Kodi: 3691
Për më shumë informata mund të na beni like faqen tone ne facebook
Smart Real Estate,
bit.ly/2htS4c",1 EUR,60,1.00,60.0,Dardania,sale,,,,,,,
invalid,banesa-81847,Shitet Banesa në Arbëri,"SHITET banesa në lagjen Arbëria. Banesa është e re, e mobiluar në tërësi, e gatshme dhe shumë e përshtatshme për banim.
Banesa ka të gjitha pajisjet e nevojshme funksionale, ka hapësirë parkimi, gjithashtu ka fletë poseduese.
Çmimi: 1500m²
Rënditja
•	Sallon dhe Kuzhinë (ndaras)
•	2 Dhoma gjumi
•	Banjo
•	Ballkon
•	Koridor

Kodi: 3651

Për më shumë informata mund të na beni like faqen tone ne facebook
Smart Real Estate,
bit.ly/2htS4cY
, si dhe
www.instagram.com/realestatesmart/

apo per me shume o","1,500 EUR",1,1500.00,1500.0,Arbëria,sale,,,,,,,
invalid,banesa-80416,Banesë me qira te Prishtina e Re,"Lëshohet me qira banesa në lagjen Prishtina e Re. Banesa është e re, mobiluar në tërësi, e gatshme dhe shumë e përshtatshme për banim.
Banesa ka të gjitha pajisjet e nevojshme funksionale. Ndodhet në katin e 9, posedon ashensor.
Sipërfaqe: 65m²
Rënditja
• Sallon dhe Kuzhinë
• Dhomë gjumi
• Banjo
• Depo
• Koridor
Kodi: 3481
Për më shumë informata mund të na beni like faqen tone ne facebook
Smart Real Estate,
bit.ly/2htS4cY
, si dhe
www.instagram.com/realestatesmart/

apo per me shume oferta apo b",1 EUR,65,1.00,65.0,Pristina e Re,rent,,,,,,,
invalid,banesa-80170,Banesë me qira në Dardani,"Lëshohet me qira banesa në Dardani, afër Laboratorit Elita Plus. Banesa është e mobiluar dhe e përshtatshme për banim.
Banesa ndodhet në katin e parë.
Rënditja
• Sallon dhe Kuzhinë
• Dhomë gjumi
• Banjo
• Koridor
• Ballkon
Kodi: 3459
Për më shumë informata mund të na beni like faqen tone ne facebook
Smart Real Estate,
bit.ly/2htS4cY
, si dhe
www.instagram.com/realestatesmart/

apo per me shume oferta apo banesa te lira:
www.merrmeqira.com/user/profile/smart

gjirafa.com/…

esa&amp;llshp=Qira
ose",1 EUR,1,1.00,,Dardania,rent,,,,,,,
invalid,banesa-80153,Banesë me qira në Tophane,"Lëshohet me qira banesa në Tophane, afër Xhamisë dhe Albi Market. Banesa është e mobiluar në tërësi, në mënyrë moderne dhe shumë përshtatshme për banim.
Banesa ka të gjitha pajisjet e nevojshme funksionale.
Rënditja
• Sallon dhe Kuzhinë
• 2 Dhoma gjumi
• Banjo
• Koridor
• Ballkon
Kodi: 3456
Për më shumë informata mund të na beni like faqen tone ne facebook
Smart Real Estate,
bit.ly/2htS4cY
, si dhe
www.instagram.com/realestatesmart/

apo per me shume oferta apo banesa te lira:
www.merrmeqira.com",1 EUR,1,1.00,,Tophane,rent,,,,,,,
invalid,banesa-80101,Banesë me qira te Prishtina e Re,"Lëshohet me qira banesa te Prishtina e Re. Banesa është e mobiluar në tërësi dhe e përshtatshme për banim.
Banesa është në gjendje të re, ka të gjitha pajisjet fuksionale. Ndodhet në katin e dytë.
Sipërfaqja: 65m²
Rënditja
• Sallon dhe Kuzhinë
• Dhomë gjumi
• Banjo
• Ballkon
• Koridor
Kodi: 3448
Për më shumë informata mund të na beni like faqen tone ne facebook
Smart Real Estate,
bit.ly/2htS4cY
, si dhe
www.instagram.com/realestatesmart/

apo per me shume oferta apo banesa te lira:
www.merrmeqir",1 EUR,65,1.00,65.0,Pristina e Re,rent,,,,,,,
invalid,banesa-80085,Banesë në Shitje te Prishtina e Re,"SHITET banesa te Prishtina e Re. Banesa është në ndërtim e sipër, pritet të përfundoj Brenda 2 viteve.
Sipërfaqja: 85.41m²
Çmimi: 999m²
Rënditja
• Sallon dhe Kuzhinë
• 2 Dhoma gjumi
• Banjo
• WC
• Ballkon
• Koridor
Kodi: 3445
Për më shumë informata mund të na beni like faqen tone ne facebook
Smart Real Estate,
bit.ly/2htS4cY
, si dhe
www.instagram.com/realestatesmart/

apo per me shume oferta apo banesa te lira:
www.merrmeqira.com/user/profile/smart

gjirafa.com/…

esa&amp;llshp=Qira
ose mund të",1 EUR,85,1.00,85.0,Pristina e Re,sale,,,,,,,
invalid,banesa-84093,Banese (garsoniere) ne shitje ne lagjen Tophane,"Shittet banese /Garsoniere me ne lagjen Tophane e mobiluar në tërësi me te gjitha paisjet funksionale modern,
Banesa ndodhet ne katin e 8-te
Sipërfaqe: 34m2
Çmimi: 1300 /m2
Rënditja
• Sallon dhe Kuzhinë
• Banjo
• Ballkon nuk ka
• Koridor
Kontrata te avokati,nuk pranojme kompenzime
Kodi: 3825
Për më shumë informata mund të na beni like faqen tone ne facebook
Smart Real Estate,
bit.ly/2htS4cY
, si dhe
www.instagram.com/realestatesmart/

apo per me shume oferta apo banesa te lira:
www.merrmeqira.co","1,300 EUR",34,1300.00,34.0,Tophane,sale,,,,,,,
invalid,banesa-78498,Banesë me qira në Arbëri,"Ofrohet me qira banesa në Arbëri. Banesa është e mobiluar dhe është e përshtatshme për banim.
Rënditja:
• Sallon dhe Kuzhinë
• Dhomë gjumi
• Banjo
• Ballkon
Kodi: 3225
Për më shumë informata mund të na beni like faqen tone ne facebook
Smart Real Estate,
bit.ly/2htS4cY
, si dhe
www.instagram.com/realestatesmart/

apo per me shume oferta apo banesa te lira:
www.merrmeqira.com/user/profile/smart

gjirafa.com/…

esa&amp;llshp=Qira
ose mund të na kontaktoni në këtë numër telefoni
044 393 777
WhatsApp",1 EUR,1,1.00,,Arbëria,rent,,,,,,,
invalid,banesa-55441,Banese me qira ne lagjen Arberia 2+1,"Banesë me qira në lagjen  Arberia,ne rrugen Ahmet Krasniqi, perball me komunen e re.Banesa eshte ndertim i ri, ndertuar nga Krapi, e pa banuar me pare.Lift funksional.
Kati:3
Sipërfaqe:90 m2
Çmimi i qirasë:me marrveshje
Renditja:
♦Sallon me kuzhinë
♦2Dhomë gjumi
♦Banjo
♦Ballkon
♦Korridor

Për më shumë informata mund të na beni like faqen tone ne facebook Smart Real Estate,
bit.ly/2htS4cY
,  ose mund të na kontaktoni në këtë numër telefoni
044 393 777
WhatsApp & Viber
+38344 393 777

",1 EUR,90,1.00,90.0,Arbëria,rent,,,,,,,
invalid,banesa-75941,Banesë me qira në Dardani,"Lëshohet me qira banesa në lagjen Dardania. Është e mobiluar në tërësi dhe e gatshme për banim.
Ndodhet në katin e 6, posedon ashensor. Ka nxemje qendrore.
Banesa ka këtë renditje:
• Salloni dhe Kuzhinë
• 2 Dhoma Gjumi
• Banjo
• Ballkon
Kodi: 3046
Për më shumë informata mund të na beni like faqen tone ne facebook
Smart Real Estate,
bit.ly/2htS4cY
, si dhe
www.instagram.com/realestatesmart/

apo per me shume oferta apo banesa te lira:
www.merrmeqira.com/user/profile/smart

gjirafa.com/…

esa&amp;",1 EUR,1,1.00,,Dardania,rent,,,,,,,
invalid,banesa-54297,Banes ne shitje ne lagjen Mati 1 3+1,"Banesë ne shitje në lagjen Mati 1,ne rrugen Muharrem Fejza,perball shkolles Pavaresia.
Banesa eshte ndertuar nga kompania e mirenjohur BTP Holding,eshte e mobiluar ne teresi dhe shitet me mobile 1200 m2.Lift funksional.Kontrata behet te Noteri!
Kati:7
Sipërfaqe:117.32 m2
Çmimi I shitjes:1000
Renditja:
♦Sallon me kuzhinë
♦3Dhomë gjumi
♦2Banjo
♦2Ballkon
♦Korridor
♦Shpajz
Për më shumë informata mund të na beni like faqen tone ne facebook Smart Real Estate,
bit.ly/2htS4cY
,  ose mund të na kontakton","1,000 EUR",117,1000.00,117.0,Mati,sale,,,,,,,
invalid,banesa-33462,Shitet banese te Rruga C,"Shitet banese te Rruga C, ne objektin e Hig Center. Banesa eshte e pamobiluar, ndertim i ri. Gjendet ne katin e 6-te, lift funksional, me siperfaqe 91m2.

Renditja:
Sallon me kuzhine / 2 dhoma gjumi / banjo / depo / ballkon / korridor.
Çmimi:  750 € m2

Per me shume informata mund te na kontaktoni ne kete numer telefoni:
044 393 777
WhatsApp & Viber
044 393 777",750 EUR,91,750.00,91.0,Lakrishte,sale,,,,,,,
invalid,banesa-53666,Banes ne shitje ne lagjen Bregu i Diellit 1+1,"Banesë ne shitje në lagjen Bregu i Diellit,ne rrugen Vellerzerit Asllani.Banesa eshte me Orendi te reja.Banesa posedon dy lifta funksional.
Kati:7
Sipërfaqe:70 m2
Çmimi I shitjes:1000
Renditja:
♦Sallon me kuzhinë
♦1Dhomë gjumi
♦Banjo
♦Ballkon
♦Korridor
♦Shpajz
Për më shumë informata mund të na beni like faqen tone ne facebook Smart Real Estate,
bit.ly/2htS4cY
,  ose mund të na kontaktoni në këtë numër telefoni
044 393 777
WhatsApp & Viber
+38344 393 777
","1,000 EUR",70,1000.00,70.0,Bregu i Diellit,sale,,,,,,,
invalid,banesa-53663,Banes ne shitje ne lagjen Arberia 1+1,"Banesë ne shitje në lagjen Arberia,ne rrugen ku gjindet market Conad dhe Cacttus,afer objektit te komunes se re,permbi hekurudhe me pamje nga lindja.Ndertues dhe projektues i kompleksit banesor eshte kompania J&M Inxhinjering Sh.p.k.Banesa shitet me mobile,mund te përdoret edhe per afarizëm!
Kati:3
Sipërfaqe:72 m2
Çmimi I shitjes:1300
Renditja:
♦Sallon me kuzhinë ndamas
♦1Dhomë gjumi
♦Banjo
♦Ballkon
♦Korridor

Për më shumë informata mund të na beni like faqen tone ne facebook Smart Real Estate,
","1,300 EUR",72,1300.00,72.0,Arbëria,sale,,,,,,,
invalid,banesa-52175,Banes ne shitje ne lagjen Emshir 3+1,"Ofrohet PËR #Shitje- Banesë e këndshme në Lagjen Emshir në Prishtinë
109.8m²│3 Dhomë gjumi│Banjo dhe WC dhe Shpajz│Sallon me kuzhine dhe shpajz | Kati 2-t
▬
Banesa ndodhet në katin e 2-të, në kuadër të kompleksit ""Fitorja në  lagjen Emshir shumë pranë ""Roof Bistro"", rruga Ali Vitia /Sylejman Vuqiterna,pamje të hapur, organizim të mirë, e mobiluar lezetshem ,e përshtashem për persona qe deshirojne me leshu me qera pasiqe veq eshte e banuar me qeraxhi.
Banesa posedon fleteposeduese, perkthimi mbre",850 EUR,109,850.00,109.0,Emshir,sale,,,,,,,
invalid,banesa-50217,Banese ne shitje ne lagjen Kalabria_2+1,"Banesë ne shitje në lagjen Kalabria, banesa eshte e mobiluar ne teresi, ka pamje nga lindja, eshte e pershtatshme edhe per ndonje veprimtari afariste. Banesa ka dokumentacion te rregullt, posedon nxemje me Termokos
Kati:1
Sipërfaqe:84.5m2
Çmimi I shitjes:1750
Renditja:
♦Sallon me kuzhinë
♦Dhomë gjumi
♦Banjo
♦Ballkon
♦Korridor

Për më shumë informata mund të na beni like faqen tone ne facebook Smart Real Estate,
bit.ly/2htS4cY
,  ose mund të na kontaktoni në këtë numër telefoni
044/393-777
WhatsA","1,750 EUR",84,1750.00,84.0,Kalabria,sale,,,,,,,
invalid,banesa-51181,Leshohet banese(Kate Shpie' me qira ne Breg te Diellit,"Leshohet banese(Kate Shpie' me qira ne Breg te Diellit, Mati 1,banesa eshte komplet e mobilur, 106m2
Banesa ka kete renditje:
- 1 dhoma gjumi
- sallon dhe kuzhine
- banjo
- ballkon
- koridor
Qmimi 140€
bit.ly/3n3a6PU


Per me shume informata mund te na kontaktoni ne numrin
049 124 677
+383 49 124 677","140,000 EUR",65,140000.00,65.0,Bregu i Diellit,rent,,,,,,,
invalid,banesa-49741,Banese ne shitje ne lagjen Arberia 3+1,"Banesë me shitje në lagjen Arberia, rr, Ahmet Krasniqi, kompleksi Fia Constuction, perballe me komunen e re e pa mobiluar e gatshme menjehere me banu,nxemjet ner dysheme,tualeti Giberit ne muri,Dritaret xham Trepalesh ,klime Inverter ne sallon,kerramika e vendosura 40 euro m2,pamje Lindje, nderdsa dhoma e gjumit Jug kah Ambasada Amerikane

Kati:6
Sipërfaqe:116m2 ,
mundesia e kontrates tek Noteri nuk ka flete poseduese se shpejti kryhet.
Çmimi i shitjes: 1250 plus garazha 10000 plus 10000 kuzhina","1,250 EUR",116,1250.00,116.0,Arbëria,sale,,,,,,,
invalid,banesa-50134,Banese ne shitje ne lagjen Mati 1_2+1,"Banesë ne shitje në lagjen Mati 1, afer rruges C, banesa eshte e mobiluar ne teresi
Kati:7
Sipërfaqe:73.5
Çmimi I shitjes:1100
Renditja:
♦Sallon me kuzhinë
♦2 Dhomë gjumi
♦2 Banjo
♦Ballkon
♦Korridor

Për më shumë informata mund të na beni like faqen tone ne facebook Smart Real Estate,
bit.ly/2htS4cY
,  ose mund të na kontaktoni në këtë numër telefoni
044/393-777
WhatsApp & Viber
+383 44 393 777
","1,100 EUR",73,1100.00,73.0,Mati,sale,,,,,,,
invalid,banesa-45177,Banese ne shitje ne lagjen Emshir_2+1,"Banesë ne shitje në lagjen Emshir, eshte e pa mobiluar
Kati:3-te
Sipërfaqe:70m2
Çmimi I shitjes:800€
Renditja:
♦Sallon me kuzhinë
♦2 Dhoma gjumi
♦2 Banjo
♦Ballkon
♦Korridor
♦Depo

Për më shumë informata mund të na beni like faqen tone ne facebook Smart Real Estate,
bit.ly/2htS4cY
,  ose mund të na kontaktoni në këtë numër telefoni
044/393-777
WhatsApp & Viber
+383 44 393 777
",800 EUR,70,800.00,70.0,Emshir,sale,,,,,,,
invalid,banesa-43676,Banese ne shitje ne Emshir_2+1,"Banesë ne shitje në lagjen Emshir, pamje nga lindja
Kati:3
Sipërfaqe:88.5
Çmimi I shitjes:830€
Renditja:
♦Sallon me kuzhinë
♦2 Dhomë gjumi
♦Banjo
♦Ballkon
♦Korridor
♦ Shpajz

Për më shumë informata mund të na beni like faqen tone ne facebook Smart Real Estate,
bit.ly/2htS4cY
, ose mund të na kontaktoni në këtë numër telefoni
044/393-777
WhatsApp & Viber
+383 44 393 777",830 EUR,88,830.00,88.0,Emshir,sale,,,,,,,
invalid,banesa-77076,Banesë me qira në Aktash,"Lëshohet me qira banesa në Aktash, Banesa është e mobiluar dhe e gatshme për banim.
Banesa ndodhet te Extreme Pizza, në katin e 5, ashensor funksional. Sistemin e ngrohjes e ka me Termokos.
Sipërfaqja: 78m²
Banesa ka këtë renditje:
•	Sallon dhe Kuzhinë
•	Dhomë gjumi
•	Banjo
•	Ballkon
•	Koridor

Kodi: 3101

Për më shumë informata mund të na beni like faqen tone ne facebook
Smart Real Estate,
bit.ly/2htS4cY
, si dhe
www.instagram.com/realestatesmart/

apo per me shume oferta apo banesa te lira:
ww",1 EUR,78,1.00,78.0,Aktash,rent,,,,,,,
invalid,banesa-77032,Banesë/zyre me qira në Dardani,"Lëshohet me qira banesa/zyre në Dardani, në rrugën Bill Klinton.
Zyret jan të mobiluara dhe të gatshme për punë.
Sipërfaqe: 80m²
Banesa ka këtë renditje:
•	3 hapësira pune
•	Kuzhinë
•	Banjo
•	Ballkon
•	Koridor

Kodi: 3096

Për më shumë informata mund të na beni like faqen tone ne facebook
Smart Real Estate,
bit.ly/2htS4cY
, si dhe
www.instagram.com/realestatesmart/

apo per me shume oferta apo banesa te lira:
www.merrmeqira.com/user/profile/smart

gjirafa.com/…

esa&amp;llshp=Qira
ose mund të na",1 EUR,80,1.00,80.0,Dardania,rent,,,,,,,
